name,iterations,real_time,cpu_time,time_unit,bytes_per_second,items_per_second,label,error_occurred,error_message,"DTLB-misses","ITLB-misses","L1D-misses","L1I-misses","LLC-misses","avg_size","bits","branch-misses","cycles","duration","failures","instructions","retries","size","task-clock"
"InitialiseData_8/Construct/150/1/1/100000000/1000000000/10/iterations:5/manual_time",5,4305.69,5740.53,ms,,,,,,8.36544e+07,1678.66,3.05333e+08,457576,1.82854e+08,1.5e+08,12,40319.8,1.93095e+10,4305.69,0,7.20195e+09,0,1.5e+08,4.30556e+09
"BloomSectorized_Lemire_Murmur_8/Construct/150/1/1/100000000/1000000000/10/iterations:5/manual_time",5,4324.85,4324.84,ms,,,,,,8.29706e+07,1415.44,3.05214e+08,434489,1.82855e+08,1.5e+08,12,39591.7,1.93991e+10,4324.85,0,7.20278e+09,0,1.5e+08,4.32477e+09
"BloomSectorized_Lemire_Murmur_SIMD_8/Construct/150/1/1/100000000/1000000000/10/iterations:5/manual_time",5,2876.16,2876.2,ms,,,,,,6.93651e+07,907.304,2.08754e+08,305464,9.98437e+07,1.5e+08,12,28024.6,1.11912e+10,2876.16,0,2.67635e+09,0,1.5e+08,2.87611e+09
"BloomSectorized_Lemire_Murmur_Partitioned_8/Construct/150/1/1024/100000000/1000000000/10/iterations:5/manual_time",5,994.495,994.569,ms,,,,,,86191.8,333.995,2.83849e+08,100461,3.92352e+07,146516,12.0026,3.22689e+06,4.32507e+09,994.495,0,9.57679e+09,0,1.50033e+08,9.94494e+08
"BloomSectorized_Lemire_Murmur_Partitioned_SIMD_8/Construct/150/1/1024/100000000/1000000000/10/iterations:5/manual_time",5,866.864,866.952,ms,,,,,,79199.6,397.952,2.19286e+08,101638,3.90378e+07,146516,12.0026,3.28062e+06,3.41055e+09,866.864,0,4.97419e+09,0,1.50033e+08,8.66868e+08
"BloomSectorized_Lemire_Murmur_SIMD_Partitioned_8/Construct/150/1/1024/100000000/1000000000/10/iterations:5/manual_time",5,866.557,866.632,ms,,,,,,79173.3,257.027,2.19404e+08,100322,3.90676e+07,146516,12.0026,3.2917e+06,3.41252e+09,866.557,0,4.97561e+09,0,1.50033e+08,8.66549e+08
