name,iterations,real_time,cpu_time,time_unit,bytes_per_second,items_per_second,label,error_occurred,error_message,"DTLB-misses","ITLB-misses","L1D-misses","L1I-misses","LLC-misses","avg_size","bits","branch-misses","cycles","duration","failures","fpr","instructions","retries","size","task-clock"
"InitialiseData_8/Count/150/1/1/100000000/100000000/10/iterations:5/manual_time",5,2749.35,2749.35,ms,,,,,,9.60039e+07,855.302,2.6617e+08,267573,1.5263e+08,1.5e+08,12,9.78869e+07,1.23341e+10,2749.35,0,0.00421882,3.24587e+09,0,1.5e+08,2.74923e+09
"BloomSectorized_Lemire_Murmur_8/Count/150/1/1/100000000/100000000/10/iterations:5/manual_time",5,2752.21,2752.22,ms,,,,,,9.60108e+07,1005.01,2.66202e+08,261769,1.52576e+08,1.5e+08,12,9.78748e+07,1.23414e+10,2752.21,0,0.00421882,3.24603e+09,0,1.5e+08,2.7521e+09
"BloomSectorized_Lemire_Murmur_SIMD_8/Count/150/1/1/100000000/100000000/10/iterations:5/manual_time",5,1511.99,1512.04,ms,,,,,,9.60635e+07,1180.48,2.04728e+08,157901,9.98727e+07,1.5e+08,12,13563.8,5.88188e+09,1511.99,0,0.48657,1.86392e+09,0,1.5e+08,1.51193e+09
"BloomSectorized_Lemire_Murmur_Partitioned_8/Count/150/1/1024/100000000/100000000/10/iterations:5/manual_time",5,1422.68,1422.72,ms,,,,,,253396,406.494,2.36279e+08,147256,3.88651e+07,146516,12.0026,1.00713e+08,6.24753e+09,1422.68,0,0.0147921,5.75309e+09,0,1.50033e+08,1.42263e+09
"BloomSectorized_Lemire_Murmur_SIMD_Partitioned_8/Count/150/1/1024/100000000/100000000/10/iterations:5/manual_time",5,613.989,614.066,ms,,,,,,91513.1,331.002,2.1618e+08,67138.5,3.91762e+07,146516,12.0026,3.23464e+06,2.4283e+09,613.989,0,0.48658,4.11884e+09,0,1.50033e+08,6.13977e+08
"BloomSectorized_Lemire_Murmur_Partitioned_SIMD_8/Count/150/1/1024/100000000/100000000/10/iterations:5/manual_time",5,613.356,613.433,ms,,,,,,91263.4,259.486,2.16069e+08,71481.5,3.91138e+07,146516,12.0026,3.24026e+06,2.42585e+09,613.356,0,0.48658,4.1178e+09,0,1.50033e+08,6.13342e+08
