name,iterations,real_time,cpu_time,time_unit,bytes_per_second,items_per_second,label,error_occurred,error_message,"DTLB-misses","ITLB-misses","L1D-misses","L1I-misses","LLC-misses","avg_size","bits","branch-misses","cycles","duration","failures","fpr","instructions","retries","size","task-clock"
"InitialiseData_8/Count/150/1/1/100000000/100000000/10/iterations:5/manual_time",5,5197.53,5197.5,ms,,,,,,9.58848e+07,2810.79,3.03758e+08,541080,1.84282e+08,1.5e+08,12,45846.7,2.33211e+10,5197.53,0,0.00414744,1.07085e+10,0,1.5e+08,5.19739e+09
"BloomBlocked_Lemire_Murmur_8/Count/150/1/1/100000000/100000000/10/iterations:5/manual_time",5,5204.36,5204.33,ms,,,,,,9.58893e+07,2496.67,3.03835e+08,548102,1.84277e+08,1.5e+08,12,47516,2.3338e+10,5204.36,0,0.00414744,1.07086e+10,0,1.5e+08,5.20421e+09
"BloomBlocked_Lemire_Murmur_SIMD_8/Count/150/1/1/100000000/100000000/10/iterations:5/manual_time",5,2422.48,2422.5,ms,,,,,,9.60596e+07,2049.55,2.79061e+08,288016,1.63132e+08,1.5e+08,12,23210.5,9.4253e+09,2422.48,0,0.00414744,1.40407e+09,0,1.5e+08,2.4224e+09
"BloomBlocked_Lemire_Murmur_Partitioned_8/Count/150/1/1024/100000000/100000000/10/iterations:5/manual_time",5,1146.6,1146.69,ms,,,,,,89705.5,458.729,2.81648e+08,108637,3.87349e+07,146516,12.0026,3.2481e+06,5.01027e+09,1146.6,0,0.00412577,1.30264e+10,0,1.50033e+08,1.14657e+09
"BloomBlocked_Lemire_Murmur_SIMD_Partitioned_8/Count/150/1/1024/100000000/100000000/10/iterations:5/manual_time",5,752.931,753.052,ms,,,,,,91493.5,423.811,2.60667e+08,85765.6,3.89801e+07,146516,12.0026,3.26364e+06,2.96919e+09,752.931,0,0.00412577,3.67106e+09,0,1.50033e+08,7.52926e+08
"BloomBlocked_Lemire_Murmur_Partitioned_SIMD_8/Count/150/1/1024/100000000/100000000/10/iterations:5/manual_time",5,753.002,753.127,ms,,,,,,91497.7,584.836,2.60819e+08,85007.7,3.90067e+07,146516,12.0026,3.2695e+06,2.9675e+09,753.002,0,0.00412577,3.67803e+09,0,1.50033e+08,7.53002e+08
