name,iterations,real_time,cpu_time,time_unit,bytes_per_second,items_per_second,label,error_occurred,error_message,"DTLB-misses","ITLB-misses","L1D-misses","L1I-misses","LLC-misses","avg_size","bits","branch-misses","cycles","duration","failures","fpr","instructions","retries","size","task-clock"
"InitialiseData_8/Count/106/1/1/100000000/100000000/10/iterations:5/manual_time",5,3729.85,3729.87,ms,,,,,,1.88459e+08,3011.06,4.02462e+08,379647,1.85432e+08,1.06e+08,8.48,33590.4,1.67185e+10,3729.85,0,0.0292839,4.90594e+09,0,1.06e+08,3.72975e+09
"Cuckoo_Lemire_Murmur_8/Count/106/1/1/100000000/100000000/10/iterations:5/manual_time",5,3730.36,3730.37,ms,,,,,,1.88452e+08,1598.06,4.02417e+08,370353,1.85447e+08,1.06e+08,8.48,33182.1,1.67253e+10,3730.36,0,0.0292839,4.90642e+09,0,1.06e+08,3.73028e+09
"Cuckoo_Lemire_Murmur_SIMD_8/Count/106/1/1/100000000/100000000/10/iterations:5/manual_time",5,1829.4,1829.46,ms,,,,,,1.88259e+08,776.331,3.89555e+08,206174,1.75259e+08,1.06e+08,8.48,16207.4,7.11712e+09,1829.4,0,0.0292839,8.53158e+08,0,1.06e+08,1.82934e+09
"Cuckoo_Lemire_Murmur_Partitioned_8/Count/106/1/1024/100000000/100000000/10/iterations:5/manual_time",5,824.513,824.621,ms,,,,,,83214,446.815,2.8577e+08,81297.9,3.79993e+07,103518,8.48025,3.24938e+06,3.56403e+09,824.513,0,0.0292777,7.33609e+09,1,1.06003e+08,8.24498e+08
"Cuckoo_Lemire_Murmur_SIMD_Partitioned_8/Count/106/1/1024/100000000/100000000/10/iterations:5/manual_time",5,580.725,580.845,ms,,,,,,82935.1,331.107,2.76021e+08,62222.4,3.82365e+07,103518,8.48025,3.25889e+06,2.29661e+09,580.725,0,0.0292777,3.15576e+09,1,1.06003e+08,5.80725e+08
"Cuckoo_Lemire_Murmur_Partitioned_SIMD_8/Count/106/1/1024/100000000/100000000/10/iterations:5/manual_time",5,579.042,579.174,ms,,,,,,82736.3,308.276,2.76043e+08,61512.5,3.82084e+07,103518,8.48025,3.26101e+06,2.29204e+09,579.042,0,0.0292777,3.15645e+09,1,1.06003e+08,5.79051e+08
