name,iterations,real_time,cpu_time,time_unit,bytes_per_second,items_per_second,label,error_occurred,error_message,"DTLB-misses","ITLB-misses","L1D-misses","L1I-misses","LLC-misses","avg_size","bits","branch-misses","cycles","duration","failures","instructions","retries","size","task-clock"
"InitialiseData_8/Construct/106/1/1/100000000/1000000000/10/iterations:5/manual_time",5,15236.7,16668.8,ms,,,,,,1.96619e+08,7749.27,4.12749e+08,1.58214e+06,1.82736e+08,1.06e+08,8.48,3.84394e+07,6.82366e+10,15236.7,0,7.96131e+09,0,1.06e+08,1.5236e+10
"Cuckoo_Lemire_Murmur_8/Construct/106/1/1/100000000/1000000000/10/iterations:5/manual_time",5,15204.4,15204,ms,,,,,,1.96607e+08,8330.11,4.12819e+08,1.59062e+06,1.82345e+08,1.06e+08,8.48,3.84315e+07,6.81914e+10,15204.4,0,7.96139e+09,0,1.06e+08,1.52039e+10
"Cuckoo_Lemire_Murmur_Partitioned_8/Construct/106/1/1024/100000000/1000000000/10/iterations:5/manual_time",5,1682.93,1682.98,ms,,,,,,126095,1071.77,2.84247e+08,169019,3.79212e+07,103518,8.48025,4.33341e+07,7.41591e+09,1682.93,0,1.07335e+10,1,1.06003e+08,1.68289e+09
"Cuckoo_Lemire_Murmur_Partitioned_SIMD_8/Construct/106/1/1024/100000000/1000000000/10/iterations:5/manual_time",5,3107.6,3107.62,ms,,,,,,95467.3,4613.92,3.3395e+08,355962,3.90655e+07,103518,8.48025,1.68749e+07,1.38096e+10,3107.6,0,1.1788e+10,1,1.06003e+08,3.10753e+09
