name,iterations,real_time,cpu_time,time_unit,bytes_per_second,items_per_second,label,error_occurred,error_message,"DTLB-misses","ITLB-misses","L1D-misses","L1I-misses","LLC-misses","avg_size","bits","branch-misses","cycles","duration","failures","fpr","instructions","retries","size","task-clock"
"InitialiseData_8/Count/138/1/1/100000000/100000000/10/iterations:5/manual_time",5,7984.38,7984.25,ms,,,,,,1.437e+08,2303.83,4.30489e+08,851911,2.51461e+08,1.38e+08,11.04,4.55647e+07,3.58421e+10,7984.38,0,0.00417957,1.17504e+10,0,1.38e+08,7.98413e+09
"Morton_Lemire_Murmur_8/Count/138/1/1/100000000/100000000/10/iterations:5/manual_time",5,7987.66,7987.52,ms,,,,,,1.43802e+08,2249.95,4.30854e+08,888608,2.51559e+08,1.38e+08,11.04,4.56061e+07,3.58684e+10,7987.66,0,0.00417957,1.17509e+10,0,1.38e+08,7.98743e+09
"Morton_Lemire_Murmur_SIMD_8/Count/138/1/1/100000000/100000000/10/iterations:5/manual_time",5,4428.76,4428.75,ms,,,,,,1.35021e+08,3303.93,3.99605e+08,470432,2.31529e+08,1.38e+08,11.04,38057.4,1.72366e+10,4428.76,0,0.00416583,4.04523e+09,1,1.38e+08,4.42863e+09
"Morton_Lemire_Murmur_Partitioned_8/Count/138/1/1024/100000000/100000000/10/iterations:5/manual_time",5,1722.13,1722.21,ms,,,,,,154069,489.852,3.17905e+08,180437,3.84265e+07,134862,11.0479,4.8341e+07,7.58605e+09,1722.13,0,0.00418611,1.40595e+10,0,1.38099e+08,1.72211e+09
"Morton_Lemire_Murmur_SIMD_Partitioned_8/Count/138/1/1024/100000000/100000000/10/iterations:5/manual_time",5,1248.01,1248.13,ms,,,,,,93288.5,697.985,2.95567e+08,156651,3.85554e+07,134862,11.0479,3.21851e+06,4.89418e+09,1248.01,0,0.00416338,6.34546e+09,1024,1.38099e+08,1.248e+09
"Morton_Lemire_Murmur_Partitioned_SIMD_8/Count/138/1/1024/100000000/100000000/10/iterations:5/manual_time",5,1249.8,1249.91,ms,,,,,,93398.6,581.744,2.95434e+08,153603,3.86136e+07,134862,11.0479,3.22295e+06,4.90057e+09,1249.8,0,0.00416338,6.34577e+09,1024,1.38099e+08,1.24979e+09
