name,iterations,real_time,cpu_time,time_unit,bytes_per_second,items_per_second,label,error_occurred,error_message,"DTLB-misses","ITLB-misses","L1D-misses","L1I-misses","LLC-misses","avg_size","bits","branch-misses","cycles","duration","failures","fpr","instructions","retries","size","task-clock"
"InitialiseData_8/Count/123/1/1/100000000/100000000/10/iterations:5/manual_time",5,3268.57,3268.54,ms,,,,,,2.84797e+08,2352.13,5.82234e+08,346215,2.63616e+08,1.23e+08,9.84,30510.8,1.4664e+10,3268.57,0,0.00392187,3.80539e+09,0,1.23e+08,3.26843e+09
"Xor_Lemire_Murmur_8/Count/123/1/1/100000000/100000000/10/iterations:5/manual_time",5,3278.64,3278.63,ms,,,,,,2.84798e+08,2272.23,5.82797e+08,356803,2.63636e+08,1.23e+08,9.84,29245.7,1.47202e+10,3278.64,0,0.00392187,3.80553e+09,0,1.23e+08,3.27852e+09
"Xor_Lemire_Murmur_SIMD_8/Count/123/1/1/100000000/100000000/10/iterations:5/manual_time",5,2613.24,2613.28,ms,,,,,,2.84741e+08,1512.72,5.81875e+08,281826,2.63582e+08,1.23e+08,9.84,22937.1,1.01676e+10,2613.24,0,0.00392187,7.04547e+08,0,1.23e+08,2.61316e+09
"Xor_Lemire_Murmur_Partitioned_8/Count/123/1/1024/100000000/100000000/10/iterations:5/manual_time",5,627.569,627.688,ms,,,,,,87073.9,198.699,3.56167e+08,68805.5,3.8484e+07,120117,9.84005,3.27821e+06,2.67999e+09,627.569,0,0.00390868,6.02237e+09,0,1.23001e+08,6.27571e+08
"Xor_Lemire_Murmur_SIMD_Partitioned_8/Count/123/1/1024/100000000/100000000/10/iterations:5/manual_time",5,555.214,555.308,ms,,,,,,88687.5,351.135,3.55324e+08,57204.2,3.86124e+07,120117,9.84005,3.29241e+06,2.20208e+09,555.214,0,0.00390868,2.95507e+09,0,1.23001e+08,5.55206e+08
"Xor_Lemire_Murmur_Partitioned_SIMD_8/Count/123/1/1024/100000000/100000000/10/iterations:5/manual_time",5,554.709,554.823,ms,,,,,,88571.5,204.957,3.55348e+08,60120.1,3.86622e+07,120117,9.84005,3.29273e+06,2.19897e+09,554.709,0,0.00390868,2.95145e+09,0,1.23001e+08,5.54699e+08