name,iterations,real_time,cpu_time,time_unit,bytes_per_second,items_per_second,label,error_occurred,error_message,"DTLB-misses","ITLB-misses","L1D-misses","L1I-misses","LLC-misses","avg_size","bits","branch-misses","cycles","duration","failures","fpr","instructions","retries","size","task-clock"
"Bloom_Grouped2_Nonpart_AVX512_2/MTCount/200/48/1/10000/100000000/10/iterations:5/manual_time",5,4.5698,2.55832,ms,,,,,,207397,4458.32,1.28784e+07,11109.7,424798,5056,4.0448,432901,4.51137e+08,4.5698,0,0.153073,4.24129e+08,0,5056,1.31567e+08
"Bloom_Grouped2_Nonpart_AVX512_2/MTCount/250/48/1/10000/100000000/10/iterations:5/manual_time",5,4.67717,2.91253,ms,,,,,,205468,4641.97,1.28998e+07,10627.4,396533,6272,5.0176,690070,4.6646e+08,4.67717,0,0.108755,4.27727e+08,0,6272,1.31981e+08
"Bloom_Grouped2_Nonpart_AVX512_2/MTCount/300/48/1/10000/100000000/10/iterations:5/manual_time",5,4.73191,2.67933,ms,,,,,,206787,4949.42,1.27151e+07,11569.8,410458,7552,6.0416,1.08879e+06,4.95785e+08,4.73191,0,0.0800102,4.18797e+08,0,7552,1.42081e+08
"Bloom_Grouped2_Nonpart_AVX512_2/MTCount/350/48/1/10000/100000000/10/iterations:5/manual_time",5,5.08306,3.02863,ms,,,,,,204094,4716.79,1.29396e+07,11357.4,420895,8768,7.0144,1.52074e+06,5.32952e+08,5.08306,0,0.0621191,4.18154e+08,0,8768,1.50499e+08
"Bloom_Grouped2_Nonpart_AVX512_2/MTCount/400/48/1/10000/100000000/10/iterations:5/manual_time",5,5.28186,3.08595,ms,,,,,,205878,4876,1.31018e+07,11254.4,443044,10048,8.0384,2.03914e+06,5.74428e+08,5.28186,0,0.0491245,4.10534e+08,0,10048,1.62086e+08
"Bloom_Grouped2_Nonpart_AVX512_2/MTCount/450/48/1/10000/100000000/10/iterations:5/manual_time",5,5.51582,3.06374,ms,,,,,,203038,4752.08,1.32603e+07,12647.4,451992,11264,9.0112,2.50803e+06,6.09457e+08,5.51582,0,0.0400402,4.14818e+08,0,11264,1.71997e+08
"Bloom_Grouped2_Nonpart_AVX512_2/MTCount/500/48/1/10000/100000000/10/iterations:5/manual_time",5,5.7497,3.09295,ms,,,,,,204897,4634.5,1.3152e+07,12181.1,444356,12544,10.0352,3.03873e+06,6.48206e+08,5.7497,0,0.0331238,4.07242e+08,0,12544,1.81123e+08
"Bloom_Grouped2_Nonpart_AVX512_2/MTCount/550/48/1/10000/100000000/10/iterations:5/manual_time",5,5.95612,3.06735,ms,,,,,,202169,4230.08,1.36768e+07,12503.4,424702,13760,11.008,3.44649e+06,6.77335e+08,5.95612,0,0.0280631,4.05818e+08,0,13760,1.90519e+08
"Bloom_Grouped2_Nonpart_AVX512_2/MTCount/600/48/1/10000/100000000/10/iterations:5/manual_time",5,6.20124,2.606,ms,,,,,,205384,4041.22,1.35731e+07,14850.5,413876,15040,12.032,3.94666e+06,7.16602e+08,6.20124,0,0.023844,3.90227e+08,0,15040,2.01534e+08
"Bloom_Grouped2_Nonpart_AVX512_2/MTCount/650/48/1/10000/100000000/10/iterations:5/manual_time",5,6.24486,2.81698,ms,,,,,,204711,3565.4,1.41039e+07,13259.2,427313,16256,13.0048,4.35575e+06,7.3695e+08,6.24486,0,0.0207032,3.82294e+08,0,16256,2.0971e+08
"Bloom_Grouped2_Nonpart_AVX512_2/MTCount/700/48/1/10000/100000000/10/iterations:5/manual_time",5,6.55774,2.87807,ms,,,,,,203605,4352.12,1.48985e+07,15673.8,435452,17536,14.0288,4.72586e+06,7.8319e+08,6.55774,0,0.0180158,3.91711e+08,0,17536,2.19447e+08
"Bloom_Grouped2_Nonpart_AVX512_2/MTCount/750/48/1/10000/100000000/10/iterations:5/manual_time",5,6.64373,2.89876,ms,,,,,,204696,3582.69,1.55392e+07,15406.5,439464,18752,15.0016,5.05968e+06,8.06602e+08,6.64373,0,0.0159295,3.86321e+08,0,18752,2.26058e+08
"Bloom_Grouped2_Nonpart_AVX512_2/MTCount/800/48/1/10000/100000000/10/iterations:5/manual_time",5,6.91446,2.85766,ms,,,,,,204849,3602.16,1.61971e+07,15511.4,421519,20032,16.0256,5.46846e+06,8.36078e+08,6.91446,0,0.0140903,3.70412e+08,0,20032,2.36187e+08
"Bloom_Grouped2_Nonpart_AVX512_2/MTCount/850/48/1/10000/100000000/10/iterations:5/manual_time",5,7.20112,2.86939,ms,,,,,,204550,3501.1,1.73996e+07,18633.4,455319,21312,17.0496,5.74536e+06,8.74872e+08,7.20112,0,0.0125654,3.77096e+08,0,21312,2.44091e+08
"Bloom_Grouped2_Nonpart_AVX512_2/MTCount/900/48/1/10000/100000000/10/iterations:5/manual_time",5,7.23273,2.84737,ms,,,,,,203302,3713.58,1.9088e+07,18780.9,536407,22528,18.0224,5.92893e+06,8.96762e+08,7.23273,0,0.0113208,3.80113e+08,0,22528,2.50999e+08
"Bloom_Grouped2_Nonpart_AVX512_2/MTCount/950/48/1/10000/100000000/10/iterations:5/manual_time",5,7.35482,2.86114,ms,,,,,,205277,3362.99,2.01122e+07,19419,606985,23808,19.0464,6.17993e+06,9.16576e+08,7.35482,0,0.0102615,3.7098e+08,0,23808,2.56011e+08
"Bloom_Grouped2_Nonpart_AVX512_2/MTCount/1000/48/1/10000/100000000/10/iterations:5/manual_time",5,7.44492,2.85448,ms,,,,,,205006,3459.78,2.16053e+07,18560.6,619177,25024,20.0192,6.32234e+06,9.31881e+08,7.44492,0,0.00938125,3.67451e+08,0,25024,2.59818e+08
"Bloom_Grouped2_Nonpart_AVX512_2/MTCount/1050/48/1/10000/100000000/10/iterations:5/manual_time",5,7.53256,2.8601,ms,,,,,,205356,3461.27,2.37506e+07,17402.2,705905,26304,21.0432,6.4393e+06,9.44655e+08,7.53256,0,0.00852238,3.64801e+08,0,26304,2.63207e+08
"Bloom_Grouped2_Nonpart_AVX512_2/MTCount/1100/48/1/10000/100000000/10/iterations:5/manual_time",5,7.55088,2.83374,ms,,,,,,205607,3329.64,2.58575e+07,19202.8,780457,27520,22.016,6.44117e+06,9.46588e+08,7.55088,0,0.00783967,3.63149e+08,0,27520,2.64205e+08
"Bloom_Grouped2_Nonpart_AVX512_2/MTCount/1150/48/1/10000/100000000/10/iterations:5/manual_time",5,7.74274,2.84148,ms,,,,,,204940,3659.39,2.76068e+07,19869.1,804942,28800,23.04,6.49446e+06,9.57316e+08,7.74274,0,0.00718109,3.60517e+08,0,28800,2.66071e+08
"Bloom_Grouped2_Nonpart_AVX512_2/MTCount/1200/48/1/10000/100000000/10/iterations:5/manual_time",5,7.59214,2.85516,ms,,,,,,205228,3717.02,3.05281e+07,20953.9,893966,30016,24.0128,6.41835e+06,9.5248e+08,7.59214,0,0.00665793,3.60325e+08,0,30016,2.65441e+08
"Bloom_Grouped2_Nonpart_AVX512_2/MTCount/1250/48/1/10000/100000000/10/iterations:5/manual_time",5,7.55132,2.83762,ms,,,,,,204584,3231.97,3.25951e+07,18073.2,949190,31296,25.0368,6.41501e+06,9.47958e+08,7.55132,0,0.00615074,3.56367e+08,0,31296,2.65174e+08
"Bloom_Grouped2_Nonpart_AVX512_2/MTCount/1300/48/1/10000/100000000/10/iterations:5/manual_time",5,7.53839,2.84205,ms,,,,,,205377,3341.95,3.44257e+07,18444.5,951749,32512,26.0096,6.37412e+06,9.46093e+08,7.53839,0,0.00572624,3.52945e+08,0,32512,2.63466e+08
"Bloom_Grouped2_Nonpart_AVX512_2/MTCount/200/48/1/17783/100000000/10/iterations:5/manual_time",5,4.39506,2.86313,ms,,,,,,206629,4842.55,1.29515e+07,10370.6,426469,8896,4.00202,385837,4.50271e+08,4.39506,0,0.155178,4.3265e+08,0,8896,1.28027e+08
"Bloom_Grouped2_Nonpart_AVX512_2/MTCount/250/48/1/17783/100000000/10/iterations:5/manual_time",5,4.63433,2.80753,ms,,,,,,204771,4686.99,1.27265e+07,10727.7,397236,11136,5.00973,699498,4.77512e+08,4.63433,0,0.109222,4.3239e+08,0,11136,1.34388e+08
"Bloom_Grouped2_Nonpart_AVX512_2/MTCount/300/48/1/17783/100000000/10/iterations:5/manual_time",5,4.69481,3.00185,ms,,,,,,207838,5186.99,1.31833e+07,11177.1,413381,13376,6.01743,1.13148e+06,5.02099e+08,4.69481,0,0.0804676,4.01952e+08,0,13376,1.43357e+08
"Bloom_Grouped2_Nonpart_AVX512_2/MTCount/350/48/1/17783/100000000/10/iterations:5/manual_time",5,4.87789,3.05336,ms,,,,,,206758,5151.45,1.39399e+07,11765.3,419243,15616,7.02514,1.54438e+06,5.38779e+08,4.87789,0,0.0618677,4.2876e+08,0,15616,1.53063e+08
"Bloom_Grouped2_Nonpart_AVX512_2/MTCount/400/48/1/17783/100000000/10/iterations:5/manual_time",5,5.14701,2.99012,ms,,,,,,206173,4782.18,1.4804e+07,11498.4,396636,17792,8.00405,2.01714e+06,5.75338e+08,5.14701,0,0.0493494,4.09106e+08,0,17792,1.64112e+08
"Bloom_Grouped2_Nonpart_AVX512_2/MTCount/450/48/1/17783/100000000/10/iterations:5/manual_time",5,5.44429,2.95215,ms,,,,,,203055,4651.81,1.60518e+07,13029.2,408281,20032,9.01175,2.51316e+06,6.24917e+08,5.44429,0,0.0400496,4.15952e+08,0,20032,1.76581e+08
"Bloom_Grouped2_Nonpart_AVX512_2/MTCount/500/48/1/17783/100000000/10/iterations:5/manual_time",5,5.77505,2.90631,ms,,,,,,203317,4327.9,1.80207e+07,13530.5,472537,22272,10.0195,3.03452e+06,6.75921e+08,5.77505,0,0.0332294,4.07868e+08,0,22272,1.89339e+08
"Bloom_Grouped2_Nonpart_AVX512_2/MTCount/550/48/1/17783/100000000/10/iterations:5/manual_time",5,6.01165,2.96127,ms,,,,,,205886,4455.87,2.07557e+07,12085.5,546927,24512,11.0272,3.48854e+06,7.09716e+08,6.01165,0,0.0278416,3.99199e+08,0,24512,2.01064e+08
"Bloom_Grouped2_Nonpart_AVX512_2/MTCount/600/48/1/17783/100000000/10/iterations:5/manual_time",5,6.32256,2.89404,ms,,,,,,205312,3941.73,2.42055e+07,13911.4,639495,26688,12.0061,3.91089e+06,7.59132e+08,6.32256,0,0.0239839,3.97873e+08,0,26688,2.13003e+08
"Bloom_Grouped2_Nonpart_AVX512_2/MTCount/650/48/1/17783/100000000/10/iterations:5/manual_time",5,6.65567,2.85633,ms,,,,,,204211,3633.25,2.75827e+07,16568.9,728169,28928,13.0138,4.31586e+06,8.03836e+08,6.65567,0,0.0206975,3.93194e+08,0,28928,2.24768e+08
"Bloom_Grouped2_Nonpart_AVX512_2/MTCount/700/48/1/17783/100000000/10/iterations:5/manual_time",5,6.93211,2.87045,ms,,,,,,204406,3622.46,3.16278e+07,15383,849489,31168,14.0215,4.74518e+06,8.42787e+08,6.93211,0,0.0180701,3.85725e+08,0,31168,2.37111e+08
"Bloom_Grouped2_Nonpart_AVX512_2/MTCount/750/48/1/17783/100000000/10/iterations:5/manual_time",5,7.08502,2.88791,ms,,,,,,204230,3153.71,3.57371e+07,15045.8,859250,33344,15.0004,5.04065e+06,8.73757e+08,7.08502,0,0.0159517,3.89864e+08,0,33344,2.44863e+08
"Bloom_Grouped2_Nonpart_AVX512_2/MTCount/800/48/1/17783/100000000/10/iterations:5/manual_time",5,7.37477,2.77691,ms,,,,,,203879,3516.85,3.96513e+07,18559.9,868578,35584,16.0081,5.38319e+06,9.06124e+08,7.37477,0,0.0141343,3.84843e+08,0,35584,2.53663e+08
"Bloom_Grouped2_Nonpart_AVX512_2/MTCount/850/48/1/17783/100000000/10/iterations:5/manual_time",5,7.44599,2.83335,ms,,,,,,204427,3492.96,4.364e+07,19169.6,907509,37824,17.0158,5.64529e+06,9.25124e+08,7.44599,0,0.0126562,3.83675e+08,0,37824,2.59559e+08
"Bloom_Grouped2_Nonpart_AVX512_2/MTCount/900/48/1/17783/100000000/10/iterations:5/manual_time",5,7.57183,2.81855,ms,,,,,,206056,3223.46,4.61609e+07,17702.5,920715,40064,18.0235,5.97048e+06,9.44386e+08,7.57183,0,0.0113455,3.72513e+08,0,40064,2.64762e+08
"Bloom_Grouped2_Nonpart_AVX512_2/MTCount/950/48/1/17783/100000000/10/iterations:5/manual_time",5,7.66522,2.84785,ms,,,,,,206018,3467.63,4.92858e+07,19949.1,935557,42240,19.0024,6.13096e+06,9.58942e+08,7.66522,0,0.010283,3.72948e+08,0,42240,2.68251e+08
"Bloom_Grouped2_Nonpart_AVX512_2/MTCount/1000/48/1/17783/100000000/10/iterations:5/manual_time",5,7.78376,2.86625,ms,,,,,,207925,3875.12,5.16453e+07,21462.4,941715,44480,20.0101,6.32041e+06,9.73378e+08,7.78376,0,0.00935951,3.67973e+08,0,44480,2.71724e+08
"Bloom_Grouped2_Nonpart_AVX512_2/MTCount/1050/48/1/17783/100000000/10/iterations:5/manual_time",5,7.7752,2.84271,ms,,,,,,206295,3314.89,5.43298e+07,18499,937157,46720,21.0178,6.42533e+06,9.73002e+08,7.7752,0,0.0085608,3.62198e+08,0,46720,2.73716e+08
"Bloom_Grouped2_Nonpart_AVX512_2/MTCount/1100/48/1/17783/100000000/10/iterations:5/manual_time",5,7.86875,2.89577,ms,,,,,,207373,3784.14,5.63093e+07,21572.4,951434,48960,22.0255,6.48827e+06,9.84708e+08,7.86875,0,0.00779525,3.62161e+08,0,48960,2.73879e+08
"Bloom_Grouped2_Nonpart_AVX512_2/MTCount/1150/48/1/17783/100000000/10/iterations:5/manual_time",5,7.81644,2.86839,ms,,,,,,206844,3236.9,5.83773e+07,19547.3,967658,51136,23.0044,6.51234e+06,9.77889e+08,7.81644,0,0.00720022,3.55704e+08,0,51136,2.74444e+08
"Bloom_Grouped2_Nonpart_AVX512_2/MTCount/1200/48/1/17783/100000000/10/iterations:5/manual_time",5,7.8155,2.83912,ms,,,,,,206239,3400.42,6.10476e+07,21392.2,982583,53376,24.0121,6.44194e+06,9.73942e+08,7.8155,0,0.00664464,3.57403e+08,0,53376,2.72326e+08
"Bloom_Grouped2_Nonpart_AVX512_2/MTCount/1250/48/1/17783/100000000/10/iterations:5/manual_time",5,7.75446,2.85324,ms,,,,,,206341,3800.89,6.3739e+07,20428.4,984856,55616,25.0199,6.38396e+06,9.71601e+08,7.75446,0,0.00614854,3.60251e+08,0,55616,2.71769e+08
"Bloom_Grouped2_Nonpart_AVX512_2/MTCount/1300/48/1/17783/100000000/10/iterations:5/manual_time",5,7.79183,2.80413,ms,,,,,,204983,3058,6.4273e+07,18636.7,978993,57856,26.0276,6.37497e+06,9.66223e+08,7.79183,0,0.00572994,3.53401e+08,0,57856,2.70468e+08
"Bloom_Grouped2_Nonpart_AVX512_2/MTCount/200/48/1/31623/100000000/10/iterations:5/manual_time",5,4.52487,2.86255,ms,,,,,,207619,4554.06,1.38245e+07,10718.8,392179,15872,4.01531,405834,4.58993e+08,4.52487,0,0.154589,4.33341e+08,0,15872,1.29558e+08
"Bloom_Grouped2_Nonpart_AVX512_2/MTCount/250/48/1/31623/100000000/10/iterations:5/manual_time",5,4.62118,2.89773,ms,,,,,,206857,5061.57,1.58605e+07,11373.2,397674,19776,5.00294,672435,4.83143e+08,4.62118,0,0.109076,4.20445e+08,0,19776,1.37143e+08
"Bloom_Grouped2_Nonpart_AVX512_2/MTCount/300/48/1/31623/100000000/10/iterations:5/manual_time",5,4.98974,2.88658,ms,,,,,,207715,4807.9,1.9784e+07,10992.2,503638,23744,6.00677,1.09349e+06,5.41749e+08,4.98974,0,0.0807254,4.15952e+08,0,23744,1.51764e+08
"Bloom_Grouped2_Nonpart_AVX512_2/MTCount/350/48/1/31623/100000000/10/iterations:5/manual_time",5,5.40353,3.03269,ms,,,,,,205141,4703.46,2.6035e+07,11769.3,635868,27712,7.01059,1.5562e+06,5.97667e+08,5.40353,0,0.0618593,4.28047e+08,0,27712,1.6725e+08
"Bloom_Grouped2_Nonpart_AVX512_2/MTCount/400/48/1/31623/100000000/10/iterations:5/manual_time",5,5.78826,3.00608,ms,,,,,,203080,4508.92,3.26328e+07,14067,803526,31680,8.01442,2.00293e+06,6.63196e+08,5.78826,0,0.0491621,4.22668e+08,0,31680,1.8419e+08
"Bloom_Grouped2_Nonpart_AVX512_2/MTCount/450/48/1/31623/100000000/10/iterations:5/manual_time",5,6.07466,3.01911,ms,,,,,,204574,4012.42,3.91146e+07,14305.3,841044,35584,9.00206,2.51295e+06,7.09115e+08,6.07466,0,0.0401527,4.14671e+08,0,35584,1.96522e+08
"Bloom_Grouped2_Nonpart_AVX512_2/MTCount/500/48/1/31623/100000000/10/iterations:5/manual_time",5,6.53035,3.0097,ms,,,,,,205517,3831.95,4.46283e+07,14227.1,864682,39552,10.0059,3.05964e+06,7.46702e+08,6.53035,0,0.0332481,3.98732e+08,0,39552,2.09167e+08
"Bloom_Grouped2_Nonpart_AVX512_2/MTCount/550/48/1/31623/100000000/10/iterations:5/manual_time",5,6.61875,2.9576,ms,,,,,,204637,3740.5,5.05772e+07,13005.8,877981,43520,11.0097,3.46756e+06,7.75981e+08,6.61875,0,0.0280418,4.04547e+08,0,43520,2.17252e+08
"Bloom_Grouped2_Nonpart_AVX512_2/MTCount/600/48/1/31623/100000000/10/iterations:5/manual_time",5,6.78403,3.01949,ms,,,,,,203608,3524.79,5.53249e+07,17034.1,905212,47488,12.0135,3.89916e+06,8.10715e+08,6.78403,0,0.0239913,4.01647e+08,0,47488,2.26551e+08
"Bloom_Grouped2_Nonpart_AVX512_2/MTCount/650/48/1/31623/100000000/10/iterations:5/manual_time",5,6.97937,2.54552,ms,,,,,,205329,2987.67,5.74344e+07,18677.3,881829,51392,13.0012,4.33265e+06,8.3613e+08,6.97937,0,0.0207333,3.88772e+08,0,51392,2.35787e+08
"Bloom_Grouped2_Nonpart_AVX512_2/MTCount/700/48/1/31623/100000000/10/iterations:5/manual_time",5,7.37206,2.55838,ms,,,,,,206755,3054.89,6.34279e+07,20439.9,917369,55360,14.005,4.65402e+06,8.52069e+08,7.37206,0,0.0181113,3.88839e+08,0,55360,2.42473e+08
"Bloom_Grouped2_Nonpart_AVX512_2/MTCount/750/48/1/31623/100000000/10/iterations:5/manual_time",5,7.65131,2.93568,ms,,,,,,206658,3513.36,6.70725e+07,19542.3,916028,59328,15.0088,5.01626e+06,8.86543e+08,7.65131,0,0.015945,3.88562e+08,0,59328,2.50962e+08
"Bloom_Grouped2_Nonpart_AVX512_2/MTCount/800/48/1/31623/100000000/10/iterations:5/manual_time",5,7.86485,2.98334,ms,,,,,,207466,3596.16,6.93956e+07,21006.2,907705,63296,16.0126,5.35666e+06,9.12417e+08,7.86485,0,0.0142087,3.83716e+08,0,63296,2.56113e+08
"Bloom_Grouped2_Nonpart_AVX512_2/MTCount/850/48/1/31623/100000000/10/iterations:5/manual_time",5,7.79516,2.5393,ms,,,,,,206832,2490.04,6.93232e+07,19682.1,897443,67200,17.0003,5.72753e+06,9.41782e+08,7.79516,0,0.0126809,3.7483e+08,0,67200,2.64844e+08
"Bloom_Grouped2_Nonpart_AVX512_2/MTCount/900/48/1/31623/100000000/10/iterations:5/manual_time",5,7.83961,2.85316,ms,,,,,,206707,3266.69,7.2289e+07,18543.4,933965,71168,18.0041,5.96856e+06,9.53565e+08,7.83961,0,0.0114286,3.73604e+08,0,71168,2.68844e+08
"Bloom_Grouped2_Nonpart_AVX512_2/MTCount/950/48/1/31623/100000000/10/iterations:5/manual_time",5,7.76688,2.84407,ms,,,,,,208450,3850.13,7.52066e+07,22006.9,944010,75136,19.0079,6.13013e+06,9.72441e+08,7.76688,0,0.010303,3.74891e+08,0,75136,2.73557e+08
"Bloom_Grouped2_Nonpart_AVX512_2/MTCount/1000/48/1/31623/100000000/10/iterations:5/manual_time",5,7.89018,2.84503,ms,,,,,,207179,3701.06,7.65856e+07,21144.7,941517,79104,20.0118,6.30382e+06,9.83909e+08,7.89018,0,0.00934456,3.70816e+08,0,79104,2.76181e+08
"Bloom_Grouped2_Nonpart_AVX512_2/MTCount/1050/48/1/31623/100000000/10/iterations:5/manual_time",5,8.0394,3.091,ms,,,,,,208227,3938.21,7.71137e+07,20369.8,937479,83072,21.0156,6.45858e+06,9.91462e+08,8.0394,0,0.0085584,3.64437e+08,0,83072,2.76363e+08
"Bloom_Grouped2_Nonpart_AVX512_2/MTCount/1100/48/1/31623/100000000/10/iterations:5/manual_time",5,8.04942,3.10018,ms,,,,,,206945,3645.26,7.89248e+07,20591,937465,86976,22.0032,6.47988e+06,9.88956e+08,8.04942,0,0.00786017,3.63194e+08,0,86976,2.76652e+08
"Bloom_Grouped2_Nonpart_AVX512_2/MTCount/1150/48/1/31623/100000000/10/iterations:5/manual_time",5,8.00848,3.12494,ms,,,,,,207450,3370.75,8.02824e+07,18761.6,919388,90944,23.0071,6.49995e+06,9.88163e+08,8.00848,0,0.00722022,3.60986e+08,0,90944,2.75957e+08
"Bloom_Grouped2_Nonpart_AVX512_2/MTCount/1200/48/1/31623/100000000/10/iterations:5/manual_time",5,7.91259,2.97031,ms,,,,,,206756,2948.6,8.15187e+07,18587.8,940583,94912,24.0109,6.46859e+06,9.78897e+08,7.91259,0,0.00668587,3.57512e+08,0,94912,2.74647e+08
"Bloom_Grouped2_Nonpart_AVX512_2/MTCount/1250/48/1/31623/100000000/10/iterations:5/manual_time",5,7.95101,3.06208,ms,,,,,,208741,3494.21,8.23441e+07,19200.9,957095,98880,25.0147,6.47669e+06,9.80788e+08,7.95101,0,0.00618577,3.5245e+08,0,98880,2.73596e+08
"Bloom_Grouped2_Nonpart_AVX512_2/MTCount/1300/48/1/31623/100000000/10/iterations:5/manual_time",5,7.84257,2.99644,ms,,,,,,206170,3199.35,8.36511e+07,20086.4,957007,102784,26.0023,6.38667e+06,9.70214e+08,7.84257,0,0.00576112,3.5271e+08,0,102784,2.71618e+08
"Bloom_Grouped2_Nonpart_AVX512_2/MTCount/200/48/1/56234/100000000/10/iterations:5/manual_time",5,4.96116,2.89275,ms,,,,,,208682,4867.79,2.65867e+07,11290.3,581627,28160,4.00612,392810,5.19727e+08,4.96116,0,0.155252,4.26748e+08,0,28160,1.46092e+08
"Bloom_Grouped2_Nonpart_AVX512_2/MTCount/250/48/1/56234/100000000/10/iterations:5/manual_time",5,5.60021,2.98831,ms,,,,,,205574,4698.62,3.93085e+07,12166,821240,35200,5.00765,668227,5.84417e+08,5.60021,0,0.109202,4.46689e+08,0,35200,1.63726e+08
"Bloom_Grouped2_Nonpart_AVX512_2/MTCount/300/48/1/56234/100000000/10/iterations:5/manual_time",5,5.58809,3.02767,ms,,,,,,206578,4509.27,4.90402e+07,11161.9,840023,42176,6.00007,1.07808e+06,6.20085e+08,5.58809,0,0.0812134,4.23708e+08,0,42176,1.73428e+08
"Bloom_Grouped2_Nonpart_AVX512_2/MTCount/350/48/1/56234/100000000/10/iterations:5/manual_time",5,5.98614,3.16124,ms,,,,,,206234,4710.11,5.60663e+07,12661.7,869216,49216,7.0016,1.54899e+06,6.56857e+08,5.98614,0,0.0623468,4.19721e+08,0,49216,1.83614e+08
"Bloom_Grouped2_Nonpart_AVX512_2/MTCount/400/48/1/56234/100000000/10/iterations:5/manual_time",5,6.31145,2.85612,ms,,,,,,208786,4304.52,6.2789e+07,13118.3,866550,56256,8.00313,2.05092e+06,6.75154e+08,6.31145,0,0.0495177,4.05439e+08,0,56256,1.92277e+08
"Bloom_Grouped2_Nonpart_AVX512_2/MTCount/450/48/1/56234/100000000/10/iterations:5/manual_time",5,6.27833,3.01369,ms,,,,,,202866,4122.52,6.83303e+07,13626.1,865086,63296,9.00466,2.4827e+06,7.19059e+08,6.27833,0,0.0403334,4.22059e+08,0,63296,2.01672e+08
"Bloom_Grouped2_Nonpart_AVX512_2/MTCount/500/48/1/56234/100000000/10/iterations:5/manual_time",5,6.45668,2.99407,ms,,,,,,204246,3875.76,7.12959e+07,15426.4,875636,70336,10.0062,2.98473e+06,7.5167e+08,6.45668,0,0.033424,4.10472e+08,0,70336,2.10427e+08
"Bloom_Grouped2_Nonpart_AVX512_2/MTCount/550/48/1/56234/100000000/10/iterations:5/manual_time",5,6.72906,3.02896,ms,,,,,,205225,3646.87,7.37403e+07,17526,904257,77376,11.0077,3.49079e+06,7.8778e+08,6.72906,0,0.0281289,4.0273e+08,0,77376,2.20358e+08
"Bloom_Grouped2_Nonpart_AVX512_2/MTCount/600/48/1/56234/100000000/10/iterations:5/manual_time",5,6.93927,3.07745,ms,,,,,,204697,3376.93,7.68468e+07,15908,918901,84352,12.0001,3.9325e+06,8.21078e+08,6.93927,0,0.0241162,3.99217e+08,0,84352,2.30284e+08
"Bloom_Grouped2_Nonpart_AVX512_2/MTCount/650/48/1/56234/100000000/10/iterations:5/manual_time",5,7.06531,3.10557,ms,,,,,,205296,3659.44,8.01591e+07,17099.7,891214,91392,13.0017,4.30587e+06,8.46422e+08,7.06531,0,0.0208218,3.9628e+08,0,91392,2.38132e+08
"Bloom_Grouped2_Nonpart_AVX512_2/MTCount/700/48/1/56234/100000000/10/iterations:5/manual_time",5,7.35518,3.05411,ms,,,,,,203654,3743.73,8.39673e+07,18222.9,895572,98432,14.0032,4.6733e+06,8.7456e+08,7.35518,0,0.0181556,3.96773e+08,0,98432,2.46381e+08
"Bloom_Grouped2_Nonpart_AVX512_2/MTCount/750/48/1/56234/100000000/10/iterations:5/manual_time",5,7.47009,3.06011,ms,,,,,,203963,3675.54,8.61731e+07,16944,912151,105472,15.0047,5.01134e+06,9.01195e+08,7.47009,0,0.0160262,3.9559e+08,0,105472,2.54531e+08
"Bloom_Grouped2_Nonpart_AVX512_2/MTCount/800/48/1/56234/100000000/10/iterations:5/manual_time",5,7.62803,3.0896,ms,,,,,,207035,3216.53,8.49662e+07,18341.5,913465,112512,16.0063,5.44e+06,9.26939e+08,7.62803,0,0.0142,3.7884e+08,0,112512,2.6094e+08
"Bloom_Grouped2_Nonpart_AVX512_2/MTCount/850/48/1/56234/100000000/10/iterations:5/manual_time",5,7.76938,3.09766,ms,,,,,,207304,3616.02,8.84192e+07,19366.3,939312,119552,17.0078,5.66723e+06,9.4532e+08,7.76938,0,0.0126907,3.81936e+08,0,119552,2.65342e+08
"Bloom_Grouped2_Nonpart_AVX512_2/MTCount/900/48/1/56234/100000000/10/iterations:5/manual_time",5,7.91892,3.08102,ms,,,,,,205136,3660.06,9.01055e+07,18355.2,909139,126528,18.0002,5.92219e+06,9.62123e+08,7.91892,0,0.0114666,3.80312e+08,0,126528,2.7165e+08
"Bloom_Grouped2_Nonpart_AVX512_2/MTCount/950/48/1/56234/100000000/10/iterations:5/manual_time",5,7.95756,3.13045,ms,,,,,,207558,3490.26,9.02821e+07,18998.7,900664,133568,19.0017,6.14182e+06,9.74781e+08,7.95756,0,0.0103395,3.73709e+08,0,133568,2.74019e+08
"Bloom_Grouped2_Nonpart_AVX512_2/MTCount/1000/48/1/56234/100000000/10/iterations:5/manual_time",5,8.00259,3.12406,ms,,,,,,209571,3939.39,9.04779e+07,21635.8,947891,140608,20.0033,6.33529e+06,9.89094e+08,8.00259,0,0.00940479,3.67855e+08,0,140608,2.76696e+08
"Bloom_Grouped2_Nonpart_AVX512_2/MTCount/1050/48/1/56234/100000000/10/iterations:5/manual_time",5,8.26178,3.04354,ms,,,,,,208867,3624.82,9.1098e+07,21306.8,937061,147648,21.0048,6.44565e+06,9.89551e+08,8.26178,0,0.00858692,3.62374e+08,0,147648,2.79085e+08
"Bloom_Grouped2_Nonpart_AVX512_2/MTCount/1100/48/1/56234/100000000/10/iterations:5/manual_time",5,8.06155,3.11451,ms,,,,,,209908,3698.69,9.16022e+07,20468,959554,154688,22.0063,6.50386e+06,9.93741e+08,8.06155,0,0.00785222,3.59605e+08,0,154688,2.78129e+08
"Bloom_Grouped2_Nonpart_AVX512_2/MTCount/1150/48/1/56234/100000000/10/iterations:5/manual_time",5,8.03359,3.04087,ms,,,,,,210122,3274.32,9.24216e+07,19498,969662,161728,23.0079,6.53659e+06,9.96119e+08,8.03359,0,0.00723609,3.5972e+08,0,161728,2.78406e+08
"Bloom_Grouped2_Nonpart_AVX512_2/MTCount/1200/48/1/56234/100000000/10/iterations:5/manual_time",5,8.01101,3.14668,ms,,,,,,209305,3565.44,9.36543e+07,19527.6,996569,168704,24.0003,6.50362e+06,9.88679e+08,8.01101,0,0.0066923,3.57542e+08,0,168704,2.7706e+08
"Bloom_Grouped2_Nonpart_AVX512_2/MTCount/1250/48/1/56234/100000000/10/iterations:5/manual_time",5,7.9604,3.10775,ms,,,,,,207460,3437.12,9.49041e+07,17020.7,939519,175744,25.0018,6.43127e+06,9.77133e+08,7.9604,0,0.00620401,3.56794e+08,0,175744,2.75096e+08
"Bloom_Grouped2_Nonpart_AVX512_2/MTCount/1300/48/1/56234/100000000/10/iterations:5/manual_time",5,7.92442,3.0765,ms,,,,,,208948,3565.32,9.61327e+07,19988.5,984184,182784,26.0033,6.32582e+06,9.68212e+08,7.92442,0,0.00575561,3.5372e+08,0,182784,2.71925e+08
"Bloom_Grouped2_Nonpart_AVX512_2/MTCount/200/48/1/100000/100000000/10/iterations:5/manual_time",5,5.34129,2.97963,ms,,,,,,207723,4808.6,5.81238e+07,11477,861939,50048,4.00384,357269,5.80341e+08,5.34129,0,0.155754,4.4132e+08,0,50048,1.62221e+08
"Bloom_Grouped2_Nonpart_AVX512_2/MTCount/250/48/1/100000/100000000/10/iterations:5/manual_time",5,5.67807,3.09462,ms,,,,,,210037,4700.52,6.71509e+07,12067.5,886720,62528,5.00224,685368,5.94461e+08,5.67807,0,0.109508,4.22411e+08,0,62528,1.68674e+08
"Bloom_Grouped2_Nonpart_AVX512_2/MTCount/300/48/1/100000/100000000/10/iterations:5/manual_time",5,5.84005,3.01218,ms,,,,,,206913,4485.06,7.3246e+07,12607.2,865095,75008,6.00064,1.08651e+06,6.31346e+08,5.84005,0,0.081213,4.1906e+08,0,75008,1.76629e+08
"Bloom_Grouped2_Nonpart_AVX512_2/MTCount/350/48/1/100000/100000000/10/iterations:5/manual_time",5,5.79594,3.1233,ms,,,,,,209361,4496.11,7.88462e+07,12561.5,854827,87552,7.00416,1.54235e+06,6.52865e+08,5.79594,0,0.0622343,4.18631e+08,0,87552,1.83449e+08
"Bloom_Grouped2_Nonpart_AVX512_2/MTCount/400/48/1/100000/100000000/10/iterations:5/manual_time",5,6.04824,3.09857,ms,,,,,,205416,4136.04,8.07646e+07,15210.2,885311,100032,8.00256,2.01833e+06,6.92781e+08,6.04824,0,0.0494835,4.17506e+08,0,100032,1.93899e+08
"Bloom_Grouped2_Nonpart_AVX512_2/MTCount/450/48/1/100000/100000000/10/iterations:5/manual_time",5,6.39328,3.00519,ms,,,,,,206819,4123.7,8.4318e+07,15823.1,872413,112512,9.00096,2.52007e+06,7.22378e+08,6.39328,0,0.0402659,4.07536e+08,0,112512,2.02743e+08
"Bloom_Grouped2_Nonpart_AVX512_2/MTCount/500/48/1/100000/100000000/10/iterations:5/manual_time",5,6.51091,3.06584,ms,,,,,,203814,4013.38,8.7792e+07,16419.7,895228,125056,10.0045,2.98939e+06,7.57305e+08,6.51091,0,0.0333705,4.15895e+08,0,125056,2.13177e+08
"Bloom_Grouped2_Nonpart_AVX512_2/MTCount/550/48/1/100000/100000000/10/iterations:5/manual_time",5,6.74445,2.57582,ms,,,,,,207742,3682.81,8.93678e+07,15083,875708,137536,11.0029,3.47465e+06,7.82082e+08,6.74445,0,0.0281172,4.05908e+08,0,137536,2.21508e+08
"Bloom_Grouped2_Nonpart_AVX512_2/MTCount/600/48/1/100000/100000000/10/iterations:5/manual_time",5,6.90325,2.58662,ms,,,,,,206464,3493.47,8.99719e+07,16710.4,887691,150016,12.0013,3.93172e+06,8.14826e+08,6.90325,0,0.0240648,3.95758e+08,0,150016,2.32526e+08
"Bloom_Grouped2_Nonpart_AVX512_2/MTCount/650/48/1/100000/100000000/10/iterations:5/manual_time",5,7.13927,3.01701,ms,,,,,,207188,3708.94,9.28824e+07,17338.5,920251,162560,13.0048,4.31416e+06,8.48268e+08,7.13927,0,0.0207923,3.96929e+08,0,162560,2.38742e+08
"Bloom_Grouped2_Nonpart_AVX512_2/MTCount/700/48/1/100000/100000000/10/iterations:5/manual_time",5,7.62701,2.80434,ms,,,,,,208562,3454.44,9.38789e+07,17061,874393,175040,14.0032,4.69983e+06,8.75426e+08,7.62701,0,0.0181654,3.88743e+08,0,175040,2.46399e+08
"Bloom_Grouped2_Nonpart_AVX512_2/MTCount/750/48/1/100000/100000000/10/iterations:5/manual_time",5,7.52082,3.07477,ms,,,,,,207461,3839.72,9.59544e+07,20530,907244,187520,15.0016,5.03152e+06,9.0464e+08,7.52082,0,0.0159961,3.8889e+08,0,187520,2.54988e+08
"Bloom_Grouped2_Nonpart_AVX512_2/MTCount/800/48/1/100000/100000000/10/iterations:5/manual_time",5,7.76052,3.05418,ms,,,,,,209883,3277.05,9.54268e+07,16900,913460,200064,16.0051,5.45333e+06,9.22964e+08,7.76052,0,0.0142053,3.73929e+08,0,200064,2.61372e+08
"Bloom_Grouped2_Nonpart_AVX512_2/MTCount/850/48/1/100000/100000000/10/iterations:5/manual_time",5,7.78959,3.01484,ms,,,,,,212487,3761.84,9.66267e+07,17885.7,923743,212544,17.0035,5.73667e+06,9.45919e+08,7.78959,0,0.0127061,3.7508e+08,0,212544,2.66571e+08
"Bloom_Grouped2_Nonpart_AVX512_2/MTCount/900/48/1/100000/100000000/10/iterations:5/manual_time",5,7.85195,3.05299,ms,,,,,,208765,3444.06,9.80429e+07,18414.3,971607,225024,18.0019,5.96237e+06,9.63363e+08,7.85195,0,0.0114027,3.75767e+08,0,225024,2.7194e+08
"Bloom_Grouped2_Nonpart_AVX512_2/MTCount/950/48/1/100000/100000000/10/iterations:5/manual_time",5,8.05261,3.10202,ms,,,,,,209280,3457.63,9.8557e+07,17326.4,960068,237504,19.0003,6.18566e+06,9.81187e+08,8.05261,0,0.0103366,3.73831e+08,0,237504,2.75714e+08
"Bloom_Grouped2_Nonpart_AVX512_2/MTCount/1000/48/1/100000/100000000/10/iterations:5/manual_time",5,8.01044,2.51045,ms,,,,,,208938,1652.24,9.92593e+07,17386,945319,250048,20.0038,6.29493e+06,9.71256e+08,8.01044,0,0.00938414,3.6492e+08,0,250048,2.76993e+08
"Bloom_Grouped2_Nonpart_AVX512_2/MTCount/1050/48/1/100000/100000000/10/iterations:5/manual_time",5,8.11968,2.55818,ms,,,,,,211965,3275.99,9.87607e+07,21992.9,980900,262528,21.0022,6.42595e+06,9.90071e+08,8.11968,0,0.00856371,3.63962e+08,0,262528,2.79014e+08
"Bloom_Grouped2_Nonpart_AVX512_2/MTCount/1100/48/1/100000/100000000/10/iterations:5/manual_time",5,8.15,2.99991,ms,,,,,,212380,3575.2,1.00459e+08,20188.4,1.00777e+06,275008,22.0006,6.46086e+06,9.9772e+08,8.15,0,0.00783881,3.66093e+08,0,275008,2.79796e+08
"Bloom_Grouped2_Nonpart_AVX512_2/MTCount/1150/48/1/100000/100000000/10/iterations:5/manual_time",5,8.17448,3.01529,ms,,,,,,211986,3518.71,1.00296e+08,18510,1.03426e+06,287552,23.0042,6.50078e+06,9.94073e+08,8.17448,0,0.00722607,3.6071e+08,0,287552,2.79166e+08
"Bloom_Grouped2_Nonpart_AVX512_2/MTCount/1200/48/1/100000/100000000/10/iterations:5/manual_time",5,8.02546,3.13778,ms,,,,,,211710,3218.67,1.00163e+08,17581.7,1.053e+06,300032,24.0026,6.52984e+06,9.92555e+08,8.02546,0,0.00666393,3.54668e+08,0,300032,2.78863e+08
"Bloom_Grouped2_Nonpart_AVX512_2/MTCount/1250/48/1/100000/100000000/10/iterations:5/manual_time",5,8.02273,3.12726,ms,,,,,,214028,3711.97,1.00669e+08,18823.1,1.11089e+06,312512,25.001,6.47968e+06,9.9176e+08,8.02273,0,0.00616951,3.54152e+08,0,312512,2.77131e+08
"Bloom_Grouped2_Nonpart_AVX512_2/MTCount/1300/48/1/100000/100000000/10/iterations:5/manual_time",5,7.91724,3.06811,ms,,,,,,219026,3983.71,1.0143e+08,20602.9,1.14382e+06,325056,26.0045,6.37606e+06,9.80522e+08,7.91724,0,0.00573291,3.50872e+08,0,325056,2.7397e+08
"Bloom_Grouped2_Nonpart_AVX512_2/MTCount/200/48/1/177828/100000000/10/iterations:5/manual_time",5,5.36942,2.99376,ms,,,,,,207921,4716.41,7.90366e+07,11157.5,818418,88960,4.00207,374974,5.8779e+08,5.36942,0,0.155256,4.32097e+08,0,88960,1.63462e+08
"Bloom_Grouped2_Nonpart_AVX512_2/MTCount/250/48/1/177828/100000000/10/iterations:5/manual_time",5,5.49769,3.01763,ms,,,,,,209655,4868.05,8.581e+07,11828.1,874486,111168,5.00115,669296,6.01428e+08,5.49769,0,0.109319,4.41479e+08,0,111168,1.69703e+08
"Bloom_Grouped2_Nonpart_AVX512_2/MTCount/300/48/1/177828/100000000/10/iterations:5/manual_time",5,5.88601,3.09046,ms,,,,,,213830,4685.15,8.82568e+07,12973.1,864300,133376,6.00022,1.09672e+06,6.35486e+08,5.88601,0,0.0810032,4.24245e+08,0,133376,1.77957e+08
"Bloom_Grouped2_Nonpart_AVX512_2/MTCount/350/48/1/177828/100000000/10/iterations:5/manual_time",5,6.08063,2.92684,ms,,,,,,207292,4183.77,9.62491e+07,16255.7,879222,155648,7.00218,1.54086e+06,6.45092e+08,6.08063,0,0.0623271,4.29337e+08,0,155648,1.85468e+08
"Bloom_Grouped2_Nonpart_AVX512_2/MTCount/400/48/1/177828/100000000/10/iterations:5/manual_time",5,6.06567,3.04383,ms,,,,,,208949,4409.91,9.31404e+07,12250,863710,177856,8.00126,2.00693e+06,6.89335e+08,6.06567,0,0.049458,4.19943e+08,0,177856,1.9453e+08
"Bloom_Grouped2_Nonpart_AVX512_2/MTCount/450/48/1/177828/100000000/10/iterations:5/manual_time",5,6.35755,3.02926,ms,,,,,,208444,3935.72,9.34427e+07,14425.9,887424,200064,9.00034,2.54503e+06,7.25604e+08,6.35755,0,0.040271,3.98812e+08,0,200064,2.05313e+08
"Bloom_Grouped2_Nonpart_AVX512_2/MTCount/500/48/1/177828/100000000/10/iterations:5/manual_time",5,6.59688,3.05696,ms,,,,,,208142,3960.8,9.60056e+07,13469.3,902391,222336,10.0023,3.00962e+06,7.55715e+08,6.59688,0,0.0333468,4.07011e+08,0,222336,2.13479e+08
"Bloom_Grouped2_Nonpart_AVX512_2/MTCount/550/48/1/177828/100000000/10/iterations:5/manual_time",5,6.77204,3.05614,ms,,,,,,210765,3834.38,9.65755e+07,14808.9,890394,244544,11.0014,3.51533e+06,7.91336e+08,6.77204,0,0.0281073,3.94632e+08,0,244544,2.24184e+08
"Bloom_Grouped2_Nonpart_AVX512_2/MTCount/600/48/1/177828/100000000/10/iterations:5/manual_time",5,7.00845,3.0636,ms,,,,,,208147,3442.22,9.82485e+07,15477.9,964884,266752,12.0004,3.92025e+06,8.25762e+08,7.00845,0,0.024028,3.99102e+08,0,266752,2.3236e+08
"Bloom_Grouped2_Nonpart_AVX512_2/MTCount/650/48/1/177828/100000000/10/iterations:5/manual_time",5,7.2257,3.04309,ms,,,,,,207955,3554.85,1.00587e+08,18741.9,1.0313e+06,289024,13.0024,4.3098e+06,8.56601e+08,7.2257,0,0.0207896,3.98618e+08,0,289024,2.40708e+08
"Bloom_Grouped2_Nonpart_AVX512_2/MTCount/700/48/1/177828/100000000/10/iterations:5/manual_time",5,7.43966,3.06433,ms,,,,,,211838,2991.6,1.00133e+08,15247.6,1.02453e+06,311232,14.0015,4.75435e+06,8.78005e+08,7.43966,0,0.0181433,3.79938e+08,0,311232,2.49388e+08
"Bloom_Grouped2_Nonpart_AVX512_2/MTCount/750/48/1/177828/100000000/10/iterations:5/manual_time",5,7.5366,2.67341,ms,,,,,,211486,2571.13,1.01722e+08,17634.7,1.07049e+06,333440,15.0006,5.06887e+06,9.03347e+08,7.5366,0,0.0159787,3.83357e+08,0,333440,2.57517e+08
"Bloom_Grouped2_Nonpart_AVX512_2/MTCount/800/48/1/177828/100000000/10/iterations:5/manual_time",5,7.59854,2.4806,ms,,,,,,216306,3356.78,1.01572e+08,19489.5,1.23152e+06,355712,16.0025,5.40894e+06,9.32753e+08,7.59854,0,0.0141774,3.76697e+08,0,355712,2.64652e+08
"Bloom_Grouped2_Nonpart_AVX512_2/MTCount/850/48/1/177828/100000000/10/iterations:5/manual_time",5,7.64507,2.4681,ms,,,,,,212370,3383.09,1.02581e+08,20158.9,1.50936e+06,377920,17.0016,5.68735e+06,9.58284e+08,7.64507,0,0.0126773,3.77273e+08,0,377920,2.7136e+08
"Bloom_Grouped2_Nonpart_AVX512_2/MTCount/900/48/1/177828/100000000/10/iterations:5/manual_time",5,7.80431,2.48904,ms,,,,,,215249,3367.46,1.04597e+08,20106.9,1.71118e+06,400128,18.0007,5.86955e+06,9.72923e+08,7.80431,0,0.0114096,3.77986e+08,0,400128,2.75115e+08
"Bloom_Grouped2_Nonpart_AVX512_2/MTCount/950/48/1/177828/100000000/10/iterations:5/manual_time",5,7.84934,2.41423,ms,,,,,,219661,3495.96,1.04338e+08,20463.2,1.8789e+06,422400,19.0026,6.11916e+06,9.94389e+08,7.84934,0,0.0103015,3.73177e+08,0,422400,2.81112e+08
"Bloom_Grouped2_Nonpart_AVX512_2/MTCount/1000/48/1/177828/100000000/10/iterations:5/manual_time",5,7.97678,2.47001,ms,,,,,,217076,3397.99,1.03311e+08,21385.3,2.16152e+06,444608,20.0017,6.30875e+06,1.00538e+09,7.97678,0,0.00936201,3.63947e+08,0,444608,2.83789e+08
"Bloom_Grouped2_Nonpart_AVX512_2/MTCount/1050/48/1/177828/100000000/10/iterations:5/manual_time",5,8.06215,2.44958,ms,,,,,,216268,3194.12,1.03831e+08,20858.2,2.56587e+06,466816,21.0008,6.40657e+06,1.01924e+09,8.06215,0,0.00854938,3.6425e+08,0,466816,2.87181e+08
"Bloom_Grouped2_Nonpart_AVX512_2/MTCount/1100/48/1/177828/100000000/10/iterations:5/manual_time",5,8.06074,2.46624,ms,,,,,,215735,3425.34,1.04489e+08,21130.8,3.09511e+06,489088,22.0027,6.44519e+06,1.02087e+09,8.06074,0,0.00784036,3.63499e+08,0,489088,2.87857e+08
"Bloom_Grouped2_Nonpart_AVX512_2/MTCount/1150/48/1/177828/100000000/10/iterations:5/manual_time",5,8.05164,2.45417,ms,,,,,,219189,3768.54,1.04397e+08,23156.5,3.64088e+06,511296,23.0018,6.46673e+06,1.02382e+09,8.05164,0,0.00722342,3.59569e+08,0,511296,2.8803e+08
"Bloom_Grouped2_Nonpart_AVX512_2/MTCount/1200/48/1/177828/100000000/10/iterations:5/manual_time",5,8.05677,2.47188,ms,,,,,,219420,3264.37,1.06289e+08,22066.3,4.37748e+06,533504,24.0009,6.39942e+06,1.01977e+09,8.05677,0,0.00665385,3.60935e+08,0,533504,2.87684e+08
"Bloom_Grouped2_Nonpart_AVX512_2/MTCount/1250/48/1/177828/100000000/10/iterations:5/manual_time",5,8.03944,2.44248,ms,,,,,,216348,3001.4,1.05366e+08,22509.1,5.6743e+06,555776,25.0029,6.39495e+06,1.02019e+09,8.03944,0,0.0061768,3.55441e+08,0,555776,2.87406e+08
"Bloom_Grouped2_Nonpart_AVX512_2/MTCount/1300/48/1/177828/100000000/10/iterations:5/manual_time",5,8.01708,2.51165,ms,,,,,,222755,3090.25,1.05864e+08,22058.8,6.10877e+06,577984,26.0019,6.35183e+06,1.01956e+09,8.01708,0,0.00573679,3.56604e+08,0,577984,2.87245e+08
"Bloom_Grouped2_Nonpart_AVX512_2/MTCount/200/48/1/316228/100000000/10/iterations:5/manual_time",5,5.12934,2.56452,ms,,,,,,215102,4759.32,9.168e+07,13094.3,845550,158144,4.00076,378275,5.80621e+08,5.12934,0,0.155568,4.21875e+08,0,158144,1.65715e+08
"Bloom_Grouped2_Nonpart_AVX512_2/MTCount/250/48/1/316228/100000000/10/iterations:5/manual_time",5,5.39724,2.78169,ms,,,,,,217462,4555.31,9.55285e+07,12082.4,872717,197696,5.00135,685947,6.05698e+08,5.39724,0,0.109397,4.34218e+08,0,197696,1.71127e+08
"Bloom_Grouped2_Nonpart_AVX512_2/MTCount/300/48/1/316228/100000000/10/iterations:5/manual_time",5,5.70908,3.17494,ms,,,,,,217278,4669.38,9.71291e+07,11480.7,893762,237184,6.00033,1.08788e+06,6.36584e+08,5.70908,0,0.0810653,4.33107e+08,0,237184,1.80103e+08
"Bloom_Grouped2_Nonpart_AVX512_2/MTCount/350/48/1/316228/100000000/10/iterations:5/manual_time",5,5.91067,3.18783,ms,,,,,,211519,4620.05,9.62745e+07,12555.4,956835,276736,7.00092,1.55066e+06,6.7259e+08,5.91067,0,0.0623502,4.183e+08,0,276736,1.88389e+08
"Bloom_Grouped2_Nonpart_AVX512_2/MTCount/400/48/1/316228/100000000/10/iterations:5/manual_time",5,6.41403,3.17444,ms,,,,,,209840,4193.49,1.01458e+08,14520.5,1.07121e+06,316288,8.00152,2.00986e+06,7.00215e+08,6.41403,0,0.0495074,4.2454e+08,0,316288,1.9764e+08
"Bloom_Grouped2_Nonpart_AVX512_2/MTCount/450/48/1/316228/100000000/10/iterations:5/manual_time",5,6.77469,3.02474,ms,,,,,,213821,3811.82,9.91353e+07,14304.1,1.22136e+06,355776,9.00049,2.52361e+06,7.47129e+08,6.77469,0,0.0402598,4.12022e+08,0,355776,2.09751e+08
"Bloom_Grouped2_Nonpart_AVX512_2/MTCount/500/48/1/316228/100000000/10/iterations:5/manual_time",5,6.65938,3.09958,ms,,,,,,213274,3858.62,1.01563e+08,13894.2,1.67669e+06,395328,10.0011,3.00822e+06,7.78034e+08,6.65938,0,0.0333476,4.08184e+08,0,395328,2.18875e+08
"Bloom_Grouped2_Nonpart_AVX512_2/MTCount/550/48/1/316228/100000000/10/iterations:5/manual_time",5,6.99516,3.14341,ms,,,,,,212358,3658.59,1.02428e+08,13935.6,1.97546e+06,434816,11.0001,3.48127e+06,8.15109e+08,6.99516,0,0.0281337,4.02671e+08,0,434816,2.30275e+08
"Bloom_Grouped2_Nonpart_AVX512_2/MTCount/600/48/1/316228/100000000/10/iterations:5/manual_time",5,7.1336,3.11471,ms,,,,,,213707,3491.02,1.02814e+08,16850.5,2.60083e+06,474368,12.0007,3.92705e+06,8.58202e+08,7.1336,0,0.0240187,4.00463e+08,0,474368,2.40082e+08
"Bloom_Grouped2_Nonpart_AVX512_2/MTCount/650/48/1/316228/100000000/10/iterations:5/manual_time",5,7.81294,2.53567,ms,,,,,,215813,3253.62,1.03436e+08,20711.2,3.64349e+06,513920,13.0013,4.3277e+06,8.85431e+08,7.81294,0,0.0207795,3.90026e+08,0,513920,2.50873e+08
"Bloom_Grouped2_Nonpart_AVX512_2/MTCount/700/48/1/316228/100000000/10/iterations:5/manual_time",5,7.65085,2.86632,ms,,,,,,218435,3108.19,1.04068e+08,18785.8,5.69245e+06,553408,14.0002,4.74528e+06,9.26048e+08,7.65085,0,0.0181587,3.81372e+08,0,553408,2.63124e+08
"Bloom_Grouped2_Nonpart_AVX512_2/MTCount/750/48/1/316228/100000000/10/iterations:5/manual_time",5,7.84821,2.50942,ms,,,,,,217284,3392.75,1.0482e+08,21209.2,6.83114e+06,592960,15.0008,5.04342e+06,9.62153e+08,7.84821,0,0.0159944,3.87289e+08,0,592960,2.71084e+08
"Bloom_Grouped2_Nonpart_AVX512_2/MTCount/800/48/1/316228/100000000/10/iterations:5/manual_time",5,8.13595,3.10696,ms,,,,,,221378,3349.13,1.0438e+08,19901.5,7.99481e+06,632512,16.0014,5.43381e+06,9.94261e+08,8.13596,0,0.0142053,3.75646e+08,0,632512,2.78517e+08
"Bloom_Grouped2_Nonpart_AVX512_2/MTCount/850/48/1/316228/100000000/10/iterations:5/manual_time",5,8.23721,2.49284,ms,,,,,,223604,3366.12,1.05354e+08,22758.2,8.90545e+06,672000,17.0004,5.67972e+06,1.01025e+09,8.23721,0,0.0126952,3.75267e+08,0,672000,2.85375e+08
"Bloom_Grouped2_Nonpart_AVX512_2/MTCount/900/48/1/316228/100000000/10/iterations:5/manual_time",5,8.28237,2.66136,ms,,,,,,231672,3440.3,1.06696e+08,21781.7,1.16217e+07,711552,18.001,5.95172e+06,1.04504e+09,8.28237,0,0.0114122,3.78288e+08,0,711552,2.94975e+08
"Bloom_Grouped2_Nonpart_AVX512_2/MTCount/950/48/1/316228/100000000/10/iterations:5/manual_time",5,8.32692,2.59885,ms,,,,,,228244,3553.25,1.06807e+08,21984,1.32325e+07,751104,19.0016,6.13963e+06,1.05731e+09,8.32692,0,0.0103345,3.72436e+08,0,751104,2.9765e+08
"Bloom_Grouped2_Nonpart_AVX512_2/MTCount/1000/48/1/316228/100000000/10/iterations:5/manual_time",5,8.40494,2.55943,ms,,,,,,231514,3764.31,1.06583e+08,23399.9,1.55157e+07,790592,20.0006,6.29436e+06,1.06965e+09,8.40494,0,0.00938168,3.66854e+08,0,790592,3.01883e+08
"Bloom_Grouped2_Nonpart_AVX512_2/MTCount/1050/48/1/316228/100000000/10/iterations:5/manual_time",5,8.46309,2.57318,ms,,,,,,223409,2789.19,1.07136e+08,21346.7,1.74607e+07,830144,21.0012,6.36915e+06,1.07342e+09,8.46309,0,0.00856111,3.64997e+08,0,830144,3.03615e+08
"Bloom_Grouped2_Nonpart_AVX512_2/MTCount/1100/48/1/316228/100000000/10/iterations:5/manual_time",5,8.49259,2.59013,ms,,,,,,248085,3854.52,1.06342e+08,23299.9,2.02018e+07,869632,22.0001,6.4689e+06,1.08226e+09,8.49259,0,0.00784508,3.60038e+08,0,869632,3.05177e+08
"Bloom_Grouped2_Nonpart_AVX512_2/MTCount/1150/48/1/316228/100000000/10/iterations:5/manual_time",5,8.48848,2.58682,ms,,,,,,232828,3559.4,1.07938e+08,22630.7,2.12255e+07,909184,23.0007,6.41496e+06,1.07125e+09,8.48848,0,0.00722421,3.61303e+08,0,909184,3.02815e+08
"Bloom_Grouped2_Nonpart_AVX512_2/MTCount/1200/48/1/316228/100000000/10/iterations:5/manual_time",5,8.46722,2.59837,ms,,,,,,241855,3984.25,1.08064e+08,22939.4,2.20633e+07,948736,24.0013,6.42712e+06,1.07446e+09,8.46722,0,0.00666079,3.59189e+08,0,948736,3.03505e+08
"Bloom_Grouped2_Nonpart_AVX512_2/MTCount/1250/48/1/316228/100000000/10/iterations:5/manual_time",5,8.70913,3.01166,ms,,,,,,258342,3430.98,1.08269e+08,19643.1,2.43995e+07,988224,25.0003,6.4068e+06,1.0676e+09,8.70913,0,0.00617848,3.54408e+08,0,988224,3.00494e+08
"Bloom_Grouped2_Nonpart_AVX512_2/MTCount/1300/48/1/316228/100000000/10/iterations:5/manual_time",5,8.62252,3.14508,ms,,,,,,253140,3798.96,1.07201e+08,20569.9,2.7019e+07,1.02778e+06,26.0009,6.4142e+06,1.07395e+09,8.62252,0,0.00574373,3.52277e+08,0,1.02778e+06,3.00711e+08
"Bloom_Grouped2_Nonpart_AVX512_2/MTCount/200/48/1/562341/100000000/10/iterations:5/manual_time",5,5.63171,3.03748,ms,,,,,,217999,4466.56,1.00047e+08,12348.8,964278,281216,4.00065,384325,5.80447e+08,5.63171,0,0.155702,4.23383e+08,0,281216,1.65622e+08
"Bloom_Grouped2_Nonpart_AVX512_2/MTCount/250/48/1/562341/100000000/10/iterations:5/manual_time",5,5.64212,2.85972,ms,,,,,,227836,4693.09,1.01635e+08,12212.7,1.14634e+06,351488,5.00035,676044,6.14529e+08,5.64212,0,0.109482,4.25099e+08,0,351488,1.73746e+08
"Bloom_Grouped2_Nonpart_AVX512_2/MTCount/300/48/1/562341/100000000/10/iterations:5/manual_time",5,5.87919,2.93259,ms,,,,,,225881,4318.68,1.02387e+08,13213.2,1.79864e+06,421760,6.00006,1.09605e+06,6.51159e+08,5.87919,0,0.0810625,4.22121e+08,0,421760,1.84177e+08
"Bloom_Grouped2_Nonpart_AVX512_2/MTCount/350/48/1/562341/100000000/10/iterations:5/manual_time",5,6.17571,2.76571,ms,,,,,,219113,4436.13,1.03884e+08,15884.8,3.14629e+06,492096,7.00068,1.52346e+06,6.8363e+08,6.17571,0,0.0623923,4.12305e+08,0,492096,1.95931e+08
"Bloom_Grouped2_Nonpart_AVX512_2/MTCount/400/48/1/562341/100000000/10/iterations:5/manual_time",5,6.4991,2.73734,ms,,,,,,213042,3431.09,1.03405e+08,16798.6,5.63194e+06,562368,8.00038,1.9783e+06,7.39733e+08,6.4991,0,0.0495073,4.19023e+08,0,562368,2.10391e+08
"Bloom_Grouped2_Nonpart_AVX512_2/MTCount/450/48/1/562341/100000000/10/iterations:5/manual_time",5,6.85264,3.16978,ms,,,,,,220490,4127.69,1.04307e+08,15244.6,7.93102e+06,632640,9.00009,2.53515e+06,7.92606e+08,6.85264,0,0.0402939,4.08355e+08,0,632640,2.22527e+08
"Bloom_Grouped2_Nonpart_AVX512_2/MTCount/500/48/1/562341/100000000/10/iterations:5/manual_time",5,6.99828,2.60787,ms,,,,,,220377,3379.83,1.04667e+08,18857,1.15048e+07,702976,10.0007,2.9992e+06,8.34639e+08,6.99828,0,0.0333732,4.00937e+08,0,702976,2.3699e+08
"Bloom_Grouped2_Nonpart_AVX512_2/MTCount/550/48/1/562341/100000000/10/iterations:5/manual_time",5,7.17623,2.72008,ms,,,,,,219396,3153.78,1.05238e+08,18515.6,1.48421e+07,773248,11.0004,3.46936e+06,8.77569e+08,7.17623,0,0.0281385,3.95664e+08,0,773248,2.48735e+08
"Bloom_Grouped2_Nonpart_AVX512_2/MTCount/600/48/1/562341/100000000/10/iterations:5/manual_time",5,7.4835,2.76578,ms,,,,,,220620,3413.84,1.06111e+08,20126.7,1.83599e+07,843520,12.0001,3.91177e+06,9.25136e+08,7.4835,0,0.0240551,4.01418e+08,0,843520,2.61379e+08
"Bloom_Grouped2_Nonpart_AVX512_2/MTCount/650/48/1/562341/100000000/10/iterations:5/manual_time",5,7.66163,2.73418,ms,,,,,,222417,3186.88,1.0632e+08,20492.1,2.12846e+07,913856,13.0007,4.30135e+06,9.48554e+08,7.66163,0,0.0207738,3.93349e+08,0,913856,2.68364e+08
"Bloom_Grouped2_Nonpart_AVX512_2/MTCount/700/48/1/562341/100000000/10/iterations:5/manual_time",5,7.88078,2.66945,ms,,,,,,225352,3274.75,1.06327e+08,21178.4,2.44001e+07,984128,14.0004,4.69049e+06,9.85651e+08,7.88078,0,0.0181384,3.88347e+08,0,984128,2.79117e+08
"Bloom_Grouped2_Nonpart_AVX512_2/MTCount/750/48/1/562341/100000000/10/iterations:5/manual_time",5,8.10548,2.74479,ms,,,,,,233284,3502.6,1.07289e+08,21996.1,2.77635e+07,1.0544e+06,15.0002,5.02583e+06,1.01146e+09,8.10548,0,0.0159974,3.83979e+08,0,1.0544e+06,2.86908e+08
"Bloom_Grouped2_Nonpart_AVX512_2/MTCount/800/48/1/562341/100000000/10/iterations:5/manual_time",5,8.37072,2.50351,ms,,,,,,238188,2920.63,1.07746e+08,21930.1,3.17057e+07,1.12474e+06,16.0008,5.37947e+06,1.04616e+09,8.37072,0,0.0141818,3.82767e+08,0,1.12474e+06,2.96816e+08
"Bloom_Grouped2_Nonpart_AVX512_2/MTCount/850/48/1/562341/100000000/10/iterations:5/manual_time",5,8.46894,2.45925,ms,,,,,,243200,3968.15,1.07222e+08,23364,3.46154e+07,1.19501e+06,17.0005,5.70183e+06,1.07155e+09,8.46894,0,0.0126897,3.76026e+08,0,1.19501e+06,3.0348e+08
"Bloom_Grouped2_Nonpart_AVX512_2/MTCount/900/48/1/562341/100000000/10/iterations:5/manual_time",5,8.78809,2.53146,ms,,,,,,248747,2747.73,1.07172e+08,21998.1,3.76094e+07,1.26528e+06,18.0002,5.97625e+06,1.08506e+09,8.78809,0,0.0113972,3.69649e+08,0,1.26528e+06,3.09552e+08
"Bloom_Grouped2_Nonpart_AVX512_2/MTCount/950/48/1/562341/100000000/10/iterations:5/manual_time",5,8.68058,2.50064,ms,,,,,,250665,3057.92,1.08177e+08,22089.3,4.02605e+07,1.33562e+06,19.0008,6.15123e+06,1.09779e+09,8.68058,0,0.0103159,3.68101e+08,0,1.33562e+06,3.12266e+08
"Bloom_Grouped2_Nonpart_AVX512_2/MTCount/1000/48/1/562341/100000000/10/iterations:5/manual_time",5,8.76237,2.57308,ms,,,,,,271702,4022.48,1.08741e+08,23083.8,4.25803e+07,1.40589e+06,20.0005,6.26221e+06,1.10737e+09,8.76237,0,0.00937351,3.6773e+08,0,1.40589e+06,3.13925e+08
"Bloom_Grouped2_Nonpart_AVX512_2/MTCount/1050/48/1/562341/100000000/10/iterations:5/manual_time",5,8.76751,2.52107,ms,,,,,,250355,3350.92,1.07557e+08,22901.5,4.56414e+07,1.47616e+06,21.0002,6.41143e+06,1.11261e+09,8.76751,0,0.00854565,3.60148e+08,0,1.47616e+06,3.17247e+08
"Bloom_Grouped2_Nonpart_AVX512_2/MTCount/1100/48/1/562341/100000000/10/iterations:5/manual_time",5,8.7894,2.5677,ms,,,,,,262416,3862.89,1.09465e+08,22168.7,4.72974e+07,1.5465e+06,22.0008,6.41147e+06,1.11347e+09,8.7894,0,0.00785332,3.63908e+08,0,1.5465e+06,3.16802e+08
"Bloom_Grouped2_Nonpart_AVX512_2/MTCount/1150/48/1/562341/100000000/10/iterations:5/manual_time",5,8.77263,2.54831,ms,,,,,,308719,4541.35,1.07701e+08,23029.9,4.99951e+07,1.61677e+06,23.0005,6.48843e+06,1.11925e+09,8.77263,0,0.00722085,3.56883e+08,0,1.61677e+06,3.17268e+08
"Bloom_Grouped2_Nonpart_AVX512_2/MTCount/1200/48/1/562341/100000000/10/iterations:5/manual_time",5,8.73611,2.56208,ms,,,,,,276764,3882.35,1.08184e+08,22999.7,5.19425e+07,1.68704e+06,24.0002,6.45394e+06,1.11019e+09,8.73611,0,0.00666049,3.55266e+08,0,1.68704e+06,3.1563e+08
"Bloom_Grouped2_Nonpart_AVX512_2/MTCount/1250/48/1/562341/100000000/10/iterations:5/manual_time",5,8.76692,2.97535,ms,,,,,,280538,3005.52,1.09271e+08,21314.5,5.34021e+07,1.75738e+06,25.0009,6.42215e+06,1.10607e+09,8.76692,0,0.00617737,3.56613e+08,0,1.75738e+06,3.14407e+08
"Bloom_Grouped2_Nonpart_AVX512_2/MTCount/1300/48/1/562341/100000000/10/iterations:5/manual_time",5,8.76487,3.12301,ms,,,,,,287391,4171.72,1.08271e+08,19044.7,5.58863e+07,1.82765e+06,26.0006,6.43161e+06,1.10405e+09,8.76487,0,0.00572313,3.5181e+08,0,1.82765e+06,3.11106e+08
"Bloom_Grouped2_Nonpart_AVX512_2/MTCount/200/48/1/1000000/100000000/10/iterations:5/manual_time",5,5.4704,3.1439,ms,,,,,,225410,4688.82,1.03062e+08,13083,3.298e+06,500032,4.00026,381065,6.20302e+08,5.4704,0,0.155516,4.38144e+08,0,500032,1.75534e+08
"Bloom_Grouped2_Nonpart_AVX512_2/MTCount/250/48/1/1000000/100000000/10/iterations:5/manual_time",5,5.83497,3.14912,ms,,,,,,237828,4708.87,1.04764e+08,12825.1,7.93787e+06,625024,5.00019,690692,6.71214e+08,5.83497,0,0.109383,4.17526e+08,0,625024,1.90528e+08
"Bloom_Grouped2_Nonpart_AVX512_2/MTCount/300/48/1/1000000/100000000/10/iterations:5/manual_time",5,6.132,3.08508,ms,,,,,,221876,4331.31,1.06446e+08,16210.6,1.32049e+07,750016,6.00013,1.07962e+06,7.21805e+08,6.132,0,0.0809661,4.3869e+08,0,750016,2.03682e+08
"Bloom_Grouped2_Nonpart_AVX512_2/MTCount/350/48/1/1000000/100000000/10/iterations:5/manual_time",5,6.36929,3.09989,ms,,,,,,220835,4287.36,1.05158e+08,14226.8,2.04164e+07,875008,7.00006,1.51655e+06,7.47252e+08,6.36929,0,0.062364,4.23098e+08,0,875008,2.11137e+08
"Bloom_Grouped2_Nonpart_AVX512_2/MTCount/400/48/1/1000000/100000000/10/iterations:5/manual_time",5,6.74914,3.17161,ms,,,,,,235630,3653.07,1.03597e+08,15058.7,2.56601e+07,1.00006e+06,8.00051,2.03361e+06,7.88403e+08,6.74914,0,0.0494575,4.04171e+08,0,1.00006e+06,2.23365e+08
"Bloom_Grouped2_Nonpart_AVX512_2/MTCount/450/48/1/1000000/100000000/10/iterations:5/manual_time",5,7.08613,3.16756,ms,,,,,,231353,3594.42,1.04528e+08,18435.9,3.22016e+07,1.12506e+06,9.00045,2.53344e+06,8.39878e+08,7.08613,0,0.0402045,4.0527e+08,0,1.12506e+06,2.36338e+08
"Bloom_Grouped2_Nonpart_AVX512_2/MTCount/500/48/1/1000000/100000000/10/iterations:5/manual_time",5,7.68331,2.6374,ms,,,,,,237305,3565.65,1.0877e+08,20514.5,3.63269e+07,1.25005e+06,10.0004,2.95147e+06,8.75217e+08,7.68331,0,0.0333615,4.10707e+08,0,1.25005e+06,2.48526e+08
"Bloom_Grouped2_Nonpart_AVX512_2/MTCount/550/48/1/1000000/100000000/10/iterations:5/manual_time",5,7.56957,2.43333,ms,,,,,,236050,3408.64,1.08021e+08,20908.3,4.14093e+07,1.37504e+06,11.0003,3.43286e+06,9.1604e+08,7.56957,0,0.0281045,4.05096e+08,0,1.37504e+06,2.61621e+08
"Bloom_Grouped2_Nonpart_AVX512_2/MTCount/600/48/1/1000000/100000000/10/iterations:5/manual_time",5,7.92269,3.07437,ms,,,,,,233291,2845.94,1.06285e+08,19477.8,4.66935e+07,1.50003e+06,12.0003,3.9474e+06,9.61149e+08,7.92269,0,0.0240237,3.90661e+08,0,1.50003e+06,2.72946e+08
"Bloom_Grouped2_Nonpart_AVX512_2/MTCount/650/48/1/1000000/100000000/10/iterations:5/manual_time",5,8.20799,3.19933,ms,,,,,,266384,3695.11,1.0739e+08,20805.3,5.00536e+07,1.62502e+06,13.0002,4.33316e+06,1.00503e+09,8.20799,0,0.0207732,3.95659e+08,0,1.62502e+06,2.83061e+08
"Bloom_Grouped2_Nonpart_AVX512_2/MTCount/700/48/1/1000000/100000000/10/iterations:5/manual_time",5,8.41191,2.84563,ms,,,,,,245478,3170.05,1.07708e+08,20694.5,5.35372e+07,1.75002e+06,14.0001,4.67576e+06,1.02689e+09,8.41191,0,0.0181445,3.88217e+08,0,1.75002e+06,2.92093e+08
"Bloom_Grouped2_Nonpart_AVX512_2/MTCount/750/48/1/1000000/100000000/10/iterations:5/manual_time",5,8.491,2.79717,ms,,,,,,279407,3538.81,1.09661e+08,19713.3,5.62829e+07,1.87501e+06,15.0001,5.00103e+06,1.05342e+09,8.491,0,0.0159738,3.8907e+08,0,1.87501e+06,2.99886e+08
"Bloom_Grouped2_Nonpart_AVX512_2/MTCount/800/48/1/1000000/100000000/10/iterations:5/manual_time",5,8.58279,2.67054,ms,,,,,,286107,3319.98,1.08724e+08,20576.5,5.92759e+07,2.00006e+06,16.0005,5.37233e+06,1.07766e+09,8.58279,0,0.0141852,3.81587e+08,0,2.00006e+06,3.06988e+08
"Bloom_Grouped2_Nonpart_AVX512_2/MTCount/850/48/1/1000000/100000000/10/iterations:5/manual_time",5,8.76877,2.77958,ms,,,,,,303476,3842.75,1.09058e+08,20527.5,6.1707e+07,2.12506e+06,17.0004,5.67963e+06,1.09944e+09,8.76877,0,0.0126903,3.77693e+08,0,2.12506e+06,3.12331e+08
"Bloom_Grouped2_Nonpart_AVX512_2/MTCount/900/48/1/1000000/100000000/10/iterations:5/manual_time",5,8.92386,2.8328,ms,,,,,,296344,3324.94,1.08822e+08,21033.5,6.39091e+07,2.25005e+06,18.0004,5.94923e+06,1.11733e+09,8.92386,0,0.0114094,3.73422e+08,0,2.25005e+06,3.18447e+08
"Bloom_Grouped2_Nonpart_AVX512_2/MTCount/950/48/1/1000000/100000000/10/iterations:5/manual_time",5,9.03338,2.81661,ms,,,,,,359046,4571.64,1.09726e+08,21274.3,6.56749e+07,2.37504e+06,19.0003,6.13771e+06,1.13101e+09,9.03338,0,0.0103135,3.7131e+08,0,2.37504e+06,3.21501e+08
"Bloom_Grouped2_Nonpart_AVX512_2/MTCount/1000/48/1/1000000/100000000/10/iterations:5/manual_time",5,9.0272,2.78558,ms,,,,,,293881,3791.05,1.08768e+08,21234.8,6.76888e+07,2.50003e+06,20.0003,6.31044e+06,1.13644e+09,9.0272,0,0.00936848,3.6561e+08,0,2.50003e+06,3.23679e+08
"Bloom_Grouped2_Nonpart_AVX512_2/MTCount/1050/48/1/1000000/100000000/10/iterations:5/manual_time",5,9.266,3.14661,ms,,,,,,333577,4570.82,1.0858e+08,21216.2,6.93497e+07,2.62502e+06,21.0002,6.46504e+06,1.14996e+09,9.266,0,0.00855617,3.63737e+08,0,2.62502e+06,3.24349e+08
"Bloom_Grouped2_Nonpart_AVX512_2/MTCount/1100/48/1/1000000/100000000/10/iterations:5/manual_time",5,9.17576,3.07651,ms,,,,,,366471,4826.31,1.09285e+08,21374.6,7.05023e+07,2.75002e+06,22.0001,6.48057e+06,1.14694e+09,9.17576,0,0.00784605,3.61758e+08,0,2.75002e+06,3.24534e+08
"Bloom_Grouped2_Nonpart_AVX512_2/MTCount/1150/48/1/1000000/100000000/10/iterations:5/manual_time",5,9.19715,3.10378,ms,,,,,,363946,4555.71,1.09329e+08,20445.4,7.19624e+07,2.87501e+06,23.0001,6.51406e+06,1.14674e+09,9.19715,0,0.00723102,3.60207e+08,0,2.87501e+06,3.24831e+08
"Bloom_Grouped2_Nonpart_AVX512_2/MTCount/1200/48/1/1000000/100000000/10/iterations:5/manual_time",5,9.16798,2.92559,ms,,,,,,278226,3647.98,1.08171e+08,21757,7.41116e+07,3.00006e+06,24.0005,6.53287e+06,1.13578e+09,9.16798,0,0.00666971,3.52927e+08,0,3.00006e+06,3.24089e+08
"Bloom_Grouped2_Nonpart_AVX512_2/MTCount/1250/48/1/1000000/100000000/10/iterations:5/manual_time",5,8.97481,2.80835,ms,,,,,,409873,4873.04,1.09255e+08,22502.4,7.46508e+07,3.12506e+06,25.0004,6.44272e+06,1.12506e+09,8.97481,0,0.00617034,3.52358e+08,0,3.12506e+06,3.20303e+08
"Bloom_Grouped2_Nonpart_AVX512_2/MTCount/1300/48/1/1000000/100000000/10/iterations:5/manual_time",5,8.89606,2.82674,ms,,,,,,379909,4034.73,1.09104e+08,22580.3,7.57442e+07,3.25005e+06,26.0004,6.37569e+06,1.11308e+09,8.89606,0,0.00574808,3.50241e+08,0,3.25005e+06,3.17955e+08
"Bloom_Grouped2_Nonpart_AVX512_2/MTCount/200/48/1/1778279/100000000/10/iterations:5/manual_time",5,5.71513,2.93959,ms,,,,,,231850,4722.16,1.04508e+08,13219.3,2.08422e+07,889152,4.00006,381720,6.58378e+08,5.71513,0,0.155583,4.22325e+08,0,889152,1.86549e+08
"Bloom_Grouped2_Nonpart_AVX512_2/MTCount/250/48/1/1778279/100000000/10/iterations:5/manual_time",5,6.15092,3.23293,ms,,,,,,241410,4229.56,1.03694e+08,14093.8,3.13638e+07,1.11149e+06,5.00029,690839,7.02918e+08,6.15092,0,0.109401,4.24942e+08,0,1.11149e+06,1.96819e+08
"Bloom_Grouped2_Nonpart_AVX512_2/MTCount/300/48/1/1778279/100000000/10/iterations:5/manual_time",5,6.45348,3.20123,ms,,,,,,231175,4189.97,1.05254e+08,15074.8,4.01219e+07,1.33376e+06,6.00023,1.0784e+06,7.47187e+08,6.45348,0,0.0810605,4.27484e+08,0,1.33376e+06,2.11544e+08
"Bloom_Grouped2_Nonpart_AVX512_2/MTCount/350/48/1/1778279/100000000/10/iterations:5/manual_time",5,6.76639,3.24716,ms,,,,,,248213,3943.89,1.08061e+08,18310.9,4.79686e+07,1.55603e+06,7.00017,1.53384e+06,7.88524e+08,6.76639,0,0.0623705,4.28167e+08,0,1.55603e+06,2.2255e+08
"Bloom_Grouped2_Nonpart_AVX512_2/MTCount/400/48/1/1778279/100000000/10/iterations:5/manual_time",5,7.06113,3.27377,ms,,,,,,237267,3607.23,1.06441e+08,18316.7,5.41075e+07,1.7783e+06,8.00011,2.02563e+06,8.3687e+08,7.06113,0,0.0495091,4.21613e+08,0,1.7783e+06,2.36371e+08
"Bloom_Grouped2_Nonpart_AVX512_2/MTCount/450/48/1/1778279/100000000/10/iterations:5/manual_time",5,7.34271,3.24927,ms,,,,,,238728,3327.1,1.06268e+08,17012.3,5.93452e+07,2.00058e+06,9.00005,2.5069e+06,8.77762e+08,7.34271,0,0.0402502,4.13888e+08,0,2.00058e+06,2.4712e+08
"Bloom_Grouped2_Nonpart_AVX512_2/MTCount/500/48/1/1778279/100000000/10/iterations:5/manual_time",5,7.68332,3.1994,ms,,,,,,271565,3663.23,1.08581e+08,19195.6,6.30525e+07,2.22291e+06,10.0003,2.99018e+06,9.19017e+08,7.68332,0,0.0333816,4.10694e+08,0,2.22291e+06,2.60782e+08
"Bloom_Grouped2_Nonpart_AVX512_2/MTCount/550/48/1/1778279/100000000/10/iterations:5/manual_time",5,7.76756,2.66174,ms,,,,,,260388,2768.38,1.09212e+08,20638,6.63638e+07,2.44518e+06,11.0002,3.43532e+06,9.5457e+08,7.76756,0,0.0281429,4.06675e+08,0,2.44518e+06,2.71915e+08
"Bloom_Grouped2_Nonpart_AVX512_2/MTCount/600/48/1/1778279/100000000/10/iterations:5/manual_time",5,8.36669,3.31747,ms,,,,,,313714,3803.53,1.10107e+08,20763.1,6.89712e+07,2.66746e+06,12.0002,3.86927e+06,9.89206e+08,8.36669,0,0.0240279,4.02179e+08,0,2.66746e+06,2.81418e+08
"Bloom_Grouped2_Nonpart_AVX512_2/MTCount/650/48/1/1778279/100000000/10/iterations:5/manual_time",5,8.41405,3.27362,ms,,,,,,341435,4276.72,1.091e+08,21621.5,7.18101e+07,2.88973e+06,13.0001,4.31134e+06,1.02573e+09,8.41405,0,0.0207664,3.95531e+08,0,2.88973e+06,2.89711e+08
"Bloom_Grouped2_Nonpart_AVX512_2/MTCount/700/48/1/1778279/100000000/10/iterations:5/manual_time",5,8.69323,3.13055,ms,,,,,,323495,3556.52,1.07693e+08,20207.1,7.49682e+07,3.112e+06,14.0001,4.73845e+06,1.04905e+09,8.69323,0,0.0181386,3.82754e+08,0,3.112e+06,2.98442e+08
"Bloom_Grouped2_Nonpart_AVX512_2/MTCount/750/48/1/1778279/100000000/10/iterations:5/manual_time",5,8.76252,3.22256,ms,,,,,,382186,4608.75,1.09225e+08,21216.7,7.60952e+07,3.33434e+06,15.0003,5.08133e+06,1.08599e+09,8.76252,0,0.015988,3.86912e+08,0,3.33434e+06,3.06928e+08
"Bloom_Grouped2_Nonpart_AVX512_2/MTCount/800/48/1/1778279/100000000/10/iterations:5/manual_time",5,8.96541,2.44345,ms,,,,,,362461,3964.8,1.08822e+08,23489.2,7.77464e+07,3.55661e+06,16.0002,5.39879e+06,1.10582e+09,8.96541,0,0.0141808,3.82e+08,0,3.55661e+06,3.15816e+08
"Bloom_Grouped2_Nonpart_AVX512_2/MTCount/850/48/1/1778279/100000000/10/iterations:5/manual_time",5,8.85125,2.42597,ms,,,,,,437969,4437.89,1.08943e+08,22916,7.93586e+07,3.77888e+06,17.0002,5.69612e+06,1.12548e+09,8.85125,0,0.0126805,3.78256e+08,0,3.77888e+06,3.20938e+08
"Bloom_Grouped2_Nonpart_AVX512_2/MTCount/900/48/1/1778279/100000000/10/iterations:5/manual_time",5,9.06879,2.73823,ms,,,,,,380970,4322.37,1.08944e+08,22459.7,8.09162e+07,4.00115e+06,18.0001,5.97123e+06,1.13432e+09,9.06879,0,0.0113991,3.71023e+08,0,4.00115e+06,3.22598e+08
"Bloom_Grouped2_Nonpart_AVX512_2/MTCount/950/48/1/1778279/100000000/10/iterations:5/manual_time",5,9.35681,2.9213,ms,,,,,,378812,4201.1,1.09892e+08,20654.6,8.16413e+07,4.22342e+06,19.0001,6.15767e+06,1.15008e+09,9.35681,0,0.0103071,3.72459e+08,0,4.22342e+06,3.2788e+08
"Bloom_Grouped2_Nonpart_AVX512_2/MTCount/1000/48/1/1778279/100000000/10/iterations:5/manual_time",5,9.22381,2.86783,ms,,,,,,428534,4671.82,1.09162e+08,21777.7,8.29294e+07,4.44576e+06,20.0003,6.34704e+06,1.16275e+09,9.22381,0,0.00937486,3.6751e+08,0,4.44576e+06,3.31051e+08
"Bloom_Grouped2_Nonpart_AVX512_2/MTCount/1050/48/1/1778279/100000000/10/iterations:5/manual_time",5,9.2104,2.88067,ms,,,,,,403807,4342.21,1.10657e+08,21502.8,8.34927e+07,4.66803e+06,21.0002,6.36851e+06,1.15548e+09,9.2104,0,0.00856939,3.65996e+08,0,4.66803e+06,3.30129e+08
"Bloom_Grouped2_Nonpart_AVX512_2/MTCount/1100/48/1/1778279/100000000/10/iterations:5/manual_time",5,9.46062,3.09452,ms,,,,,,485245,5375.3,1.08781e+08,20864.9,8.50054e+07,4.8903e+06,22.0002,6.54272e+06,1.17054e+09,9.46062,0,0.00784164,3.60822e+08,0,4.8903e+06,3.30265e+08
"Bloom_Grouped2_Nonpart_AVX512_2/MTCount/1150/48/1/1778279/100000000/10/iterations:5/manual_time",5,9.18488,2.45418,ms,,,,,,373717,3050.25,1.09466e+08,21982.1,8.58327e+07,5.11258e+06,23.0001,6.49601e+06,1.15624e+09,9.18488,0,0.00721705,3.60047e+08,0,5.11258e+06,3.3143e+08
"Bloom_Grouped2_Nonpart_AVX512_2/MTCount/1200/48/1/1778279/100000000/10/iterations:5/manual_time",5,9.1359,2.49389,ms,,,,,,504731,2796.78,1.0963e+08,22628.7,8.66105e+07,5.33485e+06,24,6.47427e+06,1.14925e+09,9.1359,0,0.00666711,3.57763e+08,0,5.33485e+06,3.2957e+08
"Bloom_Grouped2_Nonpart_AVX512_2/MTCount/1250/48/1/1778279/100000000/10/iterations:5/manual_time",5,9.09474,2.67455,ms,,,,,,373687,4375.61,1.08927e+08,21607.4,8.75802e+07,5.55718e+06,25.0003,6.46386e+06,1.13983e+09,9.09474,0,0.0061784,3.51152e+08,0,5.55718e+06,3.26e+08
"Bloom_Grouped2_Nonpart_AVX512_2/MTCount/1300/48/1/1778279/100000000/10/iterations:5/manual_time",5,9.01498,2.71318,ms,,,,,,404176,4137.04,1.09425e+08,21395.2,8.80788e+07,5.77946e+06,26.0002,6.39426e+06,1.1319e+09,9.01498,0,0.00573619,3.51373e+08,0,5.77946e+06,3.23758e+08
"Bloom_Grouped2_Nonpart_AVX512_2/MTCount/200/48/1/3162278/100000000/10/iterations:5/manual_time",5,5.96182,2.81918,ms,,,,,,242780,4603.83,1.06565e+08,14235.1,4.90071e+07,1.58118e+06,4.00011,368192,6.95191e+08,5.96182,0,0.155595,4.28697e+08,0,1.58118e+06,1.99159e+08
"Bloom_Grouped2_Nonpart_AVX512_2/MTCount/250/48/1/3162278/100000000/10/iterations:5/manual_time",5,6.2086,2.53328,ms,,,,,,246589,4108.04,1.04704e+08,16839.4,5.89986e+07,1.97645e+06,5.00006,656555,7.2911e+08,6.2086,0,0.109441,4.28929e+08,0,1.97645e+06,2.08924e+08
"Bloom_Grouped2_Nonpart_AVX512_2/MTCount/300/48/1/3162278/100000000/10/iterations:5/manual_time",5,6.70809,3.25183,ms,,,,,,256226,3943.32,1.04113e+08,16735.6,6.61201e+07,2.37171e+06,6.00001,1.09775e+06,7.81758e+08,6.70809,0,0.0810956,4.24505e+08,0,2.37171e+06,2.20413e+08
"Bloom_Grouped2_Nonpart_AVX512_2/MTCount/350/48/1/3162278/100000000/10/iterations:5/manual_time",5,6.84029,2.70063,ms,,,,,,299480,3877.3,1.07946e+08,16227.8,7.10246e+07,2.76704e+06,7.00012,1.508e+06,8.10968e+08,6.84029,0,0.0624157,4.21851e+08,0,2.76704e+06,2.32543e+08
"Bloom_Grouped2_Nonpart_AVX512_2/MTCount/400/48/1/3162278/100000000/10/iterations:5/manual_time",5,7.01513,2.57437,ms,,,,,,259020,3490.67,1.07918e+08,16565.8,7.54412e+07,3.1623e+06,8.00007,1.98899e+06,8.39331e+08,7.01513,0,0.0495273,4.0704e+08,0,3.1623e+06,2.4351e+08
"Bloom_Grouped2_Nonpart_AVX512_2/MTCount/450/48/1/3162278/100000000/10/iterations:5/manual_time",5,7.28327,2.56686,ms,,,,,,274752,3347.21,1.08273e+08,18245.9,7.84277e+07,3.55757e+06,9.00001,2.48947e+06,8.81767e+08,7.28327,0,0.0402714,4.05345e+08,0,3.55757e+06,2.55522e+08
"Bloom_Grouped2_Nonpart_AVX512_2/MTCount/500/48/1/3162278/100000000/10/iterations:5/manual_time",5,7.64047,2.60829,ms,,,,,,277317,2832.01,1.08585e+08,18980.2,8.09662e+07,3.9529e+06,10.0001,3.0057e+06,9.31751e+08,7.64047,0,0.0333961,4.0177e+08,0,3.9529e+06,2.69291e+08
"Bloom_Grouped2_Nonpart_AVX512_2/MTCount/550/48/1/3162278/100000000/10/iterations:5/manual_time",5,7.84992,2.65551,ms,,,,,,296084,3269.38,1.08066e+08,21502.8,8.22507e+07,4.34816e+06,11.0001,3.46781e+06,9.73582e+08,7.84992,0,0.0281253,4.01591e+08,0,4.34816e+06,2.77125e+08
"Bloom_Grouped2_Nonpart_AVX512_2/MTCount/600/48/1/3162278/100000000/10/iterations:5/manual_time",5,8.10596,2.60539,ms,,,,,,329928,3463.27,1.08588e+08,22324.7,8.41026e+07,4.74342e+06,12,3.88381e+06,1.00245e+09,8.10596,0,0.024041,3.97413e+08,0,4.74342e+06,2.87102e+08
"Bloom_Grouped2_Nonpart_AVX512_2/MTCount/650/48/1/3162278/100000000/10/iterations:5/manual_time",5,8.50367,2.97658,ms,,,,,,419621,3716.25,1.08072e+08,21143.4,8.61105e+07,5.13875e+06,13.0001,4.3475e+06,1.04653e+09,8.50367,0,0.0207736,3.91405e+08,0,5.13875e+06,2.97198e+08
"Bloom_Grouped2_Nonpart_AVX512_2/MTCount/700/48/1/3162278/100000000/10/iterations:5/manual_time",5,8.84481,3.14072,ms,,,,,,578838,4731.23,1.08425e+08,20589.7,8.68159e+07,5.53402e+06,14.0001,4.76226e+06,1.08267e+09,8.84481,0,0.0181351,3.91104e+08,0,5.53402e+06,3.057e+08
"Bloom_Grouped2_Nonpart_AVX512_2/MTCount/750/48/1/3162278/100000000/10/iterations:5/manual_time",5,8.98897,2.94525,ms,,,,,,443943,3480.6,1.08258e+08,20565.2,8.90343e+07,5.92928e+06,15,5.10987e+06,1.09487e+09,8.98897,0,0.0159638,3.79354e+08,0,5.92928e+06,3.14417e+08
"Bloom_Grouped2_Nonpart_AVX512_2/MTCount/800/48/1/3162278/100000000/10/iterations:5/manual_time",5,8.92907,2.56347,ms,,,,,,519076,3226.84,1.09423e+08,22312.5,8.90588e+07,6.32461e+06,16.0001,5.40025e+06,1.12263e+09,8.92907,0,0.0141672,3.81944e+08,0,6.32461e+06,3.21214e+08
"Bloom_Grouped2_Nonpart_AVX512_2/MTCount/850/48/1/3162278/100000000/10/iterations:5/manual_time",5,9.20928,2.94506,ms,,,,,,556192,3872.35,1.09811e+08,20775.3,8.97273e+07,6.71987e+06,17.0001,5.71282e+06,1.14598e+09,9.20928,0,0.012695,3.79183e+08,0,6.71987e+06,3.26829e+08
"Bloom_Grouped2_Nonpart_AVX512_2/MTCount/900/48/1/3162278/100000000/10/iterations:5/manual_time",5,9.20334,2.80394,ms,,,,,,576172,3897.16,1.09048e+08,19897.7,9.17093e+07,7.11514e+06,18,5.99954e+06,1.15283e+09,9.20334,0,0.0114111,3.68747e+08,0,7.11514e+06,3.30941e+08
"Bloom_Grouped2_Nonpart_AVX512_2/MTCount/950/48/1/3162278/100000000/10/iterations:5/manual_time",5,9.28322,2.85226,ms,,,,,,678283,4749.83,1.0899e+08,19941.4,9.16605e+07,7.51046e+06,19.0001,6.22267e+06,1.17549e+09,9.28323,0,0.010315,3.69801e+08,0,7.51046e+06,3.35163e+08
"Bloom_Grouped2_Nonpart_AVX512_2/MTCount/1000/48/1/3162278/100000000/10/iterations:5/manual_time",5,9.37692,2.80952,ms,,,,,,668714,3859.66,1.11016e+08,19759.4,9.14689e+07,7.90573e+06,20.0001,6.29065e+06,1.17539e+09,9.37692,0,0.00937871,3.70771e+08,0,7.90573e+06,3.36659e+08
"Bloom_Grouped2_Nonpart_AVX512_2/MTCount/1050/48/1/3162278/100000000/10/iterations:5/manual_time",5,9.39833,2.79382,ms,,,,,,624131,4162.76,1.08849e+08,19586.1,9.37611e+07,8.30099e+06,21,6.49844e+06,1.18409e+09,9.39833,0,0.00855849,3.60223e+08,0,8.30099e+06,3.37855e+08
"Bloom_Grouped2_Nonpart_AVX512_2/MTCount/1100/48/1/3162278/100000000/10/iterations:5/manual_time",5,9.36821,2.79827,ms,,,,,,793730,4423.74,1.09383e+08,20176.9,9.3448e+07,8.69632e+06,22.0001,6.50962e+06,1.18121e+09,9.36821,0,0.00783605,3.60124e+08,0,8.69632e+06,3.36848e+08
"Bloom_Grouped2_Nonpart_AVX512_2/MTCount/1150/48/1/3162278/100000000/10/iterations:5/manual_time",5,9.34644,2.76475,ms,,,,,,744423,4626.77,1.09167e+08,20598.5,9.39846e+07,9.09158e+06,23.0001,6.54317e+06,1.18159e+09,9.34644,0,0.00722018,3.57957e+08,0,9.09158e+06,3.37216e+08
"Bloom_Grouped2_Nonpart_AVX512_2/MTCount/1200/48/1/3162278/100000000/10/iterations:5/manual_time",5,9.42723,2.9289,ms,,,,,,1.02805e+06,5501.81,1.08869e+08,19948,9.42898e+07,9.48685e+06,24,6.58213e+06,1.18316e+09,9.42723,0,0.00666531,3.56286e+08,0,9.48685e+06,3.35491e+08
"Bloom_Grouped2_Nonpart_AVX512_2/MTCount/1250/48/1/3162278/100000000/10/iterations:5/manual_time",5,9.26273,2.91734,ms,,,,,,820013,3591.27,1.09462e+08,20374.4,9.48778e+07,9.88218e+06,25.0001,6.48326e+06,1.16916e+09,9.26273,0,0.00617979,3.53935e+08,0,9.88218e+06,3.34358e+08
"Bloom_Grouped2_Nonpart_AVX512_2/MTCount/1300/48/1/3162278/100000000/10/iterations:5/manual_time",5,9.23087,2.88481,ms,,,,,,1.20332e+06,4795.78,1.09654e+08,20915.1,9.49319e+07,1.02774e+07,26.0001,6.41695e+06,1.15807e+09,9.23087,0,0.00573967,3.52388e+08,0,1.02774e+07,3.31084e+08
"Bloom_Grouped2_Nonpart_AVX512_2/MTCount/200/48/1/5623413/100000000/10/iterations:5/manual_time",5,6.24208,2.99754,ms,,,,,,266757,4033.93,1.06136e+08,15322,7.11426e+07,2.81171e+06,4.00001,374009,7.26552e+08,6.24208,0,0.155534,4.3818e+08,0,2.81171e+06,2.08094e+08
"Bloom_Grouped2_Nonpart_AVX512_2/MTCount/250/48/1/5623413/100000000/10/iterations:5/manual_time",5,6.42068,2.99574,ms,,,,,,292635,4165.78,1.05638e+08,15690.7,7.77978e+07,3.51469e+06,5.00008,676285,7.53898e+08,6.42068,0,0.109369,4.24176e+08,0,3.51469e+06,2.16214e+08
"Bloom_Grouped2_Nonpart_AVX512_2/MTCount/300/48/1/5623413/100000000/10/iterations:5/manual_time",5,6.74475,2.9567,ms,,,,,,304955,3382.6,1.06062e+08,15818.1,8.18782e+07,4.2176e+06,6.00006,1.07654e+06,7.9525e+08,6.74475,0,0.080992,4.2716e+08,0,4.2176e+06,2.27802e+08
"Bloom_Grouped2_Nonpart_AVX512_2/MTCount/350/48/1/5623413/100000000/10/iterations:5/manual_time",5,6.97677,3.01431,ms,,,,,,298638,3309.58,1.05164e+08,17293.7,8.49337e+07,4.92051e+06,7.00004,1.53374e+06,8.37484e+08,6.97677,0,0.0623707,4.19526e+08,0,4.92051e+06,2.38374e+08
"Bloom_Grouped2_Nonpart_AVX512_2/MTCount/400/48/1/5623413/100000000/10/iterations:5/manual_time",5,7.24089,2.94603,ms,,,,,,346424,3243.68,1.06408e+08,18609.1,8.75979e+07,5.62342e+06,8.00002,2.02511e+06,8.76994e+08,7.24089,0,0.0495104,4.15812e+08,0,5.62342e+06,2.51338e+08
"Bloom_Grouped2_Nonpart_AVX512_2/MTCount/450/48/1/5623413/100000000/10/iterations:5/manual_time",5,7.54013,2.88574,ms,,,,,,350400,2912.63,1.07225e+08,18668.2,8.92164e+07,6.3264e+06,9.00009,2.51361e+06,9.1611e+08,7.54013,0,0.0402383,4.12134e+08,0,6.3264e+06,2.62385e+08
"Bloom_Grouped2_Nonpart_AVX512_2/MTCount/500/48/1/5623413/100000000/10/iterations:5/manual_time",5,7.79794,2.50195,ms,,,,,,432148,3045.89,1.07778e+08,20253.8,9.16153e+07,7.02931e+06,10.0001,3.03568e+06,9.50455e+08,7.79794,0,0.0333626,3.99532e+08,0,7.02931e+06,2.74606e+08
"Bloom_Grouped2_Nonpart_AVX512_2/MTCount/550/48/1/5623413/100000000/10/iterations:5/manual_time",5,8.22207,3.15803,ms,,,,,,531457,3252.86,1.07351e+08,19724.2,9.22102e+07,7.73222e+06,11,3.50563e+06,9.99251e+08,8.22207,0,0.0281098,4.00528e+08,0,7.73222e+06,2.84273e+08
"Bloom_Grouped2_Nonpart_AVX512_2/MTCount/600/48/1/5623413/100000000/10/iterations:5/manual_time",5,8.55717,3.10904,ms,,,,,,611592,3574.22,1.08101e+08,20122.2,9.29779e+07,8.43514e+06,12,3.97487e+06,1.03814e+09,8.55717,0,0.0240174,3.97723e+08,0,8.43514e+06,2.93561e+08
"Bloom_Grouped2_Nonpart_AVX512_2/MTCount/650/48/1/5623413/100000000/10/iterations:5/manual_time",5,8.72154,2.58789,ms,,,,,,631425,3317.84,1.08483e+08,21477.7,9.40738e+07,9.13805e+06,13,4.33447e+06,1.06034e+09,8.72154,0,0.0207667,3.90311e+08,0,9.13805e+06,3.03509e+08
"Bloom_Grouped2_Nonpart_AVX512_2/MTCount/700/48/1/5623413/100000000/10/iterations:5/manual_time",5,8.77933,2.45277,ms,,,,,,798829,3728.84,1.0868e+08,21952,9.48049e+07,9.84102e+06,14.0001,4.72831e+06,1.09609e+09,8.77933,0,0.0181363,3.87677e+08,0,9.84102e+06,3.14151e+08
"Bloom_Grouped2_Nonpart_AVX512_2/MTCount/750/48/1/5623413/100000000/10/iterations:5/manual_time",5,8.91273,2.40717,ms,,,,,,999748,4246.14,1.08566e+08,21633.7,9.57889e+07,1.05439e+07,15.0001,5.09217e+06,1.12555e+09,8.91273,0,0.0159738,3.82694e+08,0,1.05439e+07,3.22575e+08
"Bloom_Grouped2_Nonpart_AVX512_2/MTCount/800/48/1/5623413/100000000/10/iterations:5/manual_time",5,9.17003,2.41395,ms,,,,,,1.6366e+06,4007.19,1.09112e+08,22276.2,9.65782e+07,1.12468e+07,16,5.44964e+06,1.16768e+09,9.17003,0,0.0141893,3.81118e+08,0,1.12468e+07,3.32749e+08
"Bloom_Grouped2_Nonpart_AVX512_2/MTCount/850/48/1/5623413/100000000/10/iterations:5/manual_time",5,9.3201,2.43149,ms,,,,,,1.729e+06,4597.5,1.08691e+08,22123.3,9.72785e+07,1.19498e+07,17,5.7948e+06,1.18554e+09,9.3201,0,0.0126904,3.75352e+08,0,1.19498e+07,3.37859e+08
"Bloom_Grouped2_Nonpart_AVX512_2/MTCount/900/48/1/5623413/100000000/10/iterations:5/manual_time",5,9.51137,2.85514,ms,,,,,,4.95585e+06,4723.88,1.08293e+08,22072.1,9.89136e+07,1.26527e+07,18.0001,6.10394e+06,1.21819e+09,9.51137,0,0.0114029,3.69978e+08,0,1.26527e+07,3.47819e+08
"Bloom_Grouped2_Nonpart_AVX512_2/MTCount/950/48/1/5623413/100000000/10/iterations:5/manual_time",5,9.76035,2.40311,ms,,,,,,7.77634e+06,5066.72,1.09853e+08,20896.6,9.6624e+07,1.33556e+07,19.0001,6.22393e+06,1.23726e+09,9.76035,0,0.0103118,3.74522e+08,0,1.33556e+07,3.51861e+08
"Bloom_Grouped2_Nonpart_AVX512_2/MTCount/1000/48/1/5623413/100000000/10/iterations:5/manual_time",5,9.78617,2.82893,ms,,,,,,1.33044e+07,5251.04,1.09372e+08,22071.7,9.85584e+07,1.40586e+07,20,6.42578e+06,1.26259e+09,9.78617,0,0.00937818,3.66659e+08,0,1.40586e+07,3.59782e+08
"Bloom_Grouped2_Nonpart_AVX512_2/MTCount/1050/48/1/5623413/100000000/10/iterations:5/manual_time",5,9.84361,3.07517,ms,,,,,,1.85951e+07,5340.88,1.0913e+08,21584.6,9.94579e+07,1.47615e+07,21,6.5702e+06,1.28229e+09,9.84361,0,0.00856232,3.64184e+08,0,1.47615e+07,3.67094e+08
"Bloom_Grouped2_Nonpart_AVX512_2/MTCount/1100/48/1/5623413/100000000/10/iterations:5/manual_time",5,9.90242,3.1752,ms,,,,,,2.23189e+07,5370.96,1.09e+08,22343.3,1.00375e+08,1.54644e+07,22.0001,6.62692e+06,1.30808e+09,9.90242,0,0.00784248,3.61007e+08,0,1.54644e+07,3.73494e+08
"Bloom_Grouped2_Nonpart_AVX512_2/MTCount/1150/48/1/5623413/100000000/10/iterations:5/manual_time",5,10.0396,2.73914,ms,,,,,,2.41026e+07,5353.17,1.09222e+08,21710,1.00652e+08,1.61674e+07,23.0001,6.63936e+06,1.3065e+09,10.0396,0,0.00723064,3.55611e+08,0,1.61674e+07,3.71755e+08
"Bloom_Grouped2_Nonpart_AVX512_2/MTCount/1200/48/1/5623413/100000000/10/iterations:5/manual_time",5,10.2963,3.14998,ms,,,,,,2.66447e+07,6197.25,1.09639e+08,19113.9,9.94481e+07,1.68703e+07,24,6.6285e+06,1.3292e+09,10.2963,0,0.00666905,3.57171e+08,0,1.68703e+07,3.72825e+08
"Bloom_Grouped2_Nonpart_AVX512_2/MTCount/1250/48/1/5623413/100000000/10/iterations:5/manual_time",5,10.5113,3.21155,ms,,,,,,2.94024e+07,6224.45,1.1007e+08,18836.8,9.87911e+07,1.75732e+07,25,6.56961e+06,1.34145e+09,10.5113,0,0.00616792,3.56945e+08,0,1.75732e+07,3.75319e+08
"Bloom_Grouped2_Nonpart_AVX512_2/MTCount/1300/48/1/5623413/100000000/10/iterations:5/manual_time",5,10.7007,3.16709,ms,,,,,,3.1862e+07,5141.49,1.10897e+08,18607.3,9.89183e+07,1.82761e+07,26,6.45486e+06,1.36114e+09,10.7007,0,0.00574522,3.55497e+08,0,1.82761e+07,3.81857e+08
"Bloom_Grouped2_Nonpart_AVX512_2/MTCount/200/48/1/10000000/100000000/10/iterations:5/manual_time",5,6.56209,3.32403,ms,,,,,,346116,3600.91,1.03638e+08,16274.2,8.49622e+07,5.00006e+06,4.00005,396226,7.54111e+08,6.56209,0,0.155566,4.39035e+08,0,5.00006e+06,2.13703e+08
"Bloom_Grouped2_Nonpart_AVX512_2/MTCount/250/48/1/10000000/100000000/10/iterations:5/manual_time",5,6.72859,3.19596,ms,,,,,,349439,3715.47,1.04661e+08,16036,8.90635e+07,6.25005e+06,5.00004,691615,7.79839e+08,6.72859,0,0.109369,4.2454e+08,0,6.25005e+06,2.22069e+08
"Bloom_Grouped2_Nonpart_AVX512_2/MTCount/300/48/1/10000000/100000000/10/iterations:5/manual_time",5,7.00889,3.2103,ms,,,,,,400962,3387.51,1.04986e+08,15810.8,9.20901e+07,7.50003e+06,6.00003,1.08399e+06,8.20875e+08,7.00889,0,0.0810172,4.22904e+08,0,7.50003e+06,2.32609e+08
"Bloom_Grouped2_Nonpart_AVX512_2/MTCount/350/48/1/10000000/100000000/10/iterations:5/manual_time",5,7.45721,3.28759,ms,,,,,,536003,3434.33,1.05717e+08,15606.1,9.42983e+07,8.75002e+06,7.00001,1.55227e+06,8.54425e+08,7.45721,0,0.0623923,4.10033e+08,0,8.75002e+06,2.43756e+08
"Bloom_Grouped2_Nonpart_AVX512_2/MTCount/400/48/1/10000000/100000000/10/iterations:5/manual_time",5,7.42986,2.56338,ms,,,,,,616835,2498.29,1.06767e+08,18436.5,9.51383e+07,1.00001e+07,8.00005,2.01416e+06,8.97641e+08,7.42986,0,0.0495007,4.13619e+08,0,1.00001e+07,2.58243e+08
"Bloom_Grouped2_Nonpart_AVX512_2/MTCount/450/48/1/10000000/100000000/10/iterations:5/manual_time",5,8.08325,3.35875,ms,,,,,,1.274e+06,3363.71,1.08057e+08,19617.9,9.56456e+07,1.125e+07,9.00004,2.53178e+06,9.51639e+08,8.08325,0,0.0402799,4.14676e+08,0,1.125e+07,2.7067e+08
"Bloom_Grouped2_Nonpart_AVX512_2/MTCount/500/48/1/10000000/100000000/10/iterations:5/manual_time",5,8.50957,2.64612,ms,,,,,,2.36368e+06,3497.98,1.12604e+08,20107.2,9.52271e+07,1.25e+07,10,2.98023e+06,9.90262e+08,8.50957,0,0.033379,4.10728e+08,0,1.25e+07,2.83871e+08
"Bloom_Grouped2_Nonpart_AVX512_2/MTCount/550/48/1/10000000/100000000/10/iterations:5/manual_time",5,8.54202,2.53061,ms,,,,,,1.00272e+07,2939.03,1.08124e+08,21422.2,9.87896e+07,1.375e+07,11,3.51387e+06,1.07113e+09,8.54202,0,0.028167,4.00626e+08,0,1.375e+07,3.05711e+08
"Bloom_Grouped2_Nonpart_AVX512_2/MTCount/600/48/1/10000000/100000000/10/iterations:5/manual_time",5,9.20748,2.74931,ms,,,,,,1.7857e+07,3669.14,1.09143e+08,21182.8,9.79332e+07,1.50001e+07,12.0001,3.94188e+06,1.1432e+09,9.20748,0,0.0240507,4.02227e+08,0,1.50001e+07,3.23857e+08
"Bloom_Grouped2_Nonpart_AVX512_2/MTCount/650/48/1/10000000/100000000/10/iterations:5/manual_time",5,9.58054,2.82175,ms,,,,,,2.35536e+07,3900.67,1.08895e+08,20813.3,9.9141e+07,1.625e+07,13,4.36993e+06,1.20483e+09,9.58054,0,0.0207854,3.92506e+08,0,1.625e+07,3.40554e+08
"Bloom_Grouped2_Nonpart_AVX512_2/MTCount/700/48/1/10000000/100000000/10/iterations:5/manual_time",5,9.99966,2.97862,ms,,,,,,2.91156e+07,4710.82,1.0936e+08,20174.2,9.95972e+07,1.75e+07,14,4.8006e+06,1.29035e+09,9.99966,0,0.0181526,3.90119e+08,0,1.75e+07,3.61219e+08
"Bloom_Grouped2_Nonpart_AVX512_2/MTCount/750/48/1/10000000/100000000/10/iterations:5/manual_time",5,10.5723,2.9665,ms,,,,,,3.37931e+07,6613.63,1.09717e+08,19950.1,9.97446e+07,1.875e+07,15,5.18988e+06,1.39075e+09,10.5723,0,0.0159816,3.86256e+08,0,1.875e+07,3.86825e+08
"Bloom_Grouped2_Nonpart_AVX512_2/MTCount/800/48/1/10000000/100000000/10/iterations:5/manual_time",5,11.493,2.97918,ms,,,,,,3.73932e+07,6350.44,1.10936e+08,18515.4,9.87172e+07,2.00001e+07,16.0001,5.49373e+06,1.52298e+09,11.493,0,0.0141866,3.86701e+08,0,2.00001e+07,4.19723e+08
"Bloom_Grouped2_Nonpart_AVX512_2/MTCount/850/48/1/10000000/100000000/10/iterations:5/manual_time",5,12.2415,3.02265,ms,,,,,,4.10744e+07,6767.18,1.11731e+08,17492,9.83006e+07,2.125e+07,17,5.79868e+06,1.66135e+09,12.2415,0,0.0127067,3.84511e+08,0,2.125e+07,4.53442e+08
"Bloom_Grouped2_Nonpart_AVX512_2/MTCount/900/48/1/10000000/100000000/10/iterations:5/manual_time",5,12.616,3.50648,ms,,,,,,4.56171e+07,8494.22,1.12618e+08,17285.5,9.8322e+07,2.25e+07,18,6.0473e+06,1.78704e+09,12.616,0,0.0114177,3.82672e+08,0,2.25e+07,4.86945e+08
"Bloom_Grouped2_Nonpart_AVX512_2/MTCount/950/48/1/10000000/100000000/10/iterations:5/manual_time",5,13.3614,3.36997,ms,,,,,,4.81852e+07,8173.88,1.12763e+08,16629.8,9.85831e+07,2.375e+07,19,6.26178e+06,1.90752e+09,13.3614,0,0.0103192,3.79188e+08,0,2.375e+07,5.17767e+08
"Bloom_Grouped2_Nonpart_AVX512_2/MTCount/1000/48/1/10000000/100000000/10/iterations:5/manual_time",5,13.7696,3.28278,ms,,,,,,5.06874e+07,8388.5,1.12761e+08,16396,9.89464e+07,2.50001e+07,20.0001,6.39522e+06,1.98104e+09,13.7696,0,0.00939153,3.76216e+08,0,2.50001e+07,5.371e+08
"Bloom_Grouped2_Nonpart_AVX512_2/MTCount/1050/48/1/10000000/100000000/10/iterations:5/manual_time",5,14.3363,3.25513,ms,,,,,,5.28072e+07,7487.02,1.12459e+08,16229.2,9.95178e+07,2.625e+07,21,6.49902e+06,2.05757e+09,14.3363,0,0.00858144,3.70946e+08,0,2.625e+07,5.58318e+08
"Bloom_Grouped2_Nonpart_AVX512_2/MTCount/1100/48/1/10000000/100000000/10/iterations:5/manual_time",5,14.4392,3.47006,ms,,,,,,5.48597e+07,7871.02,1.12694e+08,17122.8,9.93601e+07,2.75e+07,22,6.54046e+06,2.12737e+09,14.4392,0,0.00786245,3.71198e+08,0,2.75e+07,5.75409e+08
"Bloom_Grouped2_Nonpart_AVX512_2/MTCount/1150/48/1/10000000/100000000/10/iterations:5/manual_time",5,14.9147,3.50546,ms,,,,,,5.68623e+07,7040.95,1.12509e+08,16329.6,9.98407e+07,2.875e+07,23,6.56174e+06,2.20826e+09,14.9147,0,0.00723849,3.67642e+08,0,2.875e+07,5.96437e+08
"Bloom_Grouped2_Nonpart_AVX512_2/MTCount/1200/48/1/10000000/100000000/10/iterations:5/manual_time",5,15.4061,3.08249,ms,,,,,,5.84676e+07,5751.72,1.12426e+08,18220.2,9.97964e+07,3.00001e+07,24.0001,6.53677e+06,2.26931e+09,15.4061,0,0.00668544,3.6561e+08,0,3.00001e+07,6.10868e+08
"Bloom_Grouped2_Nonpart_AVX512_2/MTCount/1250/48/1/10000000/100000000/10/iterations:5/manual_time",5,15.9279,3.01477,ms,,,,,,6.00902e+07,5868.31,1.12589e+08,19288.7,9.98068e+07,3.125e+07,25,6.50474e+06,2.32131e+09,15.9279,0,0.0061917,3.643e+08,0,3.125e+07,6.24669e+08
"Bloom_Grouped2_Nonpart_AVX512_2/MTCount/1300/48/1/10000000/100000000/10/iterations:5/manual_time",5,15.7931,3.40795,ms,,,,,,6.16843e+07,5180.29,1.12611e+08,18645.1,1.00081e+08,3.25e+07,26,6.42125e+06,2.36722e+09,15.7931,0,0.00574727,3.61079e+08,0,3.25e+07,6.36835e+08
"Bloom_Grouped2_Nonpart_AVX512_2/MTCount/200/48/1/17782794/100000000/10/iterations:5/manual_time",5,6.64313,3.14323,ms,,,,,,669900,3960.44,1.09206e+08,15298.2,9.30097e+07,8.89146e+06,4.00003,371139,7.62439e+08,6.64313,0,0.155505,4.42738e+08,0,8.89146e+06,2.20131e+08
"Bloom_Grouped2_Nonpart_AVX512_2/MTCount/250/48/1/17782794/100000000/10/iterations:5/manual_time",5,6.96444,3.15078,ms,,,,,,1.21985e+06,3223.18,1.02086e+08,16052.6,9.62395e+07,1.11143e+07,5.00003,694133,8.16093e+08,6.96444,0,0.109344,4.22717e+08,0,1.11143e+07,2.31987e+08
"Bloom_Grouped2_Nonpart_AVX512_2/MTCount/300/48/1/17782794/100000000/10/iterations:5/manual_time",5,7.59886,3.32115,ms,,,,,,7.2165e+06,3637.79,1.03585e+08,18561.7,9.77851e+07,1.33372e+07,6.00003,1.08224e+06,8.89116e+08,7.59886,0,0.0810345,4.27772e+08,0,1.33372e+07,2.50517e+08
"Bloom_Grouped2_Nonpart_AVX512_2/MTCount/350/48/1/17782794/100000000/10/iterations:5/manual_time",5,7.94229,2.54293,ms,,,,,,2.00556e+07,2598.65,1.06161e+08,22069.2,9.91299e+07,1.556e+07,7.00002,1.54095e+06,9.8688e+08,7.94229,0,0.0623599,4.21546e+08,0,1.556e+07,2.78884e+08
"Bloom_Grouped2_Nonpart_AVX512_2/MTCount/400/48/1/17782794/100000000/10/iterations:5/manual_time",5,8.97986,3.29934,ms,,,,,,2.94522e+07,4799.78,1.09586e+08,19770,9.81184e+07,1.77828e+07,8.00002,2.05739e+06,1.12304e+09,8.97986,0,0.0495175,4.27423e+08,0,1.77828e+07,3.1175e+08
"Bloom_Grouped2_Nonpart_AVX512_2/MTCount/450/48/1/17782794/100000000/10/iterations:5/manual_time",5,10.2142,3.06239,ms,,,,,,3.74383e+07,5388.65,1.09767e+08,18894.7,9.95267e+07,2.00057e+07,9.00002,2.53231e+06,1.34308e+09,10.2142,0,0.0402684,4.19752e+08,0,2.00057e+07,3.69608e+08
"Bloom_Grouped2_Nonpart_AVX512_2/MTCount/500/48/1/17782794/100000000/10/iterations:5/manual_time",5,12.1578,3.07961,ms,,,,,,4.38722e+07,7207.16,1.1172e+08,17914,9.80916e+07,2.22285e+07,10,3.04641e+06,1.6372e+09,12.1578,0,0.0333902,4.20028e+08,0,2.22285e+07,4.43167e+08
"Bloom_Grouped2_Nonpart_AVX512_2/MTCount/550/48/1/17782794/100000000/10/iterations:5/manual_time",5,13.072,3.33892,ms,,,,,,4.95023e+07,6841.17,1.12565e+08,16769.4,9.89438e+07,2.44514e+07,11,3.56175e+06,1.87507e+09,13.072,0,0.0281266,4.12424e+08,0,2.44514e+07,5.04046e+08
"Bloom_Grouped2_Nonpart_AVX512_2/MTCount/600/48/1/17782794/100000000/10/iterations:5/manual_time",5,13.9434,3.19106,ms,,,,,,5.36051e+07,6656.18,1.12311e+08,16021.2,9.92396e+07,2.66742e+07,12,3.98192e+06,2.05627e+09,13.9434,0,0.0240299,4.07744e+08,0,2.66742e+07,5.51075e+08
"Bloom_Grouped2_Nonpart_AVX512_2/MTCount/650/48/1/17782794/100000000/10/iterations:5/manual_time",5,15.3244,3.21792,ms,,,,,,5.69319e+07,5202.56,1.1221e+08,17153.5,9.94517e+07,2.88971e+07,13,4.38516e+06,2.28078e+09,15.3244,0,0.0207957,4.04179e+08,0,2.88971e+07,6.08891e+08
"Bloom_Grouped2_Nonpart_AVX512_2/MTCount/700/48/1/17782794/100000000/10/iterations:5/manual_time",5,15.9879,2.97689,ms,,,,,,6.00088e+07,3891.05,1.12263e+08,19265.4,9.98268e+07,3.11199e+07,14,4.77062e+06,2.46207e+09,15.9879,0,0.0181248,4.00613e+08,0,3.11199e+07,6.56479e+08
"Bloom_Grouped2_Nonpart_AVX512_2/MTCount/750/48/1/17782794/100000000/10/iterations:5/manual_time",5,16.7547,3.12397,ms,,,,,,6.2719e+07,4307.13,1.12539e+08,21536.7,9.9828e+07,3.33428e+07,15,5.11472e+06,2.62603e+09,16.7547,0,0.0159718,3.95609e+08,0,3.33428e+07,6.99011e+08
"Bloom_Grouped2_Nonpart_AVX512_2/MTCount/800/48/1/17782794/100000000/10/iterations:5/manual_time",5,17.6785,3.19507,ms,,,,,,6.51985e+07,5724.82,1.12905e+08,21474.1,9.99623e+07,3.55656e+07,16,5.43309e+06,2.74674e+09,17.6785,0,0.0142018,3.91037e+08,0,3.55656e+07,7.31102e+08
"Bloom_Grouped2_Nonpart_AVX512_2/MTCount/850/48/1/17782794/100000000/10/iterations:5/manual_time",5,17.9533,2.99844,ms,,,,,,6.71493e+07,5235.79,1.12859e+08,21404.7,1.0037e+08,3.77885e+07,17,5.72346e+06,2.83099e+09,17.9533,0,0.01268,3.88205e+08,0,3.77885e+07,7.53701e+08
"Bloom_Grouped2_Nonpart_AVX512_2/MTCount/900/48/1/17782794/100000000/10/iterations:5/manual_time",5,18.5478,3.07138,ms,,,,,,6.90891e+07,6991.94,1.13056e+08,20918.9,1.0053e+08,4.00113e+07,18,5.99211e+06,2.92353e+09,18.5478,0,0.0114019,3.84566e+08,0,4.00113e+07,7.78747e+08
"Bloom_Grouped2_Nonpart_AVX512_2/MTCount/950/48/1/17782794/100000000/10/iterations:5/manual_time",5,19.2142,3.35807,ms,,,,,,7.09821e+07,9302.67,1.13313e+08,20430,1.00469e+08,4.22342e+07,19,6.19623e+06,2.9983e+09,19.2142,0,0.0103161,3.7921e+08,0,4.22342e+07,7.99065e+08
"Bloom_Grouped2_Nonpart_AVX512_2/MTCount/1000/48/1/17782794/100000000/10/iterations:5/manual_time",5,19.0859,3.23697,ms,,,,,,7.23013e+07,8408.72,1.13296e+08,20849.5,1.00756e+08,4.4457e+07,20,6.33363e+06,3.01898e+09,19.0859,0,0.0093799,3.7693e+08,0,4.4457e+07,8.04869e+08
"Bloom_Grouped2_Nonpart_AVX512_2/MTCount/1050/48/1/17782794/100000000/10/iterations:5/manual_time",5,19.7666,3.37357,ms,,,,,,7.379e+07,8175.72,1.13464e+08,19664.1,1.00971e+08,4.66799e+07,21,6.42586e+06,3.0917e+09,19.7666,0,0.00856168,3.74996e+08,0,4.66799e+07,8.25332e+08
"Bloom_Grouped2_Nonpart_AVX512_2/MTCount/1100/48/1/17782794/100000000/10/iterations:5/manual_time",5,19.9821,3.25817,ms,,,,,,7.49852e+07,9414.93,1.13587e+08,19612.3,1.0102e+08,4.89027e+07,22,6.50117e+06,3.12414e+09,19.9821,0,0.00784778,3.70505e+08,0,4.89027e+07,8.33651e+08
"Bloom_Grouped2_Nonpart_AVX512_2/MTCount/1150/48/1/17782794/100000000/10/iterations:5/manual_time",5,20.2409,3.38869,ms,,,,,,7.6232e+07,9354.79,1.13574e+08,19991.1,1.01385e+08,5.11256e+07,23,6.50943e+06,3.15476e+09,20.2409,0,0.00721968,3.68124e+08,0,5.11256e+07,8.43133e+08
"Bloom_Grouped2_Nonpart_AVX512_2/MTCount/1200/48/1/17782794/100000000/10/iterations:5/manual_time",5,20.3172,3.03483,ms,,,,,,7.70225e+07,7991.31,1.13575e+08,21189.6,1.01553e+08,5.33484e+07,24,6.48495e+06,3.20516e+09,20.3172,0,0.00667394,3.67812e+08,0,5.33484e+07,8.5738e+08
"Bloom_Grouped2_Nonpart_AVX512_2/MTCount/1250/48/1/17782794/100000000/10/iterations:5/manual_time",5,20.9551,3.34807,ms,,,,,,7.79859e+07,8590.59,1.13688e+08,20793.2,1.0158e+08,5.55713e+07,25,6.45441e+06,3.24234e+09,20.9551,0,0.00616977,3.63349e+08,0,5.55713e+07,8.66982e+08
"Bloom_Grouped2_Nonpart_AVX512_2/MTCount/1300/48/1/17782794/100000000/10/iterations:5/manual_time",5,20.591,3.10494,ms,,,,,,7.88072e+07,7542.53,1.13658e+08,22311.4,1.01785e+08,5.77941e+07,26,6.39324e+06,3.27898e+09,20.591,0,0.00573511,3.62807e+08,0,5.77941e+07,8.77581e+08
"Bloom_Grouped2_Nonpart_AVX512_2/MTCount/200/48/1/31622777/100000000/10/iterations:5/manual_time",5,7.3319,2.5535,ms,,,,,,2.14263e+07,2634.26,1.05347e+08,18673.6,9.93908e+07,1.58114e+07,4,366790,8.92845e+08,7.3319,0,0.155533,4.29491e+08,0,1.58114e+07,2.54717e+08
"Bloom_Grouped2_Nonpart_AVX512_2/MTCount/250/48/1/31622777/100000000/10/iterations:5/manual_time",5,9.1551,2.92687,ms,,,,,,3.62379e+07,4328.48,1.08843e+08,20281.9,9.93433e+07,1.97643e+07,5.00001,684913,1.19445e+09,9.1551,0,0.10943,4.41492e+08,0,1.97643e+07,3.27914e+08
"Bloom_Grouped2_Nonpart_AVX512_2/MTCount/300/48/1/31622777/100000000/10/iterations:5/manual_time",5,11.5749,3.34324,ms,,,,,,4.79337e+07,7530.74,1.11788e+08,17524,9.90615e+07,2.37171e+07,6.00001,1.08812e+06,1.6583e+09,11.5749,0,0.0810381,4.40682e+08,0,2.37171e+07,4.45192e+08
"Bloom_Grouped2_Nonpart_AVX512_2/MTCount/350/48/1/31622777/100000000/10/iterations:5/manual_time",5,13.4822,3.1557,ms,,,,,,5.56889e+07,7579.54,1.12702e+08,16138.2,9.88538e+07,2.767e+07,7.00001,1.61213e+06,2.03546e+09,13.4822,0,0.0624099,4.38255e+08,0,2.767e+07,5.4136e+08
"Bloom_Grouped2_Nonpart_AVX512_2/MTCount/400/48/1/31622777/100000000/10/iterations:5/manual_time",5,16.3132,3.13993,ms,,,,,,6.06111e+07,4019.3,1.12281e+08,17132.1,9.96893e+07,3.16228e+07,8,2.07917e+06,2.39366e+09,16.3132,0,0.0495425,4.30957e+08,0,3.16228e+07,6.36362e+08
"Bloom_Grouped2_Nonpart_AVX512_2/MTCount/450/48/1/31622777/100000000/10/iterations:5/manual_time",5,17.0389,3.42699,ms,,,,,,6.51818e+07,4974.75,1.12721e+08,21649.5,9.99449e+07,3.55757e+07,9.00001,2.57169e+06,2.66458e+09,17.0389,0,0.0402875,4.24528e+08,0,3.55757e+07,7.07969e+08
"Bloom_Grouped2_Nonpart_AVX512_2/MTCount/500/48/1/31622777/100000000/10/iterations:5/manual_time",5,18.7497,3.30512,ms,,,,,,6.8859e+07,6959.05,1.12927e+08,20705.4,1.00085e+08,3.95285e+07,10,3.03202e+06,2.8759e+09,18.7497,0,0.0333982,4.20155e+08,0,3.95285e+07,7.63384e+08
"Bloom_Grouped2_Nonpart_AVX512_2/MTCount/550/48/1/31622777/100000000/10/iterations:5/manual_time",5,19.2605,3.36811,ms,,,,,,7.17268e+07,8094.03,1.13184e+08,20167.6,1.00322e+08,4.34813e+07,11,3.51278e+06,3.0515e+09,19.2605,0,0.0281591,4.15942e+08,0,4.34813e+07,8.09789e+08
"Bloom_Grouped2_Nonpart_AVX512_2/MTCount/600/48/1/31622777/100000000/10/iterations:5/manual_time",5,20.4474,3.34233,ms,,,,,,7.42395e+07,8284.35,1.13325e+08,20025,1.00548e+08,4.74342e+07,12,3.96029e+06,3.21e+09,20.4474,0,0.0240494,4.09896e+08,0,4.74342e+07,8.52009e+08
"Bloom_Grouped2_Nonpart_AVX512_2/MTCount/650/48/1/31622777/100000000/10/iterations:5/manual_time",5,20.9336,3.39298,ms,,,,,,7.62502e+07,7376.38,1.13499e+08,19091.9,1.00936e+08,5.13871e+07,13,4.39043e+06,3.35702e+09,20.9336,0,0.0207816,4.05548e+08,0,5.13871e+07,8.91074e+08
"Bloom_Grouped2_Nonpart_AVX512_2/MTCount/700/48/1/31622777/100000000/10/iterations:5/manual_time",5,21.6056,3.36038,ms,,,,,,7.79024e+07,6689.16,1.13426e+08,20402.5,1.01312e+08,5.53399e+07,14,4.78032e+06,3.4875e+09,21.6056,0,0.018142,4.01756e+08,0,5.53399e+07,9.25455e+08
"Bloom_Grouped2_Nonpart_AVX512_2/MTCount/750/48/1/31622777/100000000/10/iterations:5/manual_time",5,22.5964,3.3438,ms,,,,,,7.94776e+07,7083.72,1.13483e+08,20417,1.01513e+08,5.92927e+07,15,5.12838e+06,3.57304e+09,22.5964,0,0.0159937,3.97031e+08,0,5.92927e+07,9.47951e+08
"Bloom_Grouped2_Nonpart_AVX512_2/MTCount/800/48/1/31622777/100000000/10/iterations:5/manual_time",5,22.813,3.0609,ms,,,,,,8.08053e+07,7393.58,1.13548e+08,19728.6,1.01903e+08,6.32456e+07,16,5.4833e+06,3.64658e+09,22.813,0,0.0142044,3.91581e+08,0,6.32456e+07,9.67982e+08
"Bloom_Grouped2_Nonpart_AVX512_2/MTCount/850/48/1/31622777/100000000/10/iterations:5/manual_time",5,22.9888,3.0436,ms,,,,,,8.1868e+07,7160.86,1.138e+08,19912,1.02071e+08,6.71985e+07,17,5.76905e+06,3.74414e+09,22.9888,0,0.0127092,3.9093e+08,0,6.71985e+07,9.94672e+08
"Bloom_Grouped2_Nonpart_AVX512_2/MTCount/900/48/1/31622777/100000000/10/iterations:5/manual_time",5,23.3705,3.24773,ms,,,,,,8.29087e+07,7369.36,1.13886e+08,19611.3,1.02561e+08,7.11513e+07,18,6.0578e+06,3.79038e+09,23.3705,0,0.0114177,3.8523e+08,0,7.11513e+07,1.00807e+09
"Bloom_Grouped2_Nonpart_AVX512_2/MTCount/950/48/1/31622777/100000000/10/iterations:5/manual_time",5,24.288,3.11769,ms,,,,,,8.38338e+07,7246.01,1.13805e+08,19873.5,1.02971e+08,7.51041e+07,19,6.23099e+06,3.82335e+09,24.288,0,0.0103152,3.83048e+08,0,7.51041e+07,1.01777e+09
"Bloom_Grouped2_Nonpart_AVX512_2/MTCount/1000/48/1/31622777/100000000/10/iterations:5/manual_time",5,23.797,3.06475,ms,,,,,,8.46962e+07,7610.2,1.13702e+08,19663.6,1.03753e+08,7.9057e+07,20,6.37216e+06,3.83313e+09,23.797,0,0.00938341,3.82247e+08,0,7.9057e+07,1.02235e+09
"Bloom_Grouped2_Nonpart_AVX512_2/MTCount/1050/48/1/31622777/100000000/10/iterations:5/manual_time",5,23.7821,2.88657,ms,,,,,,8.53288e+07,7221.72,1.1374e+08,19646.5,1.04107e+08,8.30098e+07,21,6.48814e+06,3.86414e+09,23.7821,0,0.00857468,3.77946e+08,0,8.30098e+07,1.03197e+09
"Bloom_Grouped2_Nonpart_AVX512_2/MTCount/1100/48/1/31622777/100000000/10/iterations:5/manual_time",5,24.0097,3.05021,ms,,,,,,8.60481e+07,7507.82,1.13591e+08,19644.7,1.04658e+08,8.69627e+07,22,6.53988e+06,3.87222e+09,24.0097,0,0.0078726,3.74839e+08,0,8.69627e+07,1.03461e+09
"Bloom_Grouped2_Nonpart_AVX512_2/MTCount/1150/48/1/31622777/100000000/10/iterations:5/manual_time",5,24.3329,3.3775,ms,,,,,,8.6669e+07,7762.65,1.13717e+08,19503,1.04993e+08,9.09155e+07,23,6.57763e+06,3.87803e+09,24.3329,0,0.00723847,3.71641e+08,0,9.09155e+07,1.0371e+09
"Bloom_Grouped2_Nonpart_AVX512_2/MTCount/1200/48/1/31622777/100000000/10/iterations:5/manual_time",5,23.9812,3.49367,ms,,,,,,8.72003e+07,7879.16,1.13633e+08,18828.5,1.05373e+08,9.48684e+07,24,6.56388e+06,3.87981e+09,23.9812,0,0.0066828,3.68274e+08,0,9.48684e+07,1.03889e+09
"Bloom_Grouped2_Nonpart_AVX512_2/MTCount/1250/48/1/31622777/100000000/10/iterations:5/manual_time",5,24.185,2.97723,ms,,,,,,8.77709e+07,7637.6,1.13776e+08,19407.1,1.05894e+08,9.88212e+07,25,6.52119e+06,3.83849e+09,24.185,0,0.00619065,3.68177e+08,0,9.88212e+07,1.02879e+09
"Bloom_Grouped2_Nonpart_AVX512_2/MTCount/1300/48/1/31622777/100000000/10/iterations:5/manual_time",5,23.5165,3.44591,ms,,,,,,8.83221e+07,8641.46,1.13808e+08,18731.2,1.06089e+08,1.02774e+08,26,6.46015e+06,3.78857e+09,23.5165,0,0.00575328,3.64235e+08,0,1.02774e+08,1.01697e+09
"Bloom_Grouped2_Nonpart_AVX512_2/MTCount/200/48/1/56234133/100000000/10/iterations:5/manual_time",5,13.7619,3.04205,ms,,,,,,5.58925e+07,5669.86,1.12391e+08,15566,9.93444e+07,2.81171e+07,4.00001,460114,2.01574e+09,13.7619,0,0.155535,4.50683e+08,0,2.81171e+07,5.35894e+08
"Bloom_Grouped2_Nonpart_AVX512_2/MTCount/250/48/1/56234133/100000000/10/iterations:5/manual_time",5,16.5496,3.26683,ms,,,,,,6.45044e+07,3594.51,1.12371e+08,19310,9.99079e+07,3.51464e+07,5,773443,2.54841e+09,16.5496,0,0.10942,4.49027e+08,0,3.51464e+07,6.76966e+08
"Bloom_Grouped2_Nonpart_AVX512_2/MTCount/300/48/1/56234133/100000000/10/iterations:5/manual_time",5,18.4099,3.33097,ms,,,,,,7.08472e+07,6988.18,1.12924e+08,19816.8,1.00185e+08,4.21756e+07,6,1.11749e+06,2.91314e+09,18.4099,0,0.0810118,4.44008e+08,0,4.21756e+07,7.73251e+08
"Bloom_Grouped2_Nonpart_AVX512_2/MTCount/350/48/1/56234133/100000000/10/iterations:5/manual_time",5,20.5248,2.94833,ms,,,,,,7.51439e+07,7399.42,1.13138e+08,19505.8,1.00654e+08,4.92049e+07,7.00001,1.60481e+06,3.19556e+09,20.5248,0,0.0624048,4.38283e+08,0,4.92049e+07,8.47954e+08
"Bloom_Grouped2_Nonpart_AVX512_2/MTCount/400/48/1/56234133/100000000/10/iterations:5/manual_time",5,21.4339,3.34263,ms,,,,,,7.82813e+07,6628.18,1.13347e+08,19860,1.01158e+08,5.62342e+07,8.00001,2.09566e+06,3.46212e+09,21.4339,0,0.0495176,4.33536e+08,0,5.62342e+07,9.18515e+08
"Bloom_Grouped2_Nonpart_AVX512_2/MTCount/450/48/1/56234133/100000000/10/iterations:5/manual_time",5,22.4867,3.37905,ms,,,,,,8.0729e+07,7600.44,1.13609e+08,18775.4,1.01515e+08,6.32634e+07,9,2.62045e+06,3.65372e+09,22.4867,0,0.0402705,4.27822e+08,0,6.32634e+07,9.69063e+08
"Bloom_Grouped2_Nonpart_AVX512_2/MTCount/500/48/1/56234133/100000000/10/iterations:5/manual_time",5,23.2645,2.95111,ms,,,,,,8.26341e+07,6130.59,1.13586e+08,19891.9,1.02088e+08,7.02927e+07,10,3.0805e+06,3.80073e+09,23.2645,0,0.0333774,4.25086e+08,0,7.02927e+07,1.00829e+09
"Bloom_Grouped2_Nonpart_AVX512_2/MTCount/550/48/1/56234133/100000000/10/iterations:5/manual_time",5,23.3512,3.18526,ms,,,,,,8.4408e+07,7670.93,1.13738e+08,19204.7,1.02899e+08,7.7322e+07,11,3.5656e+06,3.86303e+09,23.3512,0,0.0281227,4.20014e+08,0,7.7322e+07,1.02456e+09
"Bloom_Grouped2_Nonpart_AVX512_2/MTCount/600/48/1/56234133/100000000/10/iterations:5/manual_time",5,24.5477,2.93789,ms,,,,,,8.55577e+07,5382.17,1.13717e+08,20120.6,1.03733e+08,8.43512e+07,12,4.04401e+06,4.03779e+09,24.5477,0,0.0240244,4.1246e+08,0,8.43512e+07,1.07076e+09
"Bloom_Grouped2_Nonpart_AVX512_2/MTCount/650/48/1/56234133/100000000/10/iterations:5/manual_time",5,25.0289,3.34875,ms,,,,,,8.65687e+07,4717.86,1.13539e+08,20372.3,1.04596e+08,9.13805e+07,13,4.45352e+06,4.12399e+09,25.0289,0,0.0208008,4.08167e+08,0,9.13805e+07,1.0934e+09
"Bloom_Grouped2_Nonpart_AVX512_2/MTCount/700/48/1/56234133/100000000/10/iterations:5/manual_time",5,25.3417,2.85549,ms,,,,,,8.74403e+07,4011.32,1.13569e+08,21811.3,1.05505e+08,9.84098e+07,14,4.797e+06,4.1789e+09,25.3417,0,0.0181491,4.06004e+08,0,9.84098e+07,1.10815e+09
"Bloom_Grouped2_Nonpart_AVX512_2/MTCount/750/48/1/56234133/100000000/10/iterations:5/manual_time",5,25.6232,2.99246,ms,,,,,,8.82364e+07,3661.67,1.13571e+08,21776.7,1.06185e+08,1.05439e+08,15,5.16594e+06,4.22541e+09,25.6232,0,0.015997,4.022e+08,0,1.05439e+08,1.12073e+09
"Bloom_Grouped2_Nonpart_AVX512_2/MTCount/800/48/1/56234133/100000000/10/iterations:5/manual_time",5,26.2586,3.33536,ms,,,,,,8.90848e+07,5111.88,1.13626e+08,21724.8,1.07512e+08,1.12468e+08,16,5.50135e+06,4.27115e+09,26.2586,0,0.0141954,3.96855e+08,0,1.12468e+08,1.13377e+09
"Bloom_Grouped2_Nonpart_AVX512_2/MTCount/850/48/1/56234133/100000000/10/iterations:5/manual_time",5,26.0529,3.45286,ms,,,,,,8.97227e+07,5567.82,1.13865e+08,21482,1.08397e+08,1.19498e+08,17,5.81462e+06,4.27809e+09,26.0529,0,0.0126767,3.92349e+08,0,1.19498e+08,1.13746e+09
"Bloom_Grouped2_Nonpart_AVX512_2/MTCount/900/48/1/56234133/100000000/10/iterations:5/manual_time",5,26.0428,3.22295,ms,,,,,,9.02226e+07,5423.47,1.13788e+08,22293.3,1.09279e+08,1.26527e+08,18,6.04915e+06,4.29674e+09,26.0428,0,0.0114053,3.9148e+08,0,1.26527e+08,1.1443e+09
"Bloom_Grouped2_Nonpart_AVX512_2/MTCount/950/48/1/56234133/100000000/10/iterations:5/manual_time",5,25.6854,3.30689,ms,,,,,,9.08006e+07,5879.6,1.13725e+08,22035.2,1.10959e+08,1.33556e+08,19,6.28485e+06,4.24334e+09,25.6854,0,0.0103321,3.86114e+08,0,1.33556e+08,1.1326e+09
"Bloom_Grouped2_Nonpart_AVX512_2/MTCount/1000/48/1/56234133/100000000/10/iterations:5/manual_time",5,26.6031,3.4718,ms,,,,,,9.13467e+07,6445.42,1.13924e+08,22350.3,1.1193e+08,1.40585e+08,20,6.41721e+06,4.26966e+09,26.6031,0,0.00937651,3.81374e+08,0,1.40585e+08,1.14083e+09
"Bloom_Grouped2_Nonpart_AVX512_2/MTCount/1050/48/1/56234133/100000000/10/iterations:5/manual_time",5,26.4386,3.44112,ms,,,,,,9.18628e+07,7074.38,1.14111e+08,21043.2,1.13342e+08,1.47615e+08,21,6.51861e+06,4.28957e+09,26.4386,0,0.00855323,3.78116e+08,0,1.47615e+08,1.14806e+09
"Bloom_Grouped2_Nonpart_AVX512_2/MTCount/1100/48/1/56234133/100000000/10/iterations:5/manual_time",5,26.6406,3.53388,ms,,,,,,9.20224e+07,6973.68,1.13838e+08,22279.4,1.15051e+08,1.54644e+08,22,6.54785e+06,4.28262e+09,26.6406,0,0.00784472,3.7806e+08,0,1.54644e+08,1.14744e+09
"Bloom_Grouped2_Nonpart_AVX512_2/MTCount/1150/48/1/56234133/100000000/10/iterations:5/manual_time",5,26.1567,3.27877,ms,,,,,,9.25108e+07,7022.07,1.13936e+08,21398.9,1.16674e+08,1.61673e+08,23,6.58088e+06,4.25649e+09,26.1567,0,0.00721575,3.76246e+08,0,1.61673e+08,1.14303e+09
"Bloom_Grouped2_Nonpart_AVX512_2/MTCount/1200/48/1/56234133/100000000/10/iterations:5/manual_time",5,26.2263,3.14514,ms,,,,,,9.29984e+07,8281.33,1.14172e+08,21562.7,1.1762e+08,1.68702e+08,24,6.56131e+06,4.27567e+09,26.2263,0,0.0066647,3.72021e+08,0,1.68702e+08,1.14866e+09
"Bloom_Grouped2_Nonpart_AVX512_2/MTCount/1250/48/1/56234133/100000000/10/iterations:5/manual_time",5,26.1128,3.18395,ms,,,,,,9.32331e+07,8317.89,1.14168e+08,21090.3,1.18876e+08,1.75732e+08,25,6.52942e+06,4.24879e+09,26.1128,0,0.00617261,3.70017e+08,0,1.75732e+08,1.14287e+09
"Bloom_Grouped2_Nonpart_AVX512_2/MTCount/1300/48/1/56234133/100000000/10/iterations:5/manual_time",5,26.3718,3.25488,ms,,,,,,9.35336e+07,7642.35,1.14003e+08,21079.5,1.20411e+08,1.82761e+08,26,6.4661e+06,4.21817e+09,26.3718,0,0.00573399,3.67306e+08,0,1.82761e+08,1.1352e+09
"Bloom_Grouped2_Nonpart_AVX512_2/MTCount/200/48/1/100000000/100000000/10/iterations:5/manual_time",5,19.9953,3.27466,ms,,,,,,7.57183e+07,8163.96,1.13179e+08,20168.1,1.00613e+08,5.00001e+07,4.00001,468407,3.17587e+09,19.9953,0,0.155519,4.53404e+08,0,5.00001e+07,8.42596e+08
"Bloom_Grouped2_Nonpart_AVX512_2/MTCount/250/48/1/100000000/100000000/10/iterations:5/manual_time",5,22.0567,3.03077,ms,,,,,,8.04876e+07,6398.32,1.13464e+08,19515.7,1.01418e+08,6.25e+07,5,825786,3.58952e+09,22.0567,0,0.109375,4.51442e+08,0,6.25e+07,9.52105e+08
"Bloom_Grouped2_Nonpart_AVX512_2/MTCount/300/48/1/100000000/100000000/10/iterations:5/manual_time",5,23.8227,3.423,ms,,,,,,8.38809e+07,7172.6,1.13661e+08,17279.6,1.02379e+08,7.50001e+07,6.00001,1.27041e+06,3.83881e+09,23.8227,0,0.0810171,4.4521e+08,0,7.50001e+07,1.01787e+09
"Bloom_Grouped2_Nonpart_AVX512_2/MTCount/350/48/1/100000000/100000000/10/iterations:5/manual_time",5,24.7227,3.34728,ms,,,,,,8.61423e+07,5556.84,1.13545e+08,18189.9,1.03999e+08,8.75e+07,7,1.68157e+06,4.02473e+09,24.7227,0,0.0624178,4.42372e+08,0,8.75e+07,1.06716e+09
"Bloom_Grouped2_Nonpart_AVX512_2/MTCount/400/48/1/100000000/100000000/10/iterations:5/manual_time",5,25.702,3.18565,ms,,,,,,8.7808e+07,4650.17,1.13609e+08,20787.8,1.05244e+08,1e+08,8.00001,2.16816e+06,4.14073e+09,25.702,0,0.0495386,4.36576e+08,0,1e+08,1.09791e+09
"Bloom_Grouped2_Nonpart_AVX512_2/MTCount/450/48/1/100000000/100000000/10/iterations:5/manual_time",5,25.7749,3.06317,ms,,,,,,8.91935e+07,4341.74,1.1345e+08,20909.6,1.07274e+08,1.125e+08,9,2.65613e+06,4.2527e+09,25.7749,0,0.04026,4.33971e+08,0,1.125e+08,1.12752e+09
"Bloom_Grouped2_Nonpart_AVX512_2/MTCount/500/48/1/100000000/100000000/10/iterations:5/manual_time",5,26.574,3.39327,ms,,,,,,9.02563e+07,4333.38,1.1371e+08,22257.9,1.08797e+08,1.25e+08,10,3.14044e+06,4.3336e+09,26.574,0,0.0333732,4.26296e+08,0,1.25e+08,1.14877e+09
"Bloom_Grouped2_Nonpart_AVX512_2/MTCount/550/48/1/100000000/100000000/10/iterations:5/manual_time",5,26.5448,3.01915,ms,,,,,,9.11597e+07,5978.07,1.13747e+08,23575.5,1.10635e+08,1.375e+08,11,3.59354e+06,4.43073e+09,26.5448,0,0.0281278,4.22004e+08,0,1.375e+08,1.17431e+09
"Bloom_Grouped2_Nonpart_AVX512_2/MTCount/600/48/1/100000000/100000000/10/iterations:5/manual_time",5,26.7822,3.26665,ms,,,,,,9.19312e+07,5191.61,1.13824e+08,23193.9,1.13452e+08,1.5e+08,12,4.04366e+06,4.48932e+09,26.7822,0,0.0240308,4.15326e+08,0,1.5e+08,1.19e+09
"Bloom_Grouped2_Nonpart_AVX512_2/MTCount/650/48/1/100000000/100000000/10/iterations:5/manual_time",5,27.1933,3.34261,ms,,,,,,9.25646e+07,5233.09,1.13812e+08,22367.5,1.16156e+08,1.625e+08,13,4.41922e+06,4.51902e+09,27.1933,0,0.0207796,4.10638e+08,0,1.625e+08,1.19781e+09
"Bloom_Grouped2_Nonpart_AVX512_2/MTCount/700/48/1/100000000/100000000/10/iterations:5/manual_time",5,27.545,3.36685,ms,,,,,,9.32944e+07,6150.81,1.1398e+08,23252.4,1.18313e+08,1.75e+08,14,4.77703e+06,4.52349e+09,27.545,0,0.0181477,4.04388e+08,0,1.75e+08,1.20005e+09
"Bloom_Grouped2_Nonpart_AVX512_2/MTCount/750/48/1/100000000/100000000/10/iterations:5/manual_time",5,27.9905,3.34043,ms,,,,,,9.37649e+07,6427.34,1.14033e+08,22894.6,1.20744e+08,1.875e+08,15,5.15543e+06,4.55552e+09,27.9905,0,0.0159855,3.9887e+08,0,1.875e+08,1.20985e+09
"Bloom_Grouped2_Nonpart_AVX512_2/MTCount/800/48/1/100000000/100000000/10/iterations:5/manual_time",5,28.0529,3.15734,ms,,,,,,9.4134e+07,5713.3,1.14012e+08,23270.7,1.22646e+08,2e+08,16,5.49001e+06,4.55821e+09,28.0529,0,0.014176,3.96931e+08,0,2e+08,1.21205e+09
"Bloom_Grouped2_Nonpart_AVX512_2/MTCount/850/48/1/100000000/100000000/10/iterations:5/manual_time",5,28.2348,3.17952,ms,,,,,,9.43705e+07,5330.44,1.13762e+08,23159.9,1.25485e+08,2.125e+08,17,5.81129e+06,4.60246e+09,28.2348,0,0.0126871,3.92507e+08,0,2.125e+08,1.22584e+09
"Bloom_Grouped2_Nonpart_AVX512_2/MTCount/900/48/1/100000000/100000000/10/iterations:5/manual_time",5,27.6982,3.16442,ms,,,,,,9.47405e+07,6135.94,1.1386e+08,23813.2,1.26846e+08,2.25e+08,18,6.05975e+06,4.57545e+09,27.6982,0,0.0113827,3.90543e+08,0,2.25e+08,1.22193e+09
"Bloom_Grouped2_Nonpart_AVX512_2/MTCount/950/48/1/100000000/100000000/10/iterations:5/manual_time",5,27.8184,3.44559,ms,,,,,,9.49471e+07,5835.07,1.13785e+08,21654.1,1.29024e+08,2.375e+08,19,6.27768e+06,4.57193e+09,27.8184,0,0.0103094,3.86086e+08,0,2.375e+08,1.223e+09
"Bloom_Grouped2_Nonpart_AVX512_2/MTCount/1000/48/1/100000000/100000000/10/iterations:5/manual_time",5,27.5693,3.47713,ms,,,,,,9.53312e+07,7004.06,1.13937e+08,22209.2,1.3113e+08,2.5e+08,20,6.42668e+06,4.52789e+09,27.5693,0,0.00936748,3.82134e+08,0,2.5e+08,1.21351e+09
"Bloom_Grouped2_Nonpart_AVX512_2/MTCount/1050/48/1/100000000/100000000/10/iterations:5/manual_time",5,27.7845,3.24799,ms,,,,,,9.55855e+07,6361.19,1.14038e+08,22536.9,1.33088e+08,2.625e+08,21,6.51859e+06,4.47484e+09,27.7845,0,0.00855657,3.80551e+08,0,2.625e+08,1.20187e+09
"Bloom_Grouped2_Nonpart_AVX512_2/MTCount/1100/48/1/100000000/100000000/10/iterations:5/manual_time",5,27.3917,3.50337,ms,,,,,,9.57494e+07,6675.77,1.13942e+08,21725.5,1.35144e+08,2.75e+08,22,6.5836e+06,4.46748e+09,27.3917,0,0.00783315,3.76102e+08,0,2.75e+08,1.20168e+09
"Bloom_Grouped2_Nonpart_AVX512_2/MTCount/1150/48/1/100000000/100000000/10/iterations:5/manual_time",5,27.7753,3.25492,ms,,,,,,9.59341e+07,6083.83,1.13877e+08,22123.5,1.37078e+08,2.875e+08,23,6.58135e+06,4.43825e+09,27.7753,0,0.00722071,3.74524e+08,0,2.875e+08,1.19564e+09
"Bloom_Grouped2_Nonpart_AVX512_2/MTCount/1200/48/1/100000000/100000000/10/iterations:5/manual_time",5,27.5847,3.20032,ms,,,,,,9.61254e+07,6009.83,1.13995e+08,22746.8,1.38775e+08,3e+08,24,6.5687e+06,4.43449e+09,27.5847,0,0.00666352,3.71672e+08,0,3e+08,1.19592e+09
"Bloom_Grouped2_Nonpart_AVX512_2/MTCount/1250/48/1/100000000/100000000/10/iterations:5/manual_time",5,27.5408,3.19901,ms,,,,,,9.63943e+07,6065.13,1.1386e+08,22460.7,1.40889e+08,3.125e+08,25,6.565e+06,4.44116e+09,27.5408,0,0.00617406,3.71316e+08,0,3.125e+08,1.19951e+09
"Bloom_Grouped2_Nonpart_AVX512_2/MTCount/1300/48/1/100000000/100000000/10/iterations:5/manual_time",5,27.382,3.19021,ms,,,,,,9.65092e+07,6522.26,1.14108e+08,23267.6,1.42507e+08,3.25e+08,26,6.48693e+06,4.39007e+09,27.382,0,0.00573526,3.65493e+08,0,3.25e+08,1.18593e+09
"Bloom_Grouped2_Nonpart_AVX512_4/MTCount/100/48/1/10000/100000000/10/iterations:5/manual_time",5,4.75392,3.07009,ms,,,,,,205848,4242.75,1.28178e+07,10640.9,441072,5056,4.0448,373559,4.87969e+08,4.75392,0,0.162639,5.2132e+08,0,5056,1.38293e+08
"Bloom_Grouped2_Nonpart_AVX512_4/MTCount/125/48/1/10000/100000000/10/iterations:5/manual_time",5,5.02797,2.97748,ms,,,,,,205485,5124.28,1.26314e+07,11835.9,442639,6272,5.0176,877012,5.31832e+08,5.02797,0,0.0961801,4.87835e+08,0,6272,1.49692e+08
"Bloom_Grouped2_Nonpart_AVX512_4/MTCount/150/48/1/10000/100000000/10/iterations:5/manual_time",5,5.40525,2.99937,ms,,,,,,204963,4998.89,1.28156e+07,11396.4,434342,7552,6.0416,1.75013e+06,5.833e+08,5.40525,0,0.0592961,4.98418e+08,0,7552,1.64693e+08
"Bloom_Grouped2_Nonpart_AVX512_4/MTCount/175/48/1/10000/100000000/10/iterations:5/manual_time",5,5.80488,3.02298,ms,,,,,,205038,4634.49,1.28251e+07,12328.5,457081,8768,7.0144,2.77311e+06,6.46012e+08,5.80488,0,0.0385638,4.75882e+08,0,8768,1.85361e+08
"Bloom_Grouped2_Nonpart_AVX512_4/MTCount/200/48/1/10000/100000000/10/iterations:5/manual_time",5,6.25778,3.01111,ms,,,,,,201680,4035.45,1.31166e+07,16722.1,477754,10048,8.0384,3.63506e+06,7.27333e+08,6.25778,0,0.0261206,4.87615e+08,0,10048,2.04208e+08
"Bloom_Grouped2_Nonpart_AVX512_4/MTCount/225/48/1/10000/100000000/10/iterations:5/manual_time",5,6.75092,3.00403,ms,,,,,,203684,4235.22,1.31567e+07,14539,446506,11264,9.0112,4.56608e+06,7.94887e+08,6.75092,0,0.0185416,4.6791e+08,0,11264,2.23517e+08
"Bloom_Grouped2_Nonpart_AVX512_4/MTCount/250/48/1/10000/100000000/10/iterations:5/manual_time",5,7.22753,3.0256,ms,,,,,,203987,3737.83,1.32782e+07,16157.5,475385,12544,10.0352,5.61502e+06,8.74383e+08,7.22753,0,0.0134737,4.49895e+08,0,12544,2.45985e+08
"Bloom_Grouped2_Nonpart_AVX512_4/MTCount/275/48/1/10000/100000000/10/iterations:5/manual_time",5,7.54303,3.04918,ms,,,,,,205546,3783.79,1.36278e+07,17928.1,462129,13760,11.008,6.23437e+06,9.21925e+08,7.54303,0,0.0102059,4.40839e+08,0,13760,2.58152e+08
"Bloom_Grouped2_Nonpart_AVX512_4/MTCount/300/48/1/10000/100000000/10/iterations:5/manual_time",5,7.7072,3.04524,ms,,,,,,204353,3755.47,1.42166e+07,20564.9,454542,15040,12.032,6.46153e+06,9.41868e+08,7.7072,0,0.00768387,4.37525e+08,0,15040,2.63143e+08
"Bloom_Grouped2_Nonpart_AVX512_4/MTCount/325/48/1/10000/100000000/10/iterations:5/manual_time",5,7.78647,3.01335,ms,,,,,,204583,3447.03,1.42137e+07,17786.9,417880,16256,13.0048,6.44301e+06,9.29334e+08,7.78647,0,0.00598876,4.22635e+08,0,16256,2.59422e+08
"Bloom_Grouped2_Nonpart_AVX512_4/MTCount/350/48/1/10000/100000000/10/iterations:5/manual_time",5,7.34276,3.09295,ms,,,,,,202683,3756.75,1.53046e+07,19667.5,450401,17536,14.0288,6.02012e+06,8.91491e+08,7.34276,0,0.00474527,4.19481e+08,0,17536,2.49124e+08
"Bloom_Grouped2_Nonpart_AVX512_4/MTCount/375/48/1/10000/100000000/10/iterations:5/manual_time",5,6.99676,3.03085,ms,,,,,,203271,3538.26,1.57359e+07,18177.1,416938,18752,15.0016,5.59587e+06,8.48319e+08,6.99676,0,0.00381482,4.06228e+08,0,18752,2.35306e+08
"Bloom_Grouped2_Nonpart_AVX512_4/MTCount/400/48/1/10000/100000000/10/iterations:5/manual_time",5,6.64691,2.95384,ms,,,,,,204164,3690.44,1.63462e+07,15070.9,422213,20032,16.0256,5.13217e+06,7.94645e+08,6.64691,0,0.0030727,3.95055e+08,0,20032,2.22085e+08
"Bloom_Grouped2_Nonpart_AVX512_4/MTCount/425/48/1/10000/100000000/10/iterations:5/manual_time",5,6.53611,3.11548,ms,,,,,,204734,4291.79,1.75394e+07,14487.9,493775,21312,17.0496,4.74151e+06,7.57039e+08,6.53611,0,0.00252547,3.86054e+08,0,21312,2.11329e+08
"Bloom_Grouped2_Nonpart_AVX512_4/MTCount/450/48/1/10000/100000000/10/iterations:5/manual_time",5,6.25352,3.11825,ms,,,,,,202904,4877.02,1.88844e+07,14133.3,564149,22528,18.0224,4.33081e+06,7.2893e+08,6.25352,0,0.00210411,3.84792e+08,0,22528,2.02276e+08
"Bloom_Grouped2_Nonpart_AVX512_4/MTCount/475/48/1/10000/100000000/10/iterations:5/manual_time",5,6.00858,3.09092,ms,,,,,,203507,4168.39,1.99637e+07,17539.1,631906,23808,19.0464,4.02199e+06,7.05293e+08,6.00858,0,0.00178019,3.8076e+08,0,23808,1.94094e+08
"Bloom_Grouped2_Nonpart_AVX512_4/MTCount/500/48/1/10000/100000000/10/iterations:5/manual_time",5,6.09128,3.15762,ms,,,,,,206427,5086.53,2.183e+07,11963.3,611085,25024,20.0192,3.76842e+06,6.64598e+08,6.09128,0,0.00150332,3.65639e+08,0,25024,1.87179e+08
"Bloom_Grouped2_Nonpart_AVX512_4/MTCount/525/48/1/10000/100000000/10/iterations:5/manual_time",5,5.88242,3.11966,ms,,,,,,206645,4954.06,2.38704e+07,12714.1,671499,26304,21.0432,3.52565e+06,6.48538e+08,5.88242,0,0.00126705,3.60907e+08,0,26304,1.81994e+08
"Bloom_Grouped2_Nonpart_AVX512_4/MTCount/550/48/1/10000/100000000/10/iterations:5/manual_time",5,5.73498,3.08205,ms,,,,,,205626,4939.68,2.55412e+07,13784.8,746875,27520,22.016,3.33024e+06,6.37777e+08,5.73498,0,0.00112217,3.53743e+08,0,27520,1.78807e+08
"Bloom_Grouped2_Nonpart_AVX512_4/MTCount/575/48/1/10000/100000000/10/iterations:5/manual_time",5,5.67987,3.07488,ms,,,,,,207494,5338.81,2.75561e+07,12490.5,779777,28800,23.04,3.08849e+06,6.22575e+08,5.67987,0,0.00096624,3.54753e+08,0,28800,1.74378e+08
"Bloom_Grouped2_Nonpart_AVX512_4/MTCount/600/48/1/10000/100000000/10/iterations:5/manual_time",5,5.5435,3.20898,ms,,,,,,207251,5448.45,3.01059e+07,12218.2,902416,30016,24.0128,2.87612e+06,6.2056e+08,5.5435,0,0.00083653,3.62834e+08,0,30016,1.72408e+08
"Bloom_Grouped2_Nonpart_AVX512_4/MTCount/625/48/1/10000/100000000/10/iterations:5/manual_time",5,5.43427,3.15615,ms,,,,,,206988,5359.7,3.20178e+07,11542.7,950297,31296,25.0368,2.73514e+06,6.17466e+08,5.43427,0,0.00073124,3.5814e+08,0,31296,1.70319e+08
"Bloom_Grouped2_Nonpart_AVX512_4/MTCount/650/48/1/10000/100000000/10/iterations:5/manual_time",5,5.38389,3.14267,ms,,,,,,205770,5456.92,3.4636e+07,12611,994613,32512,26.0096,2.52333e+06,6.01502e+08,5.38389,0,0.0006427,3.6453e+08,0,32512,1.6666e+08
"Bloom_Grouped2_Nonpart_AVX512_4/MTCount/100/48/1/17783/100000000/10/iterations:5/manual_time",5,4.77451,3.06866,ms,,,,,,203842,4805.2,1.28594e+07,11011.3,434608,8896,4.00202,321840,4.86452e+08,4.77451,0,0.163492,5.35374e+08,0,8896,1.38213e+08
"Bloom_Grouped2_Nonpart_AVX512_4/MTCount/125/48/1/17783/100000000/10/iterations:5/manual_time",5,5.02493,3.05311,ms,,,,,,203801,4872.33,1.31719e+07,10874.4,432300,11136,5.00973,840484,5.18191e+08,5.02493,0,0.0959374,5.14449e+08,0,11136,1.47662e+08
"Bloom_Grouped2_Nonpart_AVX512_4/MTCount/150/48/1/17783/100000000/10/iterations:5/manual_time",5,5.48764,3.05839,ms,,,,,,205992,5124.42,1.33509e+07,11968.3,424393,13376,6.01743,1.76777e+06,5.87417e+08,5.48764,0,0.0586161,4.92368e+08,0,13376,1.65393e+08
"Bloom_Grouped2_Nonpart_AVX512_4/MTCount/175/48/1/17783/100000000/10/iterations:5/manual_time",5,5.97404,2.96142,ms,,,,,,202937,4392.93,1.40108e+07,13313.1,458858,15616,7.02514,2.67204e+06,6.56673e+08,5.97404,0,0.0385074,5.06194e+08,0,15616,1.84941e+08
"Bloom_Grouped2_Nonpart_AVX512_4/MTCount/200/48/1/17783/100000000/10/iterations:5/manual_time",5,6.27494,3.03141,ms,,,,,,203585,4181.71,1.49808e+07,15510.4,441389,17792,8.00405,3.58417e+06,7.29801e+08,6.27494,0,0.0264518,4.83259e+08,0,17792,2.03967e+08
"Bloom_Grouped2_Nonpart_AVX512_4/MTCount/225/48/1/17783/100000000/10/iterations:5/manual_time",5,6.82047,3.04205,ms,,,,,,202707,3940.73,1.6627e+07,19344.8,431014,20032,9.01175,4.52656e+06,8.06837e+08,6.82047,0,0.0185369,4.77418e+08,0,20032,2.26234e+08
"Bloom_Grouped2_Nonpart_AVX512_4/MTCount/250/48/1/17783/100000000/10/iterations:5/manual_time",5,7.38418,2.74665,ms,,,,,,204584,3428.56,1.80295e+07,19722.3,491352,22272,10.0195,5.57453e+06,8.97883e+08,7.38418,0,0.0134769,4.51325e+08,0,22272,2.53314e+08
"Bloom_Grouped2_Nonpart_AVX512_4/MTCount/275/48/1/17783/100000000/10/iterations:5/manual_time",5,7.63252,2.63197,ms,,,,,,204458,3046.61,2.07356e+07,17450,571778,24512,11.0272,6.22837e+06,9.5536e+08,7.63252,0,0.0100397,4.47125e+08,0,24512,2.68709e+08
"Bloom_Grouped2_Nonpart_AVX512_4/MTCount/300/48/1/17783/100000000/10/iterations:5/manual_time",5,7.79019,2.52306,ms,,,,,,205441,4059.25,2.45181e+07,21927,755788,26688,12.0061,6.47641e+06,9.86104e+08,7.79019,0,0.00767001,4.41606e+08,0,26688,2.7705e+08
"Bloom_Grouped2_Nonpart_AVX512_4/MTCount/325/48/1/17783/100000000/10/iterations:5/manual_time",5,7.80455,2.91802,ms,,,,,,205175,3142.3,2.80389e+07,19056.7,837709,28928,13.0138,6.39925e+06,9.70238e+08,7.80455,0,0.00596402,4.24093e+08,0,28928,2.71404e+08
"Bloom_Grouped2_Nonpart_AVX512_4/MTCount/350/48/1/17783/100000000/10/iterations:5/manual_time",5,7.85795,3.11044,ms,,,,,,204794,3627.89,3.22043e+07,17831.8,945453,31168,14.0215,6.07021e+06,9.39494e+08,7.85795,0,0.00469468,4.17308e+08,0,31168,2.62346e+08
"Bloom_Grouped2_Nonpart_AVX512_4/MTCount/375/48/1/17783/100000000/10/iterations:5/manual_time",5,7.46692,2.96596,ms,,,,,,205228,3377.53,3.5556e+07,18475.1,1.01349e+06,33344,15.0004,5.62413e+06,8.91348e+08,7.46692,0,0.00377554,4.02686e+08,0,33344,2.48263e+08
"Bloom_Grouped2_Nonpart_AVX512_4/MTCount/400/48/1/17783/100000000/10/iterations:5/manual_time",5,7.00729,3.05689,ms,,,,,,203808,3632.47,3.95547e+07,16760.8,991868,35584,16.0081,5.09764e+06,8.4934e+08,7.00729,0,0.00305464,4.01871e+08,0,35584,2.35541e+08
"Bloom_Grouped2_Nonpart_AVX512_4/MTCount/425/48/1/17783/100000000/10/iterations:5/manual_time",5,6.73512,3.09534,ms,,,,,,204842,3841.51,4.23697e+07,15847.4,1.04922e+06,37824,17.0158,4.74073e+06,8.14148e+08,6.73512,0,0.00254174,3.88796e+08,0,37824,2.26301e+08
"Bloom_Grouped2_Nonpart_AVX512_4/MTCount/450/48/1/17783/100000000/10/iterations:5/manual_time",5,6.7418,3.08106,ms,,,,,,204273,4163.59,4.5459e+07,16571.3,1.02499e+06,40064,18.0235,4.29515e+06,7.75268e+08,6.7418,0,0.00208848,3.86506e+08,0,40064,2.14821e+08
"Bloom_Grouped2_Nonpart_AVX512_4/MTCount/475/48/1/17783/100000000/10/iterations:5/manual_time",5,6.41394,3.12503,ms,,,,,,206725,4423.03,4.8499e+07,14668.6,1.02935e+06,42240,19.0024,4.03156e+06,7.4587e+08,6.41394,0,0.00177997,3.73173e+08,0,42240,2.07497e+08
"Bloom_Grouped2_Nonpart_AVX512_4/MTCount/500/48/1/17783/100000000/10/iterations:5/manual_time",5,6.19266,2.93082,ms,,,,,,207342,4914.05,5.08777e+07,14768.5,1.03526e+06,44480,20.0101,3.74132e+06,7.18553e+08,6.19266,0,0.00150533,3.6833e+08,0,44480,2.00801e+08
"Bloom_Grouped2_Nonpart_AVX512_4/MTCount/525/48/1/17783/100000000/10/iterations:5/manual_time",5,5.9135,2.98753,ms,,,,,,205881,4769.31,5.44326e+07,14127,1.03804e+06,46720,21.0178,3.41466e+06,6.96377e+08,5.9135,0,0.00128296,3.79878e+08,0,46720,1.94815e+08
"Bloom_Grouped2_Nonpart_AVX512_4/MTCount/550/48/1/17783/100000000/10/iterations:5/manual_time",5,5.92967,3.08943,ms,,,,,,205155,5321.21,5.60692e+07,13787.1,1.02416e+06,48960,22.0255,3.21952e+06,6.81786e+08,5.92967,0,0.00109364,3.75354e+08,0,48960,1.89317e+08
"Bloom_Grouped2_Nonpart_AVX512_4/MTCount/575/48/1/17783/100000000/10/iterations:5/manual_time",5,5.84124,2.93071,ms,,,,,,206398,4577.2,5.83292e+07,12978,1.03151e+06,51136,23.0044,3.06157e+06,6.50679e+08,5.84124,0,0.00094912,3.53761e+08,0,51136,1.83982e+08
"Bloom_Grouped2_Nonpart_AVX512_4/MTCount/600/48/1/17783/100000000/10/iterations:5/manual_time",5,5.58714,2.87495,ms,,,,,,207491,4513.41,6.06965e+07,12794.3,1.03333e+06,53376,24.0121,2.87179e+06,6.34868e+08,5.58714,0,0.00082075,3.52258e+08,0,53376,1.78877e+08
"Bloom_Grouped2_Nonpart_AVX512_4/MTCount/625/48/1/17783/100000000/10/iterations:5/manual_time",5,5.62071,2.93212,ms,,,,,,208691,4218.72,6.22524e+07,11600.1,1.01926e+06,55616,25.0199,2.69775e+06,6.32233e+08,5.62071,0,0.00072427,3.55526e+08,0,55616,1.76736e+08
"Bloom_Grouped2_Nonpart_AVX512_4/MTCount/650/48/1/17783/100000000/10/iterations:5/manual_time",5,5.54216,3.06735,ms,,,,,,208635,5159.29,6.39639e+07,12068.9,1.01816e+06,57856,26.0276,2.54166e+06,6.18633e+08,5.54216,0,0.00063604,3.58181e+08,0,57856,1.73287e+08
"Bloom_Grouped2_Nonpart_AVX512_4/MTCount/100/48/1/31623/100000000/10/iterations:5/manual_time",5,4.61281,2.87231,ms,,,,,,207005,5050.2,1.40902e+07,11131.9,400989,15872,4.01531,349189,4.7978e+08,4.61281,0,0.161825,5.28933e+08,0,15872,1.3844e+08
"Bloom_Grouped2_Nonpart_AVX512_4/MTCount/125/48/1/31623/100000000/10/iterations:5/manual_time",5,4.903,3.16998,ms,,,,,,210833,5519.27,1.61472e+07,10787.5,416376,19776,5.00294,924998,5.31568e+08,4.903,0,0.0948306,5.22819e+08,0,19776,1.5218e+08
"Bloom_Grouped2_Nonpart_AVX512_4/MTCount/150/48/1/31623/100000000/10/iterations:5/manual_time",5,5.77285,2.97842,ms,,,,,,203482,4664.81,2.08674e+07,14335.4,539280,23744,6.00677,1.73222e+06,6.05869e+08,5.77285,0,0.0589083,5.15406e+08,0,23744,1.74454e+08
"Bloom_Grouped2_Nonpart_AVX512_4/MTCount/175/48/1/31623/100000000/10/iterations:5/manual_time",5,6.20393,3.03832,ms,,,,,,204066,4387.81,2.56315e+07,15047.4,649011,27712,7.01059,2.71782e+06,7.11131e+08,6.20393,0,0.0383254,4.95548e+08,0,27712,1.98476e+08
"Bloom_Grouped2_Nonpart_AVX512_4/MTCount/200/48/1/31623/100000000/10/iterations:5/manual_time",5,6.69284,3.02765,ms,,,,,,203278,3890.84,3.30946e+07,16867.3,828164,31680,8.01442,3.57182e+06,7.94516e+08,6.69284,0,0.026285,4.87646e+08,0,31680,2.23463e+08
"Bloom_Grouped2_Nonpart_AVX512_4/MTCount/225/48/1/31623/100000000/10/iterations:5/manual_time",5,7.28912,2.98448,ms,,,,,,205855,3355.85,3.9328e+07,16743.4,880061,35584,9.00206,4.57004e+06,8.7092e+08,7.28912,0,0.0185317,4.60234e+08,0,35584,2.46413e+08
"Bloom_Grouped2_Nonpart_AVX512_4/MTCount/250/48/1/31623/100000000/10/iterations:5/manual_time",5,7.82769,3.04562,ms,,,,,,206573,4066.38,4.63534e+07,20611.2,883515,39552,10.0059,5.49112e+06,9.57618e+08,7.82769,0,0.0133863,4.64479e+08,0,39552,2.68649e+08
"Bloom_Grouped2_Nonpart_AVX512_4/MTCount/275/48/1/31623/100000000/10/iterations:5/manual_time",5,8.15823,3.06898,ms,,,,,,207057,3741.55,5.05805e+07,20054.8,884342,43520,11.0097,6.24216e+06,1.00958e+09,8.15823,0,0.0100985,4.46407e+08,0,43520,2.83127e+08
"Bloom_Grouped2_Nonpart_AVX512_4/MTCount/300/48/1/31623/100000000/10/iterations:5/manual_time",5,8.28042,2.92231,ms,,,,,,205347,3718.76,5.57974e+07,20082.1,945816,47488,12.0135,6.47501e+06,1.02249e+09,8.28042,0,0.00766377,4.39648e+08,0,47488,2.87189e+08
"Bloom_Grouped2_Nonpart_AVX512_4/MTCount/325/48/1/31623/100000000/10/iterations:5/manual_time",5,8.24279,3.08025,ms,,,,,,206206,3078.31,5.90686e+07,17294.6,974671,51392,13.0012,6.40875e+06,9.91354e+08,8.24279,0,0.00594374,4.19203e+08,0,51392,2.79928e+08
"Bloom_Grouped2_Nonpart_AVX512_4/MTCount/350/48/1/31623/100000000/10/iterations:5/manual_time",5,7.93399,3.01828,ms,,,,,,207113,3423.44,6.19206e+07,18660.7,1.01735e+06,55360,14.005,6.1006e+06,9.58018e+08,7.93399,0,0.00472555,4.10571e+08,0,55360,2.68657e+08
"Bloom_Grouped2_Nonpart_AVX512_4/MTCount/375/48/1/31623/100000000/10/iterations:5/manual_time",5,7.63286,2.97741,ms,,,,,,203903,3601.6,6.57052e+07,19933.3,1.00113e+06,59328,15.0088,5.54542e+06,9.08561e+08,7.63286,0,0.00375478,4.113e+08,0,59328,2.54899e+08
"Bloom_Grouped2_Nonpart_AVX512_4/MTCount/400/48/1/31623/100000000/10/iterations:5/manual_time",5,7.37301,2.98681,ms,,,,,,204961,3405.63,7.05244e+07,18360.5,1.02956e+06,63296,16.0126,5.05725e+06,8.50179e+08,7.37301,0,0.00310069,4.03944e+08,0,63296,2.42286e+08
"Bloom_Grouped2_Nonpart_AVX512_4/MTCount/425/48/1/31623/100000000/10/iterations:5/manual_time",5,6.80725,3.1013,ms,,,,,,204034,3487.08,6.99787e+07,18943.9,1.03898e+06,67200,17.0003,4.65898e+06,8.16457e+08,6.80725,0,0.00252307,3.95534e+08,0,67200,2.28045e+08
"Bloom_Grouped2_Nonpart_AVX512_4/MTCount/450/48/1/31623/100000000/10/iterations:5/manual_time",5,6.56181,3.04999,ms,,,,,,204518,4006.16,7.23048e+07,18286.9,1.02339e+06,71168,18.0041,4.26319e+06,7.78761e+08,6.56181,0,0.0021234,3.90408e+08,0,71168,2.17949e+08
"Bloom_Grouped2_Nonpart_AVX512_4/MTCount/475/48/1/31623/100000000/10/iterations:5/manual_time",5,6.54733,3.10276,ms,,,,,,206623,4326.43,7.24561e+07,14879.3,1.02935e+06,75136,19.0079,4.05042e+06,7.53708e+08,6.54733,0,0.00176644,3.73773e+08,0,75136,2.11832e+08
"Bloom_Grouped2_Nonpart_AVX512_4/MTCount/500/48/1/31623/100000000/10/iterations:5/manual_time",5,6.18916,3.08972,ms,,,,,,206200,5023.03,7.50424e+07,14471.2,1.02183e+06,79104,20.0118,3.68933e+06,7.23152e+08,6.18916,0,0.00149076,3.77246e+08,0,79104,2.02021e+08
"Bloom_Grouped2_Nonpart_AVX512_4/MTCount/525/48/1/31623/100000000/10/iterations:5/manual_time",5,6.09025,3.13742,ms,,,,,,206413,4287.81,7.62007e+07,15553.7,1.03207e+06,83072,21.0156,3.49616e+06,6.95892e+08,6.09025,0,0.00126982,3.62563e+08,0,83072,1.95527e+08
"Bloom_Grouped2_Nonpart_AVX512_4/MTCount/550/48/1/31623/100000000/10/iterations:5/manual_time",5,5.85305,2.66115,ms,,,,,,206370,4494.72,7.86551e+07,13347.5,1.00243e+06,86976,22.0032,3.25772e+06,6.62606e+08,5.85305,0,0.00110248,3.59232e+08,0,86976,1.90771e+08
"Bloom_Grouped2_Nonpart_AVX512_4/MTCount/575/48/1/31623/100000000/10/iterations:5/manual_time",5,5.61932,2.61485,ms,,,,,,207451,4844.49,8.00399e+07,12553.1,996908,90944,23.0071,3.02774e+06,6.5781e+08,5.61932,0,0.00095432,3.63824e+08,0,90944,1.85441e+08
"Bloom_Grouped2_Nonpart_AVX512_4/MTCount/600/48/1/31623/100000000/10/iterations:5/manual_time",5,5.49686,2.63762,ms,,,,,,208477,5366.4,8.11763e+07,12990.6,973573,94912,24.0109,2.83207e+06,6.41807e+08,5.49686,0,0.00083219,3.59116e+08,0,94912,1.80253e+08
"Bloom_Grouped2_Nonpart_AVX512_4/MTCount/625/48/1/31623/100000000/10/iterations:5/manual_time",5,5.41309,2.66019,ms,,,,,,208497,5221.96,8.15643e+07,13447.1,1.00359e+06,98880,25.0147,2.65538e+06,6.27034e+08,5.41309,0,0.00072931,3.66795e+08,0,98880,1.77025e+08
"Bloom_Grouped2_Nonpart_AVX512_4/MTCount/650/48/1/31623/100000000/10/iterations:5/manual_time",5,5.49493,2.92609,ms,,,,,,209949,5268.92,8.27798e+07,12866.4,1.02747e+06,102784,26.0023,2.56873e+06,6.24329e+08,5.49493,0,0.00064843,3.51798e+08,0,102784,1.74396e+08
"Bloom_Grouped2_Nonpart_AVX512_4/MTCount/100/48/1/56234/100000000/10/iterations:5/manual_time",5,5.12636,2.8908,ms,,,,,,205872,4538.25,2.61081e+07,11172.5,587053,28160,4.00612,338615,5.47461e+08,5.12636,0,0.162222,5.16257e+08,0,28160,1.53659e+08
"Bloom_Grouped2_Nonpart_AVX512_4/MTCount/125/48/1/56234/100000000/10/iterations:5/manual_time",5,5.55125,2.96865,ms,,,,,,207068,4691.71,3.87935e+07,11538.4,842850,35200,5.00765,886611,6.20387e+08,5.55125,0,0.0950711,5.14997e+08,0,35200,1.73792e+08
"Bloom_Grouped2_Nonpart_AVX512_4/MTCount/150/48/1/56234/100000000/10/iterations:5/manual_time",5,6.08962,2.97284,ms,,,,,,204622,3732.82,4.88529e+07,13236.6,837326,42176,6.00007,1.69785e+06,6.80595e+08,6.08962,0,0.0596379,5.13067e+08,0,42176,1.91107e+08
"Bloom_Grouped2_Nonpart_AVX512_4/MTCount/175/48/1/56234/100000000/10/iterations:5/manual_time",5,6.47184,2.99194,ms,,,,,,205836,4048.43,5.62943e+07,13813.2,884173,49216,7.0016,2.69814e+06,7.53015e+08,6.47184,0,0.0385926,4.90171e+08,0,49216,2.12324e+08
"Bloom_Grouped2_Nonpart_AVX512_4/MTCount/200/48/1/56234/100000000/10/iterations:5/manual_time",5,6.90286,2.73845,ms,,,,,,204701,3840.03,6.19828e+07,16018.2,860514,56256,8.00313,3.60568e+06,8.14104e+08,6.90286,0,0.0261164,4.82541e+08,0,56256,2.32437e+08
"Bloom_Grouped2_Nonpart_AVX512_4/MTCount/225/48/1/56234/100000000/10/iterations:5/manual_time",5,7.4123,2.95308,ms,,,,,,205720,3915.13,6.77714e+07,20393.9,905707,63296,9.00466,4.54946e+06,8.9524e+08,7.4123,0,0.0185243,4.75276e+08,0,63296,2.51133e+08
"Bloom_Grouped2_Nonpart_AVX512_4/MTCount/250/48/1/56234/100000000/10/iterations:5/manual_time",5,7.88904,2.70158,ms,,,,,,205334,3809.76,7.27236e+07,20934.3,864819,70336,10.0062,5.46555e+06,9.59927e+08,7.88904,0,0.0134505,4.64183e+08,0,70336,2.73051e+08
"Bloom_Grouped2_Nonpart_AVX512_4/MTCount/275/48/1/56234/100000000/10/iterations:5/manual_time",5,8.04781,2.77744,ms,,,,,,207041,3455.16,7.55373e+07,19579,908352,77376,11.0077,6.20005e+06,1.00789e+09,8.04781,0,0.010064,4.47513e+08,0,77376,2.84939e+08
"Bloom_Grouped2_Nonpart_AVX512_4/MTCount/300/48/1/56234/100000000/10/iterations:5/manual_time",5,8.48728,2.88122,ms,,,,,,211257,3667.29,7.79953e+07,21660.7,948099,84352,12.0001,6.52418e+06,1.0269e+09,8.48728,0,0.00769595,4.32912e+08,0,84352,2.87736e+08
"Bloom_Grouped2_Nonpart_AVX512_4/MTCount/325/48/1/56234/100000000/10/iterations:5/manual_time",5,8.08901,2.81473,ms,,,,,,207552,3802.5,8.15489e+07,21908.2,940679,91392,13.0017,6.3441e+06,1.00127e+09,8.08901,0,0.00599413,4.29126e+08,0,91392,2.83651e+08
"Bloom_Grouped2_Nonpart_AVX512_4/MTCount/350/48/1/56234/100000000/10/iterations:5/manual_time",5,7.7116,2.74083,ms,,,,,,207220,3303.64,8.20605e+07,19439.3,971045,98432,14.0032,6.03681e+06,9.57154e+08,7.7116,0,0.00470911,4.13947e+08,0,98432,2.69998e+08
"Bloom_Grouped2_Nonpart_AVX512_4/MTCount/375/48/1/56234/100000000/10/iterations:5/manual_time",5,7.39424,2.57018,ms,,,,,,206331,3644.23,8.45272e+07,19553.3,975633,105472,15.0047,5.54838e+06,9.0561e+08,7.39424,0,0.00381847,4.12409e+08,0,105472,2.56184e+08
"Bloom_Grouped2_Nonpart_AVX512_4/MTCount/400/48/1/56234/100000000/10/iterations:5/manual_time",5,7.15453,3.05309,ms,,,,,,205345,3736.08,8.49851e+07,18019.9,1.01e+06,112512,16.0063,5.1307e+06,8.65302e+08,7.15453,0,0.00306933,4.02178e+08,0,112512,2.42563e+08
"Bloom_Grouped2_Nonpart_AVX512_4/MTCount/425/48/1/56234/100000000/10/iterations:5/manual_time",5,6.85391,2.53515,ms,,,,,,205979,3947.89,8.65417e+07,17689.9,1.01062e+06,119552,17.0078,4.66657e+06,8.16885e+08,6.85391,0,0.00253436,3.97778e+08,0,119552,2.31328e+08
"Bloom_Grouped2_Nonpart_AVX512_4/MTCount/450/48/1/56234/100000000/10/iterations:5/manual_time",5,6.52049,2.48648,ms,,,,,,205849,4350.87,8.85466e+07,16979.1,1.03167e+06,126528,18.0002,4.2913e+06,7.82975e+08,6.52049,0,0.00212173,3.97634e+08,0,126528,2.21843e+08
"Bloom_Grouped2_Nonpart_AVX512_4/MTCount/475/48/1/56234/100000000/10/iterations:5/manual_time",5,6.29417,2.52213,ms,,,,,,206728,4977.81,8.77271e+07,17139.2,1.0043e+06,133568,19.0017,3.96736e+06,7.46823e+08,6.29417,0,0.00176606,3.80362e+08,0,133568,2.10749e+08
"Bloom_Grouped2_Nonpart_AVX512_4/MTCount/500/48/1/56234/100000000/10/iterations:5/manual_time",5,6.08025,2.51036,ms,,,,,,206225,4546.11,8.8254e+07,16304.5,1.00884e+06,140608,20.0033,3.71037e+06,7.22508e+08,6.08024,0,0.00150909,3.75154e+08,0,140608,2.04399e+08
"Bloom_Grouped2_Nonpart_AVX512_4/MTCount/525/48/1/56234/100000000/10/iterations:5/manual_time",5,5.9147,2.49117,ms,,,,,,206839,4928.15,9.03697e+07,16566.2,1.01421e+06,147648,21.0048,3.41668e+06,6.97737e+08,5.9147,0,0.00128342,3.77833e+08,0,147648,1.97e+08
"Bloom_Grouped2_Nonpart_AVX512_4/MTCount/550/48/1/56234/100000000/10/iterations:5/manual_time",5,5.77557,2.49801,ms,,,,,,210360,4402.66,9.18735e+07,13654.6,990171,154688,22.0063,3.25337e+06,6.68756e+08,5.77557,0,0.0011025,3.60346e+08,0,154688,1.91624e+08
"Bloom_Grouped2_Nonpart_AVX512_4/MTCount/575/48/1/56234/100000000/10/iterations:5/manual_time",5,5.68076,2.51865,ms,,,,,,206477,4931.42,9.02154e+07,15956.6,1.00568e+06,161728,23.0079,3.03798e+06,6.59489e+08,5.68076,0,0.00096539,3.60688e+08,0,161728,1.86189e+08
"Bloom_Grouped2_Nonpart_AVX512_4/MTCount/600/48/1/56234/100000000/10/iterations:5/manual_time",5,5.66182,2.89451,ms,,,,,,211965,5616.54,9.28541e+07,13520.1,1.04566e+06,168704,24.0003,2.84481e+06,6.50992e+08,5.66182,0,0.00084312,3.67279e+08,0,168704,1.82445e+08
"Bloom_Grouped2_Nonpart_AVX512_4/MTCount/625/48/1/56234/100000000/10/iterations:5/manual_time",5,5.70442,3.13835,ms,,,,,,209111,5093.05,9.34575e+07,13757.1,1.04177e+06,175744,25.0018,2.65238e+06,6.38602e+08,5.70442,0,0.00073786,3.66588e+08,0,175744,1.78206e+08
"Bloom_Grouped2_Nonpart_AVX512_4/MTCount/650/48/1/56234/100000000/10/iterations:5/manual_time",5,5.84867,3.20062,ms,,,,,,216266,5354.47,9.45645e+07,11885.5,1.03881e+06,182784,26.0033,2.58738e+06,6.24561e+08,5.84867,0,0.00064782,3.52676e+08,0,182784,1.75488e+08
"Bloom_Grouped2_Nonpart_AVX512_4/MTCount/100/48/1/100000/100000000/10/iterations:5/manual_time",5,5.50938,3.00926,ms,,,,,,207197,4895,5.75676e+07,11582.5,837702,50048,4.00384,336436,6.00977e+08,5.50938,0,0.163586,5.32741e+08,0,50048,1.69068e+08
"Bloom_Grouped2_Nonpart_AVX512_4/MTCount/125/48/1/100000/100000000/10/iterations:5/manual_time",5,5.84787,3.04902,ms,,,,,,207195,5176.93,6.66878e+07,13685.2,878636,62528,5.00224,863461,6.38087e+08,5.84787,0,0.0955778,5.26522e+08,0,62528,1.79736e+08
"Bloom_Grouped2_Nonpart_AVX512_4/MTCount/150/48/1/100000/100000000/10/iterations:5/manual_time",5,6.3141,2.98138,ms,,,,,,205681,4562.73,7.36896e+07,12948,833033,75008,6.00064,1.70232e+06,6.86316e+08,6.3141,0,0.0595371,5.09817e+08,0,75008,1.94642e+08
"Bloom_Grouped2_Nonpart_AVX512_4/MTCount/175/48/1/100000/100000000/10/iterations:5/manual_time",5,6.61644,2.89314,ms,,,,,,206647,3981.08,7.80928e+07,13811.3,868913,87552,7.00416,2.68096e+06,7.51002e+08,6.61644,0,0.0386807,4.93659e+08,0,87552,2.12763e+08
"Bloom_Grouped2_Nonpart_AVX512_4/MTCount/200/48/1/100000/100000000/10/iterations:5/manual_time",5,7.10606,3.00526,ms,,,,,,205693,3589.01,8.20783e+07,15397.7,889646,100032,8.00256,3.6105e+06,8.20341e+08,7.10606,0,0.0263618,4.81648e+08,0,100032,2.32872e+08
"Bloom_Grouped2_Nonpart_AVX512_4/MTCount/225/48/1/100000/100000000/10/iterations:5/manual_time",5,7.42896,3.07479,ms,,,,,,206660,3774.2,8.55562e+07,17697.1,893997,112512,9.00096,4.54365e+06,8.95068e+08,7.42896,0,0.0185854,4.73044e+08,0,112512,2.53113e+08
"Bloom_Grouped2_Nonpart_AVX512_4/MTCount/250/48/1/100000/100000000/10/iterations:5/manual_time",5,7.95522,3.12032,ms,,,,,,207229,3619.36,8.81294e+07,20133.7,912957,125056,10.0045,5.50716e+06,9.68452e+08,7.95522,0,0.0135017,4.59708e+08,0,125056,2.73892e+08
"Bloom_Grouped2_Nonpart_AVX512_4/MTCount/275/48/1/100000/100000000/10/iterations:5/manual_time",5,8.60125,2.85323,ms,,,,,,208563,3391.73,8.93604e+07,20587.8,913096,137536,11.0029,6.25585e+06,1.01862e+09,8.60125,0,0.0100484,4.4339e+08,0,137536,2.87871e+08
"Bloom_Grouped2_Nonpart_AVX512_4/MTCount/300/48/1/100000/100000000/10/iterations:5/manual_time",5,8.36202,3.0592,ms,,,,,,209989,3817.61,9.26122e+07,21263.8,975645,150016,12.0013,6.47947e+06,1.02705e+09,8.36202,0,0.0077,4.36758e+08,0,150016,2.90645e+08
"Bloom_Grouped2_Nonpart_AVX512_4/MTCount/325/48/1/100000/100000000/10/iterations:5/manual_time",5,8.27396,3.09631,ms,,,,,,210298,3804.7,9.29055e+07,20341.8,974024,162560,13.0048,6.4345e+06,1.00918e+09,8.27396,0,0.00599124,4.25401e+08,0,162560,2.84489e+08
"Bloom_Grouped2_Nonpart_AVX512_4/MTCount/350/48/1/100000/100000000/10/iterations:5/manual_time",5,7.92582,3.06153,ms,,,,,,209149,3375.61,9.44169e+07,18722.7,970038,175040,14.0032,6.06839e+06,9.6035e+08,7.92582,0,0.00472055,4.13452e+08,0,175040,2.71545e+08
"Bloom_Grouped2_Nonpart_AVX512_4/MTCount/375/48/1/100000/100000000/10/iterations:5/manual_time",5,7.6078,3.10512,ms,,,,,,208844,3801.5,9.3999e+07,19798.6,1.01732e+06,187520,15.0016,5.64034e+06,9.19222e+08,7.6078,0,0.00380638,4.06025e+08,0,187520,2.58221e+08
"Bloom_Grouped2_Nonpart_AVX512_4/MTCount/400/48/1/100000/100000000/10/iterations:5/manual_time",5,7.20193,2.55989,ms,,,,,,213451,3691.33,9.93671e+07,16605.4,1.03603e+06,200064,16.0051,5.03259e+06,8.4746e+08,7.20193,0,0.00308722,4.02709e+08,0,200064,2.4365e+08
"Bloom_Grouped2_Nonpart_AVX512_4/MTCount/425/48/1/100000/100000000/10/iterations:5/manual_time",5,6.85383,2.56739,ms,,,,,,207608,3718.53,9.73724e+07,21885.6,1.07402e+06,212544,17.0035,4.63981e+06,8.15263e+08,6.85383,0,0.00253654,3.96669e+08,0,212544,2.31034e+08
"Bloom_Grouped2_Nonpart_AVX512_4/MTCount/450/48/1/100000/100000000/10/iterations:5/manual_time",5,6.44403,2.55755,ms,,,,,,207675,4298.31,9.6941e+07,15568.3,1.03075e+06,225024,18.0019,4.28766e+06,7.7525e+08,6.44403,0,0.00211223,3.89064e+08,0,225024,2.20366e+08
"Bloom_Grouped2_Nonpart_AVX512_4/MTCount/475/48/1/100000/100000000/10/iterations:5/manual_time",5,6.31179,2.52182,ms,,,,,,210521,4389.54,9.5931e+07,16398.9,1.03122e+06,237504,19.0003,4.0098e+06,7.49261e+08,6.31179,0,0.00177362,3.74507e+08,0,237504,2.13588e+08
"Bloom_Grouped2_Nonpart_AVX512_4/MTCount/500/48/1/100000/100000000/10/iterations:5/manual_time",5,6.11928,2.48045,ms,,,,,,210498,4545.94,9.76312e+07,14849.6,1.06234e+06,250048,20.0038,3.70241e+06,7.2339e+08,6.11928,0,0.00150246,3.79481e+08,0,250048,2.04819e+08
"Bloom_Grouped2_Nonpart_AVX512_4/MTCount/525/48/1/100000/100000000/10/iterations:5/manual_time",5,6.04666,3.15205,ms,,,,,,215947,5329.69,9.83637e+07,14133.8,1.07403e+06,262528,21.0022,3.46453e+06,7.02479e+08,6.04666,0,0.00128685,3.68646e+08,0,262528,1.9667e+08
"Bloom_Grouped2_Nonpart_AVX512_4/MTCount/550/48/1/100000/100000000/10/iterations:5/manual_time",5,6.09109,3.08825,ms,,,,,,207969,4407.42,9.78959e+07,15563.2,1.13105e+06,275008,22.0006,3.21332e+06,6.8718e+08,6.09109,0,0.00109976,3.75597e+08,0,275008,1.92243e+08
"Bloom_Grouped2_Nonpart_AVX512_4/MTCount/575/48/1/100000/100000000/10/iterations:5/manual_time",5,5.81989,2.62969,ms,,,,,,217802,4667.26,9.98237e+07,13496.6,1.08018e+06,287552,23.0042,3.01941e+06,6.57093e+08,5.81989,0,0.00095833,3.59237e+08,0,287552,1.87026e+08
"Bloom_Grouped2_Nonpart_AVX512_4/MTCount/600/48/1/100000/100000000/10/iterations:5/manual_time",5,5.59375,2.64923,ms,,,,,,219684,5280.46,9.98873e+07,13582.6,1.12809e+06,300032,24.0026,2.89512e+06,6.43901e+08,5.59375,0,0.00083089,3.52047e+08,0,300032,1.85107e+08
"Bloom_Grouped2_Nonpart_AVX512_4/MTCount/625/48/1/100000/100000000/10/iterations:5/manual_time",5,5.60386,2.91299,ms,,,,,,216215,5003.31,1.00058e+08,13139.2,1.16159e+06,312512,25.001,2.66273e+06,6.42461e+08,5.60386,0,0.00072694,3.71695e+08,0,312512,1.79902e+08
"Bloom_Grouped2_Nonpart_AVX512_4/MTCount/650/48/1/100000/100000000/10/iterations:5/manual_time",5,5.6628,3.13354,ms,,,,,,221531,4964.19,1.01374e+08,12022.4,1.17662e+06,325056,26.0045,2.57724e+06,6.19767e+08,5.6628,0,0.00064276,3.48373e+08,0,325056,1.75602e+08
"Bloom_Grouped2_Nonpart_AVX512_4/MTCount/100/48/1/177828/100000000/10/iterations:5/manual_time",5,5.4641,2.54454,ms,,,,,,212554,4803.89,7.94754e+07,12053.7,816688,88960,4.00207,339357,5.90284e+08,5.4641,0,0.162256,5.23421e+08,0,88960,1.70429e+08
"Bloom_Grouped2_Nonpart_AVX512_4/MTCount/125/48/1/177828/100000000/10/iterations:5/manual_time",5,5.51013,2.53593,ms,,,,,,209306,4868.47,8.52833e+07,13818.5,850989,111168,5.00115,861506,6.25382e+08,5.51013,0,0.0951112,5.3309e+08,0,111168,1.7931e+08
"Bloom_Grouped2_Nonpart_AVX512_4/MTCount/150/48/1/177828/100000000/10/iterations:5/manual_time",5,6.07631,2.95818,ms,,,,,,209138,4816.57,8.84981e+07,13402.8,846472,133376,6.00022,1.74568e+06,6.93756e+08,6.07631,0,0.0591528,5.02642e+08,0,133376,1.95776e+08
"Bloom_Grouped2_Nonpart_AVX512_4/MTCount/175/48/1/177828/100000000/10/iterations:5/manual_time",5,6.46852,2.59699,ms,,,,,,206902,4608.02,9.07487e+07,17243.9,864221,155648,7.00218,2.68286e+06,7.54447e+08,6.46852,0,0.0384882,4.98474e+08,0,155648,2.15734e+08
"Bloom_Grouped2_Nonpart_AVX512_4/MTCount/200/48/1/177828/100000000/10/iterations:5/manual_time",5,6.9077,2.97823,ms,,,,,,208322,3623.42,9.38607e+07,17879.8,924610,177856,8.00126,3.58356e+06,8.22885e+08,6.9077,0,0.0262728,4.86903e+08,0,177856,2.3339e+08
"Bloom_Grouped2_Nonpart_AVX512_4/MTCount/225/48/1/177828/100000000/10/iterations:5/manual_time",5,7.47378,3.02413,ms,,,,,,207294,3529.09,9.61809e+07,19470.6,913211,200064,9.00034,4.53217e+06,8.97053e+08,7.47378,0,0.018557,4.74767e+08,0,200064,2.54493e+08
"Bloom_Grouped2_Nonpart_AVX512_4/MTCount/250/48/1/177828/100000000/10/iterations:5/manual_time",5,7.94734,3.06053,ms,,,,,,211366,3727.32,9.72993e+07,19577,959588,222336,10.0023,5.54696e+06,9.73327e+08,7.94734,0,0.0133918,4.5916e+08,0,222336,2.74728e+08
"Bloom_Grouped2_Nonpart_AVX512_4/MTCount/275/48/1/177828/100000000/10/iterations:5/manual_time",5,8.3615,2.49369,ms,,,,,,212442,3718.58,9.88679e+07,22395.5,991574,244544,11.0014,6.22807e+06,1.01163e+09,8.3615,0,0.0100442,4.42166e+08,0,244544,2.90034e+08
"Bloom_Grouped2_Nonpart_AVX512_4/MTCount/300/48/1/177828/100000000/10/iterations:5/manual_time",5,8.32601,3.01396,ms,,,,,,217757,4034.92,9.87808e+07,20706.1,1.03699e+06,266752,12.0004,6.55099e+06,1.0331e+09,8.32601,0,0.00765493,4.32148e+08,0,266752,2.91323e+08
"Bloom_Grouped2_Nonpart_AVX512_4/MTCount/325/48/1/177828/100000000/10/iterations:5/manual_time",5,8.21804,3.10836,ms,,,,,,215113,3841.26,1.00383e+08,20489.7,1.06342e+06,289024,13.0024,6.40095e+06,1.01216e+09,8.21804,0,0.00592276,4.25708e+08,0,289024,2.84634e+08
"Bloom_Grouped2_Nonpart_AVX512_4/MTCount/350/48/1/177828/100000000/10/iterations:5/manual_time",5,8.0026,3.12082,ms,,,,,,209898,3338.89,1.01497e+08,17847.6,1.09576e+06,311232,14.0015,6.04511e+06,9.69865e+08,8.0026,0,0.00470532,4.18491e+08,0,311232,2.74035e+08
"Bloom_Grouped2_Nonpart_AVX512_4/MTCount/375/48/1/177828/100000000/10/iterations:5/manual_time",5,7.74325,3.12106,ms,,,,,,210692,3479.25,1.00318e+08,18597.1,1.23721e+06,333440,15.0006,5.63325e+06,9.27261e+08,7.74325,0,0.00376948,4.05803e+08,0,333440,2.59899e+08
"Bloom_Grouped2_Nonpart_AVX512_4/MTCount/400/48/1/177828/100000000/10/iterations:5/manual_time",5,7.39198,3.10319,ms,,,,,,210450,3524.58,1.00962e+08,17282.7,1.40751e+06,355712,16.0025,5.14002e+06,8.77387e+08,7.39198,0,0.00306015,3.98778e+08,0,355712,2.46428e+08
"Bloom_Grouped2_Nonpart_AVX512_4/MTCount/425/48/1/177828/100000000/10/iterations:5/manual_time",5,6.98171,3.00173,ms,,,,,,211274,3873.09,1.0116e+08,17292.1,1.70902e+06,377920,17.0016,4.70846e+06,8.34352e+08,6.9817,0,0.00252482,3.91405e+08,0,377920,2.34962e+08
"Bloom_Grouped2_Nonpart_AVX512_4/MTCount/450/48/1/177828/100000000/10/iterations:5/manual_time",5,6.69412,3.02371,ms,,,,,,209986,3942.77,1.03196e+08,16246.9,1.87296e+06,400128,18.0007,4.27342e+06,7.95854e+08,6.69412,0,0.00211159,3.92401e+08,0,400128,2.24205e+08
"Bloom_Grouped2_Nonpart_AVX512_4/MTCount/475/48/1/177828/100000000/10/iterations:5/manual_time",5,6.44761,3.0248,ms,,,,,,213355,4144.48,1.01236e+08,15193.6,1.95879e+06,422400,19.0026,4.00294e+06,7.71163e+08,6.44761,0,0.00176718,3.83658e+08,0,422400,2.16397e+08
"Bloom_Grouped2_Nonpart_AVX512_4/MTCount/500/48/1/177828/100000000/10/iterations:5/manual_time",5,6.48037,2.58559,ms,,,,,,215190,3646.33,1.06405e+08,16419.1,2.21031e+06,444608,20.0017,3.64351e+06,7.33e+08,6.48037,0,0.00149634,3.81937e+08,0,444608,2.08101e+08
"Bloom_Grouped2_Nonpart_AVX512_4/MTCount/525/48/1/177828/100000000/10/iterations:5/manual_time",5,6.36039,2.64486,ms,,,,,,223150,3781.41,1.06025e+08,15569.1,2.58008e+06,466816,21.0008,3.39187e+06,7.07007e+08,6.36039,0,0.00127684,3.76563e+08,0,466816,2.00562e+08
"Bloom_Grouped2_Nonpart_AVX512_4/MTCount/550/48/1/177828/100000000/10/iterations:5/manual_time",5,6.02028,3.06394,ms,,,,,,212654,4823.49,1.02367e+08,15123.6,3.2683e+06,489088,22.0027,3.23433e+06,7.0691e+08,6.02028,0,0.00110126,3.71019e+08,0,489088,1.98408e+08
"Bloom_Grouped2_Nonpart_AVX512_4/MTCount/575/48/1/177828/100000000/10/iterations:5/manual_time",5,6.02371,3.13656,ms,,,,,,234251,5203,1.03708e+08,14961.1,3.85254e+06,511296,23.0018,3.06481e+06,6.87286e+08,6.02371,0,0.00095165,3.60844e+08,0,511296,1.93589e+08
"Bloom_Grouped2_Nonpart_AVX512_4/MTCount/600/48/1/177828/100000000/10/iterations:5/manual_time",5,5.80724,3.12876,ms,,,,,,229673,5173.45,1.03935e+08,14877.1,4.57237e+06,533504,24.0009,2.84077e+06,6.73242e+08,5.80724,0,0.00083023,3.66379e+08,0,533504,1.89959e+08
"Bloom_Grouped2_Nonpart_AVX512_4/MTCount/625/48/1/177828/100000000/10/iterations:5/manual_time",5,5.74358,3.14763,ms,,,,,,229974,5372.02,1.03342e+08,15137.4,5.80933e+06,555776,25.0029,2.68647e+06,6.68468e+08,5.74358,0,0.00073123,3.64048e+08,0,555776,1.87351e+08
"Bloom_Grouped2_Nonpart_AVX512_4/MTCount/650/48/1/177828/100000000/10/iterations:5/manual_time",5,5.63917,3.09933,ms,,,,,,223976,5043.52,1.03107e+08,15337.7,6.2896e+06,577984,26.0019,2.54111e+06,6.54018e+08,5.63917,0,0.00064766,3.64846e+08,0,577984,1.83828e+08
"Bloom_Grouped2_Nonpart_AVX512_4/MTCount/100/48/1/316228/100000000/10/iterations:5/manual_time",5,5.48993,3.13285,ms,,,,,,217776,5000.22,9.41199e+07,12416.7,877353,158144,4.00076,373247,5.97638e+08,5.48993,0,0.163071,5.48255e+08,0,158144,1.71189e+08
"Bloom_Grouped2_Nonpart_AVX512_4/MTCount/125/48/1/316228/100000000/10/iterations:5/manual_time",5,5.64417,3.05599,ms,,,,,,215518,4923.94,9.47614e+07,12486.6,887856,197696,5.00135,883205,6.37421e+08,5.64417,0,0.0952001,5.16986e+08,0,197696,1.82201e+08
"Bloom_Grouped2_Nonpart_AVX512_4/MTCount/150/48/1/316228/100000000/10/iterations:5/manual_time",5,6.03337,3.1004,ms,,,,,,216575,4759.12,9.78745e+07,13253.2,903762,237184,6.00033,1.74361e+06,6.92953e+08,6.03337,0,0.0590922,5.17928e+08,0,237184,1.98002e+08
"Bloom_Grouped2_Nonpart_AVX512_4/MTCount/175/48/1/316228/100000000/10/iterations:5/manual_time",5,6.55194,3.02934,ms,,,,,,211591,4319.25,9.86688e+07,15738.9,937583,276736,7.00092,2.67142e+06,7.61192e+08,6.55194,0,0.038591,5.05527e+08,0,276736,2.16087e+08
"Bloom_Grouped2_Nonpart_AVX512_4/MTCount/200/48/1/316228/100000000/10/iterations:5/manual_time",5,7.1562,2.99871,ms,,,,,,209370,3696.18,1.00432e+08,17395.6,1.06371e+06,316288,8.00152,3.5753e+06,8.32922e+08,7.1562,0,0.0262687,4.89315e+08,0,316288,2.35656e+08
"Bloom_Grouped2_Nonpart_AVX512_4/MTCount/225/48/1/316228/100000000/10/iterations:5/manual_time",5,7.54373,2.60208,ms,,,,,,211021,3112.32,1.01623e+08,18444,1.24337e+06,355776,9.00049,4.56093e+06,9.05771e+08,7.54373,0,0.0185297,4.67631e+08,0,355776,2.59369e+08
"Bloom_Grouped2_Nonpart_AVX512_4/MTCount/250/48/1/316228/100000000/10/iterations:5/manual_time",5,7.98705,2.56618,ms,,,,,,215282,2759.41,1.02829e+08,19545.4,1.7187e+06,395328,10.0011,5.54145e+06,9.82636e+08,7.98705,0,0.0134705,4.5217e+08,0,395328,2.80974e+08
"Bloom_Grouped2_Nonpart_AVX512_4/MTCount/275/48/1/316228/100000000/10/iterations:5/manual_time",5,8.16586,2.45438,ms,,,,,,215200,2785.41,1.04252e+08,19425.7,1.97454e+06,434816,11.0001,6.18028e+06,1.03207e+09,8.16586,0,0.0100278,4.47757e+08,0,434816,2.94111e+08
"Bloom_Grouped2_Nonpart_AVX512_4/MTCount/300/48/1/316228/100000000/10/iterations:5/manual_time",5,8.43396,2.99831,ms,,,,,,233830,3633.49,1.04226e+08,20517.6,2.69093e+06,474368,12.0007,6.50091e+06,1.05583e+09,8.43396,0,0.00765529,4.354e+08,0,474368,2.97479e+08
"Bloom_Grouped2_Nonpart_AVX512_4/MTCount/325/48/1/316228/100000000/10/iterations:5/manual_time",5,8.55176,3.06104,ms,,,,,,225123,3803.47,1.04239e+08,22097.7,3.80521e+06,513920,13.0013,6.42441e+06,1.04206e+09,8.55176,0,0.00595582,4.24821e+08,0,513920,2.9311e+08
"Bloom_Grouped2_Nonpart_AVX512_4/MTCount/350/48/1/316228/100000000/10/iterations:5/manual_time",5,8.19163,2.49365,ms,,,,,,223650,3435.32,1.03957e+08,24655.3,5.74111e+06,553408,14.0002,6.05477e+06,9.96867e+08,8.19163,0,0.00472167,4.12683e+08,0,553408,2.82009e+08
"Bloom_Grouped2_Nonpart_AVX512_4/MTCount/375/48/1/316228/100000000/10/iterations:5/manual_time",5,7.87407,3.05491,ms,,,,,,217558,3606.79,1.05643e+08,21558.8,7.02614e+06,592960,15.0008,5.55786e+06,9.48689e+08,7.87407,0,0.00378142,4.10294e+08,0,592960,2.66615e+08
"Bloom_Grouped2_Nonpart_AVX512_4/MTCount/400/48/1/316228/100000000/10/iterations:5/manual_time",5,7.48653,3.14071,ms,,,,,,216090,3492.7,1.0507e+08,19230.9,8.09452e+06,632512,16.0014,5.12512e+06,9.07454e+08,7.48653,0,0.00307048,4.00737e+08,0,632512,2.54894e+08
"Bloom_Grouped2_Nonpart_AVX512_4/MTCount/425/48/1/316228/100000000/10/iterations:5/manual_time",5,7.2095,3.14602,ms,,,,,,215719,3542.98,1.0403e+08,18582.2,9.20122e+06,672000,17.0004,4.70078e+06,8.66213e+08,7.2095,0,0.00252619,3.91965e+08,0,672000,2.42805e+08
"Bloom_Grouped2_Nonpart_AVX512_4/MTCount/450/48/1/316228/100000000/10/iterations:5/manual_time",5,6.9933,3.14159,ms,,,,,,215834,3817.48,1.04823e+08,17880.9,1.19125e+07,711552,18.001,4.29225e+06,8.31541e+08,6.9933,0,0.0020955,3.87892e+08,0,711552,2.33422e+08
"Bloom_Grouped2_Nonpart_AVX512_4/MTCount/475/48/1/316228/100000000/10/iterations:5/manual_time",5,6.92783,3.10888,ms,,,,,,220991,4008.67,1.04176e+08,17015.5,1.36616e+07,751104,19.0016,4.02313e+06,8.04062e+08,6.92783,0,0.00176753,3.75316e+08,0,751104,2.26395e+08
"Bloom_Grouped2_Nonpart_AVX512_4/MTCount/500/48/1/316228/100000000/10/iterations:5/manual_time",5,6.6848,3.13944,ms,,,,,,219860,3844.53,1.06027e+08,16066.1,1.57032e+07,790592,20.0006,3.68341e+06,7.76458e+08,6.6848,0,0.00150808,3.81244e+08,0,790592,2.18246e+08
"Bloom_Grouped2_Nonpart_AVX512_4/MTCount/525/48/1/316228/100000000/10/iterations:5/manual_time",5,6.63161,3.30295,ms,,,,,,224896,4513.25,1.04717e+08,18060.1,1.78566e+07,830144,21.0012,3.47386e+06,7.55699e+08,6.63161,0,0.00127549,3.74236e+08,0,830144,2.12934e+08
"Bloom_Grouped2_Nonpart_AVX512_4/MTCount/550/48/1/316228/100000000/10/iterations:5/manual_time",5,6.32758,3.26554,ms,,,,,,218601,4884.07,1.04231e+08,15225.1,2.0412e+07,869632,22.0001,3.24579e+06,7.28161e+08,6.32758,0,0.00109778,3.67704e+08,0,869632,2.05959e+08
"Bloom_Grouped2_Nonpart_AVX512_4/MTCount/575/48/1/316228/100000000/10/iterations:5/manual_time",5,6.48973,2.70237,ms,,,,,,235190,4379.52,1.10508e+08,19696.9,2.1454e+07,909184,23.0007,2.99468e+06,6.91762e+08,6.48973,0,0.00095006,3.67488e+08,0,909184,1.98725e+08
"Bloom_Grouped2_Nonpart_AVX512_4/MTCount/600/48/1/316228/100000000/10/iterations:5/manual_time",5,6.07123,3.29086,ms,,,,,,250071,5525.24,1.0624e+08,15514.4,2.25325e+07,948736,24.0013,2.84155e+06,6.85863e+08,6.07123,0,0.00082827,3.63786e+08,0,948736,1.9489e+08
"Bloom_Grouped2_Nonpart_AVX512_4/MTCount/625/48/1/316228/100000000/10/iterations:5/manual_time",5,5.93697,3.23929,ms,,,,,,245184,5355.09,1.0379e+08,15255.1,2.48971e+07,988224,25.0003,2.70801e+06,6.79965e+08,5.93697,0,0.00072839,3.53748e+08,0,988224,1.91405e+08
"Bloom_Grouped2_Nonpart_AVX512_4/MTCount/650/48/1/316228/100000000/10/iterations:5/manual_time",5,5.97738,3.3588,ms,,,,,,261435,5228.21,1.07092e+08,13813.5,2.73463e+07,1.02778e+06,26.0009,2.54836e+06,6.60609e+08,5.97738,0,0.00064058,3.62917e+08,0,1.02778e+06,1.88612e+08
"Bloom_Grouped2_Nonpart_AVX512_4/MTCount/100/48/1/562341/100000000/10/iterations:5/manual_time",5,5.55684,3.17049,ms,,,,,,221751,4901.68,1.00065e+08,12711.2,964970,281216,4.00065,379572,5.97399e+08,5.55684,0,0.162605,5.10161e+08,0,281216,1.72401e+08
"Bloom_Grouped2_Nonpart_AVX512_4/MTCount/125/48/1/562341/100000000/10/iterations:5/manual_time",5,5.70692,3.1205,ms,,,,,,220872,4952.77,1.01291e+08,12391.1,1.1933e+06,351488,5.00035,895749,6.50633e+08,5.70692,0,0.0951501,5.1352e+08,0,351488,1.84601e+08
"Bloom_Grouped2_Nonpart_AVX512_4/MTCount/150/48/1/562341/100000000/10/iterations:5/manual_time",5,6.21056,2.86153,ms,,,,,,216694,4290.1,1.02345e+08,15030.7,1.811e+06,421760,6.00006,1.7463e+06,7.04233e+08,6.21056,0,0.0590748,4.98231e+08,0,421760,2.02554e+08
"Bloom_Grouped2_Nonpart_AVX512_4/MTCount/175/48/1/562341/100000000/10/iterations:5/manual_time",5,6.70524,3.13355,ms,,,,,,213290,3848.44,1.03022e+08,16475.5,3.25275e+06,492096,7.00068,2.6771e+06,7.89296e+08,6.70524,0,0.0386007,4.93182e+08,0,492096,2.23717e+08
"Bloom_Grouped2_Nonpart_AVX512_4/MTCount/200/48/1/562341/100000000/10/iterations:5/manual_time",5,7.44481,2.67613,ms,,,,,,220589,3333.81,1.06968e+08,20390.4,5.69312e+06,562368,8.00038,3.54566e+06,8.63637e+08,7.44481,0,0.0262876,4.89227e+08,0,562368,2.48686e+08
"Bloom_Grouped2_Nonpart_AVX512_4/MTCount/225/48/1/562341/100000000/10/iterations:5/manual_time",5,8.12657,3.14774,ms,,,,,,229545,3785.99,1.03561e+08,22457.5,8.06351e+06,632640,9.00009,4.5884e+06,9.66082e+08,8.12657,0,0.0185771,4.68531e+08,0,632640,2.70821e+08
"Bloom_Grouped2_Nonpart_AVX512_4/MTCount/250/48/1/562341/100000000/10/iterations:5/manual_time",5,8.46555,3.05165,ms,,,,,,237868,3357.24,1.05124e+08,22159.6,1.17358e+07,702976,10.0007,5.55686e+06,1.03886e+09,8.46555,0,0.0134879,4.51122e+08,0,702976,2.9463e+08
"Bloom_Grouped2_Nonpart_AVX512_4/MTCount/275/48/1/562341/100000000/10/iterations:5/manual_time",5,8.94264,3.03165,ms,,,,,,241596,4105.4,1.07664e+08,21763.4,1.48375e+07,773248,11.0004,6.20384e+06,1.09827e+09,8.94264,0,0.010053,4.50126e+08,0,773248,3.10356e+08
"Bloom_Grouped2_Nonpart_AVX512_4/MTCount/300/48/1/562341/100000000/10/iterations:5/manual_time",5,8.92329,3.10181,ms,,,,,,250110,4580.64,1.08196e+08,22186.9,1.84899e+07,843520,12.0001,6.46409e+06,1.11073e+09,8.92329,0,0.0076761,4.38902e+08,0,843520,3.1449e+08
"Bloom_Grouped2_Nonpart_AVX512_4/MTCount/325/48/1/562341/100000000/10/iterations:5/manual_time",5,8.72972,2.98728,ms,,,,,,253555,3171.45,1.06898e+08,20956.8,2.14479e+07,913856,13.0007,6.42489e+06,1.08658e+09,8.72972,0,0.0059671,4.24812e+08,0,913856,3.07981e+08
"Bloom_Grouped2_Nonpart_AVX512_4/MTCount/350/48/1/562341/100000000/10/iterations:5/manual_time",5,8.47621,3.12236,ms,,,,,,266909,4064.66,1.06617e+08,21812.3,2.45569e+07,984128,14.0004,6.08103e+06,1.04429e+09,8.47621,0,0.00472229,4.15669e+08,0,984128,2.9377e+08
"Bloom_Grouped2_Nonpart_AVX512_4/MTCount/375/48/1/562341/100000000/10/iterations:5/manual_time",5,8.18762,3.13493,ms,,,,,,227878,3457.91,1.07224e+08,20952.3,2.79232e+07,1.0544e+06,15.0002,5.60612e+06,9.93486e+08,8.18762,0,0.00379145,4.09495e+08,0,1.0544e+06,2.80597e+08
"Bloom_Grouped2_Nonpart_AVX512_4/MTCount/400/48/1/562341/100000000/10/iterations:5/manual_time",5,7.78835,2.60802,ms,,,,,,241732,3165.37,1.06429e+08,21188.1,3.21038e+07,1.12474e+06,16.0008,5.11732e+06,9.34357e+08,7.78835,0,0.00307371,3.9192e+08,0,1.12474e+06,2.66723e+08
"Bloom_Grouped2_Nonpart_AVX512_4/MTCount/425/48/1/562341/100000000/10/iterations:5/manual_time",5,7.33552,2.92351,ms,,,,,,225233,3548.71,1.07226e+08,19727.9,3.48318e+07,1.19501e+06,17.0005,4.6765e+06,8.89742e+08,7.33552,0,0.0025378,3.92597e+08,0,1.19501e+06,2.54465e+08
"Bloom_Grouped2_Nonpart_AVX512_4/MTCount/450/48/1/562341/100000000/10/iterations:5/manual_time",5,7.15766,2.52377,ms,,,,,,229268,3689.61,1.0743e+08,20029.1,3.74625e+07,1.26528e+06,18.0002,4.30554e+06,8.52515e+08,7.15766,0,0.00210586,3.86338e+08,0,1.26528e+06,2.43366e+08
"Bloom_Grouped2_Nonpart_AVX512_4/MTCount/475/48/1/562341/100000000/10/iterations:5/manual_time",5,6.99918,2.53756,ms,,,,,,227722,3642.38,1.07594e+08,21072,4.01892e+07,1.33562e+06,19.0008,3.92948e+06,8.15583e+08,6.99919,0,0.00177101,3.83843e+08,0,1.33562e+06,2.34834e+08
"Bloom_Grouped2_Nonpart_AVX512_4/MTCount/500/48/1/562341/100000000/10/iterations:5/manual_time",5,6.60316,2.49876,ms,,,,,,246430,4209,1.07413e+08,17502.8,4.33997e+07,1.40589e+06,20.0005,3.71177e+06,7.81552e+08,6.60316,0,0.00150343,3.67924e+08,0,1.40589e+06,2.27021e+08
"Bloom_Grouped2_Nonpart_AVX512_4/MTCount/525/48/1/562341/100000000/10/iterations:5/manual_time",5,6.67205,3.17178,ms,,,,,,238173,4204.09,1.05207e+08,16019.2,4.5718e+07,1.47616e+06,21.0002,3.49349e+06,7.71777e+08,6.67205,0,0.00127887,3.68378e+08,0,1.47616e+06,2.18366e+08
"Bloom_Grouped2_Nonpart_AVX512_4/MTCount/550/48/1/562341/100000000/10/iterations:5/manual_time",5,6.60536,3.09875,ms,,,,,,231609,4135.35,1.0495e+08,15958.9,4.81808e+07,1.5465e+06,22.0008,3.26394e+06,7.49473e+08,6.60536,0,0.00109744,3.61995e+08,0,1.5465e+06,2.12911e+08
"Bloom_Grouped2_Nonpart_AVX512_4/MTCount/575/48/1/562341/100000000/10/iterations:5/manual_time",5,6.2992,2.67234,ms,,,,,,244736,4474.12,1.06222e+08,16395.9,5.01641e+07,1.61677e+06,23.0005,3.04032e+06,7.26763e+08,6.2992,0,0.0009554,3.65366e+08,0,1.61677e+06,2.08798e+08
"Bloom_Grouped2_Nonpart_AVX512_4/MTCount/600/48/1/562341/100000000/10/iterations:5/manual_time",5,6.3335,3.15476,ms,,,,,,232355,3965.29,1.0632e+08,15894.1,5.203e+07,1.68704e+06,24.0002,2.83685e+06,7.14365e+08,6.3335,0,0.00082938,3.63858e+08,0,1.68704e+06,2.02676e+08
"Bloom_Grouped2_Nonpart_AVX512_4/MTCount/625/48/1/562341/100000000/10/iterations:5/manual_time",5,6.36183,2.91337,ms,,,,,,271591,4817.32,1.07032e+08,16952.6,5.38748e+07,1.75738e+06,25.0009,2.69425e+06,6.95177e+08,6.36183,0,0.00073015,3.63161e+08,0,1.75738e+06,1.97406e+08
"Bloom_Grouped2_Nonpart_AVX512_4/MTCount/650/48/1/562341/100000000/10/iterations:5/manual_time",5,6.13381,3.25064,ms,,,,,,289094,4686.91,1.06918e+08,12468.7,5.64053e+07,1.82765e+06,26.0006,2.56538e+06,6.82025e+08,6.13381,0,0.00063866,3.51814e+08,0,1.82765e+06,1.93478e+08
"Bloom_Grouped2_Nonpart_AVX512_4/MTCount/100/48/1/1000000/100000000/10/iterations:5/manual_time",5,5.7243,3.26411,ms,,,,,,224128,4956.07,1.03178e+08,14663.1,3.32239e+06,500032,4.00026,360721,6.41312e+08,5.7243,0,0.162847,5.2981e+08,0,500032,1.81631e+08
"Bloom_Grouped2_Nonpart_AVX512_4/MTCount/125/48/1/1000000/100000000/10/iterations:5/manual_time",5,6.16537,3.2135,ms,,,,,,218022,4553.09,1.02355e+08,15717.4,7.91795e+06,625024,5.00019,885137,7.10455e+08,6.16537,0,0.0953419,5.14974e+08,0,625024,1.98682e+08
"Bloom_Grouped2_Nonpart_AVX512_4/MTCount/150/48/1/1000000/100000000/10/iterations:5/manual_time",5,6.66422,3.22213,ms,,,,,,224753,4562.78,1.05419e+08,15200.6,1.32847e+07,750016,6.00013,1.73451e+06,7.76058e+08,6.66422,0,0.059131,5.15348e+08,0,750016,2.19e+08
"Bloom_Grouped2_Nonpart_AVX512_4/MTCount/175/48/1/1000000/100000000/10/iterations:5/manual_time",5,7.32069,3.04209,ms,,,,,,226742,3898.94,1.08274e+08,21523.3,2.0468e+07,875008,7.00006,2.67765e+06,8.47974e+08,7.32069,0,0.0386232,5.09454e+08,0,875008,2.41659e+08
"Bloom_Grouped2_Nonpart_AVX512_4/MTCount/200/48/1/1000000/100000000/10/iterations:5/manual_time",5,7.71874,3.1572,ms,,,,,,222249,3198.65,1.07911e+08,19351.3,2.51992e+07,1.00006e+06,8.00051,3.54211e+06,9.24541e+08,7.71874,0,0.0262944,4.87622e+08,0,1.00006e+06,2.6336e+08
"Bloom_Grouped2_Nonpart_AVX512_4/MTCount/225/48/1/1000000/100000000/10/iterations:5/manual_time",5,8.29933,3.14879,ms,,,,,,243395,3571.26,1.08036e+08,22407,3.176e+07,1.12506e+06,9.00045,4.52299e+06,1.01628e+09,8.29933,0,0.018535,4.75424e+08,0,1.12506e+06,2.88057e+08
"Bloom_Grouped2_Nonpart_AVX512_4/MTCount/250/48/1/1000000/100000000/10/iterations:5/manual_time",5,8.98261,2.86875,ms,,,,,,261506,3479.43,1.0704e+08,22773.4,3.69537e+07,1.25005e+06,10.0004,5.52971e+06,1.08901e+09,8.98261,0,0.013469,4.53743e+08,0,1.25005e+06,3.07958e+08
"Bloom_Grouped2_Nonpart_AVX512_4/MTCount/275/48/1/1000000/100000000/10/iterations:5/manual_time",5,9.21277,3.12341,ms,,,,,,269802,5064.23,1.09445e+08,21313.4,4.14681e+07,1.37504e+06,11.0003,6.20324e+06,1.14388e+09,9.21277,0,0.010062,4.49892e+08,0,1.37504e+06,3.24442e+08
"Bloom_Grouped2_Nonpart_AVX512_4/MTCount/300/48/1/1000000/100000000/10/iterations:5/manual_time",5,9.31104,3.16974,ms,,,,,,290624,4641.61,1.08304e+08,21229.1,4.62606e+07,1.50003e+06,12.0003,6.54075e+06,1.14987e+09,9.31104,0,0.00767402,4.34727e+08,0,1.50003e+06,3.26877e+08
"Bloom_Grouped2_Nonpart_AVX512_4/MTCount/325/48/1/1000000/100000000/10/iterations:5/manual_time",5,9.12352,3.0946,ms,,,,,,269280,4084.57,1.08228e+08,21399.1,5.02567e+07,1.62502e+06,13.0002,6.43118e+06,1.12093e+09,9.12352,0,0.00596064,4.24405e+08,0,1.62502e+06,3.18956e+08
"Bloom_Grouped2_Nonpart_AVX512_4/MTCount/350/48/1/1000000/100000000/10/iterations:5/manual_time",5,8.94997,2.7151,ms,,,,,,274644,3491.29,1.0804e+08,22337.2,5.39194e+07,1.75002e+06,14.0001,6.0874e+06,1.06994e+09,8.94997,0,0.00471831,4.13516e+08,0,1.75002e+06,3.03367e+08
"Bloom_Grouped2_Nonpart_AVX512_4/MTCount/375/48/1/1000000/100000000/10/iterations:5/manual_time",5,8.34433,3.15449,ms,,,,,,269494,3940.62,1.10176e+08,19595.1,5.63193e+07,1.87501e+06,15.0001,5.56356e+06,1.01427e+09,8.34433,0,0.00379148,4.12664e+08,0,1.87501e+06,2.89327e+08
"Bloom_Grouped2_Nonpart_AVX512_4/MTCount/400/48/1/1000000/100000000/10/iterations:5/manual_time",5,8.01657,3.24897,ms,,,,,,274695,3904.82,1.07995e+08,20703.9,5.94013e+07,2.00006e+06,16.0005,5.14138e+06,9.66622e+08,8.01657,0,0.00308084,4.01679e+08,0,2.00006e+06,2.73938e+08
"Bloom_Grouped2_Nonpart_AVX512_4/MTCount/425/48/1/1000000/100000000/10/iterations:5/manual_time",5,7.66604,3.06187,ms,,,,,,241798,3003.79,1.07768e+08,17365.1,6.18812e+07,2.12506e+06,17.0004,4.6848e+06,9.13406e+08,7.66604,0,0.00253433,3.93229e+08,0,2.12506e+06,2.60518e+08
"Bloom_Grouped2_Nonpart_AVX512_4/MTCount/450/48/1/1000000/100000000/10/iterations:5/manual_time",5,7.43365,3.24476,ms,,,,,,246694,3530.62,1.07477e+08,17846.9,6.40151e+07,2.25005e+06,18.0004,4.32343e+06,8.77444e+08,7.43365,0,0.0021141,3.88307e+08,0,2.25005e+06,2.48127e+08
"Bloom_Grouped2_Nonpart_AVX512_4/MTCount/475/48/1/1000000/100000000/10/iterations:5/manual_time",5,7.20475,3.17146,ms,,,,,,248393,3602.94,1.06607e+08,17706.1,6.59408e+07,2.37504e+06,19.0003,3.9977e+06,8.42362e+08,7.20475,0,0.00177229,3.81119e+08,0,2.37504e+06,2.3983e+08
"Bloom_Grouped2_Nonpart_AVX512_4/MTCount/500/48/1/1000000/100000000/10/iterations:5/manual_time",5,7.14225,3.21902,ms,,,,,,249911,3563.39,1.06044e+08,18051.6,6.76282e+07,2.50003e+06,20.0003,3.72955e+06,8.15708e+08,7.14225,0,0.00150092,3.76063e+08,0,2.50003e+06,2.32388e+08
"Bloom_Grouped2_Nonpart_AVX512_4/MTCount/525/48/1/1000000/100000000/10/iterations:5/manual_time",5,6.97452,3.21756,ms,,,,,,246577,3744.86,1.0565e+08,16365.4,6.98954e+07,2.62502e+06,21.0002,3.48151e+06,7.88394e+08,6.97452,0,0.00127922,3.64994e+08,0,2.62502e+06,2.25314e+08
"Bloom_Grouped2_Nonpart_AVX512_4/MTCount/550/48/1/1000000/100000000/10/iterations:5/manual_time",5,6.65952,2.76933,ms,,,,,,271112,4181.67,1.0717e+08,18331.4,7.16944e+07,2.75002e+06,22.0001,3.25393e+06,7.56514e+08,6.65952,0,0.00110761,3.58956e+08,0,2.75002e+06,2.20174e+08
"Bloom_Grouped2_Nonpart_AVX512_4/MTCount/575/48/1/1000000/100000000/10/iterations:5/manual_time",5,6.39063,2.58084,ms,,,,,,267179,4310.28,1.0699e+08,18046.3,7.25282e+07,2.87501e+06,23.0001,3.05048e+06,7.43042e+08,6.39063,0,0.00095145,3.61156e+08,0,2.87501e+06,2.14699e+08
"Bloom_Grouped2_Nonpart_AVX512_4/MTCount/600/48/1/1000000/100000000/10/iterations:5/manual_time",5,6.30818,2.61013,ms,,,,,,286848,4337.87,1.06898e+08,16890.1,7.38059e+07,3.00006e+06,24.0005,2.85226e+06,7.28391e+08,6.30818,0,0.00083315,3.63313e+08,0,3.00006e+06,2.10513e+08
"Bloom_Grouped2_Nonpart_AVX512_4/MTCount/625/48/1/1000000/100000000/10/iterations:5/manual_time",5,6.18994,2.73771,ms,,,,,,304129,4879.87,1.07716e+08,16023.6,7.47601e+07,3.12506e+06,25.0004,2.67663e+06,7.12928e+08,6.18994,0,0.00072663,3.59916e+08,0,3.12506e+06,2.06469e+08
"Bloom_Grouped2_Nonpart_AVX512_4/MTCount/650/48/1/1000000/100000000/10/iterations:5/manual_time",5,6.33606,3.23978,ms,,,,,,285655,4616.95,1.04996e+08,15652.1,7.62555e+07,3.25005e+06,26.0004,2.57501e+06,7.04907e+08,6.33606,0,0.00063699,3.48853e+08,0,3.25005e+06,2.00278e+08
"Bloom_Grouped2_Nonpart_AVX512_4/MTCount/100/48/1/1778279/100000000/10/iterations:5/manual_time",5,5.89144,2.71283,ms,,,,,,237231,4679.28,1.04952e+08,14319.4,2.06691e+07,889152,4.00006,339740,6.71377e+08,5.89144,0,0.163061,5.26278e+08,0,889152,1.92184e+08
"Bloom_Grouped2_Nonpart_AVX512_4/MTCount/125/48/1/1778279/100000000/10/iterations:5/manual_time",5,6.11621,2.59108,ms,,,,,,224177,3733.31,1.05323e+08,16837.8,3.1017e+07,1.11149e+06,5.00029,842176,7.14641e+08,6.11621,0,0.0953971,5.21812e+08,0,1.11149e+06,2.05714e+08
"Bloom_Grouped2_Nonpart_AVX512_4/MTCount/150/48/1/1778279/100000000/10/iterations:5/manual_time",5,7.05699,3.27253,ms,,,,,,228157,3642,1.05327e+08,16778.2,4.01443e+07,1.33376e+06,6.00023,1.76038e+06,8.1004e+08,7.05699,0,0.0592415,5.12693e+08,0,1.33376e+06,2.30001e+08
"Bloom_Grouped2_Nonpart_AVX512_4/MTCount/175/48/1/1778279/100000000/10/iterations:5/manual_time",5,7.48889,3.21106,ms,,,,,,230139,3478.12,1.08014e+08,18222.7,4.81169e+07,1.55603e+06,7.00017,2.66841e+06,8.89517e+08,7.48889,0,0.0386663,5.03427e+08,0,1.55603e+06,2.5375e+08
"Bloom_Grouped2_Nonpart_AVX512_4/MTCount/200/48/1/1778279/100000000/10/iterations:5/manual_time",5,7.98546,3.17292,ms,,,,,,248908,3236.42,1.06957e+08,19091.3,5.48353e+07,1.7783e+06,8.00011,3.59871e+06,9.61506e+08,7.98546,0,0.0263175,4.75077e+08,0,1.7783e+06,2.75317e+08
"Bloom_Grouped2_Nonpart_AVX512_4/MTCount/225/48/1/1778279/100000000/10/iterations:5/manual_time",5,8.56669,3.10756,ms,,,,,,274011,3543.72,1.07842e+08,20215.2,5.94796e+07,2.00058e+06,9.00005,4.56201e+06,1.04946e+09,8.56669,0,0.0185672,4.70375e+08,0,2.00058e+06,2.99094e+08
"Bloom_Grouped2_Nonpart_AVX512_4/MTCount/250/48/1/1778279/100000000/10/iterations:5/manual_time",5,9.03963,3.0406,ms,,,,,,313571,3936.32,1.08414e+08,20684.7,6.34437e+07,2.22291e+06,10.0003,5.54013e+06,1.12355e+09,9.03963,0,0.0135043,4.59303e+08,0,2.22291e+06,3.19945e+08
"Bloom_Grouped2_Nonpart_AVX512_4/MTCount/275/48/1/1778279/100000000/10/iterations:5/manual_time",5,9.49577,3.07841,ms,,,,,,339093,4820.44,1.07854e+08,20686.9,6.74611e+07,2.44518e+06,11.0002,6.31475e+06,1.16833e+09,9.49577,0,0.0100746,4.40259e+08,0,2.44518e+06,3.33085e+08
"Bloom_Grouped2_Nonpart_AVX512_4/MTCount/300/48/1/1778279/100000000/10/iterations:5/manual_time",5,9.43821,3.16443,ms,,,,,,333224,4779.74,1.08556e+08,21454.8,7.00667e+07,2.66746e+06,12.0002,6.55986e+06,1.1683e+09,9.43821,0,0.00768194,4.32294e+08,0,2.66746e+06,3.33948e+08
"Bloom_Grouped2_Nonpart_AVX512_4/MTCount/325/48/1/1778279/100000000/10/iterations:5/manual_time",5,9.30106,2.91304,ms,,,,,,292221,3921.3,1.09021e+08,22182.5,7.22735e+07,2.88973e+06,13.0001,6.42881e+06,1.13581e+09,9.30106,0,0.00597465,4.23672e+08,0,2.88973e+06,3.26641e+08
"Bloom_Grouped2_Nonpart_AVX512_4/MTCount/350/48/1/1778279/100000000/10/iterations:5/manual_time",5,8.76597,2.81346,ms,,,,,,283072,3972.38,1.08669e+08,22225.4,7.46822e+07,3.112e+06,14.0001,6.07367e+06,1.08136e+09,8.76597,0,0.00473229,4.13594e+08,0,3.112e+06,3.10887e+08
"Bloom_Grouped2_Nonpart_AVX512_4/MTCount/375/48/1/1778279/100000000/10/iterations:5/manual_time",5,8.3605,2.82968,ms,,,,,,301884,3325.13,1.0922e+08,21442.6,7.63955e+07,3.33434e+06,15.0003,5.5897e+06,1.0255e+09,8.3605,0,0.00379765,4.07278e+08,0,3.33434e+06,2.95021e+08
"Bloom_Grouped2_Nonpart_AVX512_4/MTCount/400/48/1/1778279/100000000/10/iterations:5/manual_time",5,8.1463,3.15494,ms,,,,,,347524,3925.24,1.08099e+08,22821.8,7.80949e+07,3.55661e+06,16.0002,5.13634e+06,9.79209e+08,8.1463,0,0.00307192,3.94611e+08,0,3.55661e+06,2.77688e+08
"Bloom_Grouped2_Nonpart_AVX512_4/MTCount/425/48/1/1778279/100000000/10/iterations:5/manual_time",5,7.80384,3.07993,ms,,,,,,284179,3141.44,1.07807e+08,19107.7,8.0002e+07,3.77888e+06,17.0002,4.716e+06,9.38716e+08,7.80384,0,0.00253829,3.92821e+08,0,3.77888e+06,2.6653e+08
"Bloom_Grouped2_Nonpart_AVX512_4/MTCount/450/48/1/1778279/100000000/10/iterations:5/manual_time",5,7.59203,3.24861,ms,,,,,,280258,3478.55,1.08147e+08,19205.7,8.08174e+07,4.00115e+06,18.0001,4.31414e+06,8.91946e+08,7.59203,0,0.00210945,3.87789e+08,0,4.00115e+06,2.55434e+08
"Bloom_Grouped2_Nonpart_AVX512_4/MTCount/475/48/1/1778279/100000000/10/iterations:5/manual_time",5,7.62712,3.21428,ms,,,,,,305477,3738.84,1.0694e+08,18118.8,8.2215e+07,4.22342e+06,19.0001,4.00672e+06,8.62354e+08,7.62712,0,0.00176837,3.8001e+08,0,4.22342e+06,2.46564e+08
"Bloom_Grouped2_Nonpart_AVX512_4/MTCount/500/48/1/1778279/100000000/10/iterations:5/manual_time",5,7.20455,3.23789,ms,,,,,,285368,3606.12,1.06151e+08,16896.1,8.41892e+07,4.44576e+06,20.0003,3.74609e+06,8.24027e+08,7.20455,0,0.0015018,3.65323e+08,0,4.44576e+06,2.3739e+08
"Bloom_Grouped2_Nonpart_AVX512_4/MTCount/525/48/1/1778279/100000000/10/iterations:5/manual_time",5,7.02862,3.2309,ms,,,,,,295503,3821.53,1.06992e+08,19961.9,8.40244e+07,4.66803e+06,21.0002,3.48167e+06,8.07773e+08,7.02861,0,0.00128284,3.73004e+08,0,4.66803e+06,2.31003e+08
"Bloom_Grouped2_Nonpart_AVX512_4/MTCount/550/48/1/1778279/100000000/10/iterations:5/manual_time",5,7.0348,3.15692,ms,,,,,,301827,3829.74,1.0453e+08,16754.4,8.6095e+07,4.8903e+06,22.0002,3.30544e+06,7.8814e+08,7.0348,0,0.00110335,3.5675e+08,0,4.8903e+06,2.2532e+08
"Bloom_Grouped2_Nonpart_AVX512_4/MTCount/575/48/1/1778279/100000000/10/iterations:5/manual_time",5,6.76389,3.26738,ms,,,,,,303651,4129.24,1.06883e+08,14394.5,8.58857e+07,5.11258e+06,23.0001,3.04391e+06,7.6256e+08,6.76389,0,0.00095625,3.6312e+08,0,5.11258e+06,2.18143e+08
"Bloom_Grouped2_Nonpart_AVX512_4/MTCount/600/48/1/1778279/100000000/10/iterations:5/manual_time",5,6.56665,2.57507,ms,,,,,,387144,4056.92,1.06927e+08,15948,8.69454e+07,5.33485e+06,24,2.85885e+06,7.43341e+08,6.56665,0,0.00083374,3.62499e+08,0,5.33485e+06,2.13922e+08
"Bloom_Grouped2_Nonpart_AVX512_4/MTCount/625/48/1/1778279/100000000/10/iterations:5/manual_time",5,6.52057,3.11328,ms,,,,,,382443,3990.36,1.05155e+08,15427.1,8.88528e+07,5.55718e+06,25.0003,2.74515e+06,7.25567e+08,6.52057,0,0.00073255,3.42598e+08,0,5.55718e+06,2.08834e+08
"Bloom_Grouped2_Nonpart_AVX512_4/MTCount/650/48/1/1778279/100000000/10/iterations:5/manual_time",5,6.35513,2.56388,ms,,,,,,402019,4197.78,1.07456e+08,16321.2,8.95087e+07,5.77946e+06,26.0002,2.57126e+06,7.07958e+08,6.35513,0,0.00064539,3.4573e+08,0,5.77946e+06,2.07108e+08
"Bloom_Grouped2_Nonpart_AVX512_4/MTCount/100/48/1/3162278/100000000/10/iterations:5/manual_time",5,6.29694,3.25556,ms,,,,,,248951,4157.85,1.05033e+08,16675.7,4.86599e+07,1.58118e+06,4.00011,371042,7.12289e+08,6.29694,0,0.162995,5.41931e+08,0,1.58118e+06,2.0267e+08
"Bloom_Grouped2_Nonpart_AVX512_4/MTCount/125/48/1/3162278/100000000/10/iterations:5/manual_time",5,6.59134,3.20405,ms,,,,,,236953,3934.49,1.07609e+08,18398.2,5.8595e+07,1.97645e+06,5.00006,851960,7.59995e+08,6.59134,0,0.0954474,5.32105e+08,0,1.97645e+06,2.17862e+08
"Bloom_Grouped2_Nonpart_AVX512_4/MTCount/150/48/1/3162278/100000000/10/iterations:5/manual_time",5,7.11978,3.22551,ms,,,,,,253381,3870.61,1.06514e+08,15589.1,6.6219e+07,2.37171e+06,6.00001,1.71089e+06,8.35196e+08,7.11978,0,0.0592062,5.0952e+08,0,2.37171e+06,2.37322e+08
"Bloom_Grouped2_Nonpart_AVX512_4/MTCount/175/48/1/3162278/100000000/10/iterations:5/manual_time",5,7.69007,3.27476,ms,,,,,,277867,3763.31,1.07498e+08,21254.6,7.06545e+07,2.76704e+06,7.00012,2.69861e+06,9.17127e+08,7.69007,0,0.0386757,5.04309e+08,0,2.76704e+06,2.61404e+08
"Bloom_Grouped2_Nonpart_AVX512_4/MTCount/200/48/1/3162278/100000000/10/iterations:5/manual_time",5,8.24575,3.24594,ms,,,,,,305309,3536,1.08474e+08,20190.9,7.46658e+07,3.1623e+06,8.00007,3.58676e+06,9.91647e+08,8.24575,0,0.0263103,4.87881e+08,0,3.1623e+06,2.83233e+08
"Bloom_Grouped2_Nonpart_AVX512_4/MTCount/225/48/1/3162278/100000000/10/iterations:5/manual_time",5,8.78918,3.21799,ms,,,,,,381582,4796.73,1.1038e+08,21845.1,7.73025e+07,3.55757e+06,9.00001,4.52995e+06,1.06648e+09,8.78918,0,0.0185854,4.76302e+08,0,3.55757e+06,3.05041e+08
"Bloom_Grouped2_Nonpart_AVX512_4/MTCount/250/48/1/3162278/100000000/10/iterations:5/manual_time",5,9.23189,2.573,ms,,,,,,352963,3980.62,1.08231e+08,22526.5,8.11081e+07,3.9529e+06,10.0001,5.54313e+06,1.13371e+09,9.23189,0,0.0135004,4.53264e+08,0,3.9529e+06,3.2683e+08
"Bloom_Grouped2_Nonpart_AVX512_4/MTCount/275/48/1/3162278/100000000/10/iterations:5/manual_time",5,9.38133,2.46355,ms,,,,,,438466,4635.6,1.10946e+08,22088.1,8.20451e+07,4.34816e+06,11.0001,6.20802e+06,1.17945e+09,9.38133,0,0.0100544,4.47337e+08,0,4.34816e+06,3.38039e+08
"Bloom_Grouped2_Nonpart_AVX512_4/MTCount/300/48/1/3162278/100000000/10/iterations:5/manual_time",5,9.51955,2.80992,ms,,,,,,398417,5207.41,1.09426e+08,22061.3,8.45038e+07,4.74342e+06,12,6.5347e+06,1.18183e+09,9.51955,0,0.00768137,4.33563e+08,0,4.74342e+06,3.39864e+08
"Bloom_Grouped2_Nonpart_AVX512_4/MTCount/325/48/1/3162278/100000000/10/iterations:5/manual_time",5,9.25636,2.82209,ms,,,,,,455196,5047.67,1.08989e+08,21159.3,8.58647e+07,5.13875e+06,13.0001,6.46579e+06,1.15352e+09,9.25636,0,0.00597158,4.2513e+08,0,5.13875e+06,3.31203e+08
"Bloom_Grouped2_Nonpart_AVX512_4/MTCount/350/48/1/3162278/100000000/10/iterations:5/manual_time",5,8.78764,2.5024,ms,,,,,,375591,3444.93,1.09844e+08,22391,8.72805e+07,5.53402e+06,14.0001,6.05112e+06,1.09869e+09,8.78764,0,0.00473124,4.16185e+08,0,5.53402e+06,3.15107e+08
"Bloom_Grouped2_Nonpart_AVX512_4/MTCount/375/48/1/3162278/100000000/10/iterations:5/manual_time",5,8.94429,3.08477,ms,,,,,,413894,2765.05,1.10764e+08,20140.5,8.81036e+07,5.92928e+06,15,5.57882e+06,1.03803e+09,8.94429,0,0.00379227,4.05929e+08,0,5.92928e+06,2.98648e+08
"Bloom_Grouped2_Nonpart_AVX512_4/MTCount/400/48/1/3162278/100000000/10/iterations:5/manual_time",5,8.45888,2.94348,ms,,,,,,408367,3305.18,1.0874e+08,20841.5,8.90523e+07,6.32461e+06,16.0001,5.128e+06,9.87413e+08,8.45888,0,0.00307893,3.98792e+08,0,6.32461e+06,2.83212e+08
"Bloom_Grouped2_Nonpart_AVX512_4/MTCount/425/48/1/3162278/100000000/10/iterations:5/manual_time",5,7.72408,2.79799,ms,,,,,,375643,3399.92,1.08171e+08,20779.9,8.99657e+07,6.71987e+06,17.0001,4.69562e+06,9.38635e+08,7.72408,0,0.00253609,3.91776e+08,0,6.71987e+06,2.69935e+08
"Bloom_Grouped2_Nonpart_AVX512_4/MTCount/450/48/1/3162278/100000000/10/iterations:5/manual_time",5,7.52261,2.69675,ms,,,,,,383260,3699.08,1.08081e+08,20642.7,9.11877e+07,7.11514e+06,18,4.30563e+06,9.00072e+08,7.52261,0,0.00211393,3.85129e+08,0,7.11514e+06,2.60575e+08
"Bloom_Grouped2_Nonpart_AVX512_4/MTCount/475/48/1/3162278/100000000/10/iterations:5/manual_time",5,7.32566,2.57432,ms,,,,,,403526,3306.03,1.0863e+08,21064.7,9.14831e+07,7.51046e+06,19.0001,3.98021e+06,8.65264e+08,7.32566,0,0.00176571,3.77937e+08,0,7.51046e+06,2.51951e+08
"Bloom_Grouped2_Nonpart_AVX512_4/MTCount/500/48/1/3162278/100000000/10/iterations:5/manual_time",5,7.0661,2.84481,ms,,,,,,416159,3700.25,1.06689e+08,18683.5,9.25397e+07,7.90573e+06,20.0001,3.71575e+06,8.37041e+08,7.0661,0,0.00150317,3.70113e+08,0,7.90573e+06,2.43479e+08
"Bloom_Grouped2_Nonpart_AVX512_4/MTCount/525/48/1/3162278/100000000/10/iterations:5/manual_time",5,6.97789,2.93718,ms,,,,,,440964,3386.62,1.04789e+08,19351,9.3331e+07,8.30099e+06,21,3.50475e+06,8.23085e+08,6.97789,0,0.00128474,3.67842e+08,0,8.30099e+06,2.37639e+08
"Bloom_Grouped2_Nonpart_AVX512_4/MTCount/550/48/1/3162278/100000000/10/iterations:5/manual_time",5,6.76865,2.89774,ms,,,,,,532343,3962.98,1.07786e+08,15712.2,9.42164e+07,8.69632e+06,22.0001,3.24797e+06,7.95894e+08,6.76865,0,0.00110249,3.64754e+08,0,8.69632e+06,2.31385e+08
"Bloom_Grouped2_Nonpart_AVX512_4/MTCount/575/48/1/3162278/100000000/10/iterations:5/manual_time",5,6.68263,2.91325,ms,,,,,,496647,3938.01,1.05042e+08,17248.6,9.47122e+07,9.09158e+06,23.0001,3.0744e+06,7.81569e+08,6.68263,0,0.00095216,3.5804e+08,0,9.09158e+06,2.26592e+08
"Bloom_Grouped2_Nonpart_AVX512_4/MTCount/600/48/1/3162278/100000000/10/iterations:5/manual_time",5,6.5769,2.94609,ms,,,,,,679442,4400.94,1.06052e+08,15092.5,9.5678e+07,9.48685e+06,24,2.88321e+06,7.64361e+08,6.5769,0,0.00082958,3.52009e+08,0,9.48685e+06,2.21418e+08
"Bloom_Grouped2_Nonpart_AVX512_4/MTCount/625/48/1/3162278/100000000/10/iterations:5/manual_time",5,6.50679,2.94334,ms,,,,,,577034,4147.37,1.04266e+08,18753.9,9.47893e+07,9.88218e+06,25.0001,2.72261e+06,7.51423e+08,6.50679,0,0.000729,3.58202e+08,0,9.88218e+06,2.17679e+08
"Bloom_Grouped2_Nonpart_AVX512_4/MTCount/650/48/1/3162278/100000000/10/iterations:5/manual_time",5,6.58214,3.20316,ms,,,,,,794657,3816.34,1.05721e+08,14763.3,9.72336e+07,1.02774e+07,26.0001,2.58362e+06,7.3087e+08,6.58214,0,0.00064234,3.36463e+08,0,1.02774e+07,2.10039e+08
"Bloom_Grouped2_Nonpart_AVX512_4/MTCount/100/48/1/5623413/100000000/10/iterations:5/manual_time",5,6.44021,2.664,ms,,,,,,297904,3715.72,1.09612e+08,16420.4,7.08007e+07,2.81171e+06,4.00001,347635,7.25562e+08,6.44021,0,0.163047,5.44601e+08,0,2.81171e+06,2.1168e+08
"Bloom_Grouped2_Nonpart_AVX512_4/MTCount/125/48/1/5623413/100000000/10/iterations:5/manual_time",5,6.888,2.57234,ms,,,,,,299431,3337.43,1.09131e+08,18373.4,7.71931e+07,3.51469e+06,5.00008,842400,7.70794e+08,6.888,0,0.0954073,5.3434e+08,0,3.51469e+06,2.23434e+08
"Bloom_Grouped2_Nonpart_AVX512_4/MTCount/150/48/1/5623413/100000000/10/iterations:5/manual_time",5,7.08723,2.46928,ms,,,,,,284547,3721.21,1.08159e+08,22289.4,8.11139e+07,4.2176e+06,6.00006,1.7012e+06,8.40792e+08,7.08723,0,0.059222,5.18087e+08,0,4.2176e+06,2.44753e+08
"Bloom_Grouped2_Nonpart_AVX512_4/MTCount/175/48/1/5623413/100000000/10/iterations:5/manual_time",5,7.54674,2.46906,ms,,,,,,310940,3562.49,1.08253e+08,21355.4,8.47593e+07,4.92051e+06,7.00004,2.64633e+06,9.20351e+08,7.54674,0,0.0387023,5.00137e+08,0,4.92051e+06,2.67246e+08
"Bloom_Grouped2_Nonpart_AVX512_4/MTCount/200/48/1/5623413/100000000/10/iterations:5/manual_time",5,8.16268,2.51359,ms,,,,,,331997,3058.61,1.08246e+08,20979.9,8.81834e+07,5.62342e+06,8.00002,3.59639e+06,9.95392e+08,8.16268,0,0.0263195,4.77479e+08,0,5.62342e+06,2.89543e+08
"Bloom_Grouped2_Nonpart_AVX512_4/MTCount/225/48/1/5623413/100000000/10/iterations:5/manual_time",5,8.63589,2.44046,ms,,,,,,457635,3692.9,1.08831e+08,22711.8,8.90213e+07,6.3264e+06,9.00009,4.53592e+06,1.07585e+09,8.63589,0,0.0185613,4.70325e+08,0,6.3264e+06,3.11602e+08
"Bloom_Grouped2_Nonpart_AVX512_4/MTCount/250/48/1/5623413/100000000/10/iterations:5/manual_time",5,9.14877,2.44548,ms,,,,,,546015,4346.4,1.09164e+08,22829.5,9.07904e+07,7.02931e+06,10.0001,5.51855e+06,1.14633e+09,9.14877,0,0.0134952,4.55778e+08,0,7.02931e+06,3.31328e+08
"Bloom_Grouped2_Nonpart_AVX512_4/MTCount/275/48/1/5623413/100000000/10/iterations:5/manual_time",5,9.49143,2.45286,ms,,,,,,674532,3983.82,1.08608e+08,22283.7,9.32536e+07,7.73222e+06,11,6.30396e+06,1.19228e+09,9.49143,0,0.0100688,4.38882e+08,0,7.73222e+06,3.45901e+08
"Bloom_Grouped2_Nonpart_AVX512_4/MTCount/300/48/1/5623413/100000000/10/iterations:5/manual_time",5,9.52215,2.45908,ms,,,,,,652785,4955.89,1.09326e+08,22498.7,9.30971e+07,8.43514e+06,12,6.56397e+06,1.19885e+09,9.52215,0,0.007682,4.33399e+08,0,8.43514e+06,3.46535e+08
"Bloom_Grouped2_Nonpart_AVX512_4/MTCount/325/48/1/5623413/100000000/10/iterations:5/manual_time",5,9.31518,2.43522,ms,,,,,,752046,4780.9,1.09036e+08,22366.5,9.43422e+07,9.13805e+06,13,6.47607e+06,1.17017e+09,9.31518,0,0.00595393,4.22857e+08,0,9.13805e+06,3.38909e+08
"Bloom_Grouped2_Nonpart_AVX512_4/MTCount/350/48/1/5623413/100000000/10/iterations:5/manual_time",5,8.98042,2.46387,ms,,,,,,789664,3800.02,1.09111e+08,22374.3,9.47291e+07,9.84102e+06,14.0001,6.12093e+06,1.12462e+09,8.98042,0,0.0047134,4.15072e+08,0,9.84102e+06,3.25343e+08
"Bloom_Grouped2_Nonpart_AVX512_4/MTCount/375/48/1/5623413/100000000/10/iterations:5/manual_time",5,8.60804,2.49943,ms,,,,,,1.02855e+06,4117.88,1.08177e+08,22898.4,9.55866e+07,1.05439e+07,15.0001,5.66785e+06,1.0693e+09,8.60804,0,0.00378336,4.05727e+08,0,1.05439e+07,3.09393e+08
"Bloom_Grouped2_Nonpart_AVX512_4/MTCount/400/48/1/5623413/100000000/10/iterations:5/manual_time",5,8.27187,2.55755,ms,,,,,,1.32914e+06,3558.66,1.08188e+08,22868,9.66555e+07,1.12468e+07,16,5.18373e+06,1.02879e+09,8.27187,0,0.0030769,3.96534e+08,0,1.12468e+07,2.94452e+08
"Bloom_Grouped2_Nonpart_AVX512_4/MTCount/425/48/1/5623413/100000000/10/iterations:5/manual_time",5,7.99962,2.49541,ms,,,,,,1.46403e+06,3065.68,1.08979e+08,21100.7,9.63448e+07,1.19498e+07,17,4.72924e+06,9.80752e+08,7.99962,0,0.00253418,3.97966e+08,0,1.19498e+07,2.85707e+08
"Bloom_Grouped2_Nonpart_AVX512_4/MTCount/450/48/1/5623413/100000000/10/iterations:5/manual_time",5,7.7843,2.53742,ms,,,,,,2.55923e+06,3579.49,1.05729e+08,22662.5,9.83601e+07,1.26527e+07,18.0001,4.39545e+06,9.54185e+08,7.7843,0,0.00209496,3.81527e+08,0,1.26527e+07,2.74821e+08
"Bloom_Grouped2_Nonpart_AVX512_4/MTCount/475/48/1/5623413/100000000/10/iterations:5/manual_time",5,7.69532,2.5437,ms,,,,,,7.39695e+06,4087.71,1.08259e+08,23002.4,9.67296e+07,1.33556e+07,19.0001,4.02419e+06,9.34089e+08,7.69532,0,0.00176868,3.8966e+08,0,1.33556e+07,2.69228e+08
"Bloom_Grouped2_Nonpart_AVX512_4/MTCount/500/48/1/5623413/100000000/10/iterations:5/manual_time",5,7.50333,2.57748,ms,,,,,,1.18704e+07,3575.85,1.07602e+08,20125.7,9.88287e+07,1.40586e+07,20,3.73191e+06,9.10245e+08,7.50333,0,0.00149546,3.73313e+08,0,1.40586e+07,2.63126e+08
"Bloom_Grouped2_Nonpart_AVX512_4/MTCount/525/48/1/5623413/100000000/10/iterations:5/manual_time",5,7.44243,2.52716,ms,,,,,,1.60844e+07,3451.98,1.05852e+08,21602.1,9.99028e+07,1.47615e+07,21,3.515e+06,9.00404e+08,7.44243,0,0.00127596,3.61916e+08,0,1.47615e+07,2.60726e+08
"Bloom_Grouped2_Nonpart_AVX512_4/MTCount/550/48/1/5623413/100000000/10/iterations:5/manual_time",5,7.36495,2.60959,ms,,,,,,1.98106e+07,3505.47,1.05899e+08,21183.6,9.94516e+07,1.54644e+07,22.0001,3.27148e+06,8.98142e+08,7.36495,0,0.00109861,3.65889e+08,0,1.54644e+07,2.58358e+08
"Bloom_Grouped2_Nonpart_AVX512_4/MTCount/575/48/1/5623413/100000000/10/iterations:5/manual_time",5,7.562,2.6263,ms,,,,,,2.32822e+07,3249.18,1.06997e+08,19904,9.92266e+07,1.61674e+07,23.0001,3.05357e+06,9.01127e+08,7.562,0,0.0009533,3.63045e+08,0,1.61674e+07,2.581e+08
"Bloom_Grouped2_Nonpart_AVX512_4/MTCount/600/48/1/5623413/100000000/10/iterations:5/manual_time",5,7.52483,2.51771,ms,,,,,,2.6279e+07,3373.22,1.07121e+08,20581.7,9.97188e+07,1.68703e+07,24,2.88565e+06,9.26159e+08,7.52483,0,0.00083066,3.60241e+08,0,1.68703e+07,2.6368e+08
"Bloom_Grouped2_Nonpart_AVX512_4/MTCount/625/48/1/5623413/100000000/10/iterations:5/manual_time",5,7.85593,3.19345,ms,,,,,,2.88248e+07,3658.82,1.06397e+08,20751.9,9.96356e+07,1.75732e+07,25,2.75149e+06,9.44293e+08,7.85593,0,0.00072674,3.60975e+08,0,1.75732e+07,2.63556e+08
"Bloom_Grouped2_Nonpart_AVX512_4/MTCount/650/48/1/5623413/100000000/10/iterations:5/manual_time",5,7.95828,3.10063,ms,,,,,,3.17193e+07,3611.34,1.07514e+08,18542.9,1.00336e+08,1.82761e+07,26,2.58828e+06,9.63292e+08,7.95828,0,0.0006383,3.5731e+08,0,1.82761e+07,2.70108e+08
"Bloom_Grouped2_Nonpart_AVX512_4/MTCount/100/48/1/10000000/100000000/10/iterations:5/manual_time",5,6.47474,3.13173,ms,,,,,,340026,4416.72,1.07782e+08,14025.1,8.54692e+07,5.00006e+06,4.00005,360786,7.38701e+08,6.47474,0,0.162986,5.15566e+08,0,5.00006e+06,2.15095e+08
"Bloom_Grouped2_Nonpart_AVX512_4/MTCount/125/48/1/10000000/100000000/10/iterations:5/manual_time",5,6.8987,2.94294,ms,,,,,,376319,3916.14,1.06561e+08,16340.3,8.96372e+07,6.25005e+06,5.00004,871479,7.96558e+08,6.8987,0,0.0954892,5.13081e+08,0,6.25005e+06,2.30375e+08
"Bloom_Grouped2_Nonpart_AVX512_4/MTCount/150/48/1/10000000/100000000/10/iterations:5/manual_time",5,7.28052,2.81778,ms,,,,,,392763,3402.66,1.07143e+08,18142.5,9.16069e+07,7.50003e+06,6.00003,1.69482e+06,8.61084e+08,7.28052,0,0.0592955,5.06457e+08,0,7.50003e+06,2.50459e+08
"Bloom_Grouped2_Nonpart_AVX512_4/MTCount/175/48/1/10000000/100000000/10/iterations:5/manual_time",5,7.85813,2.77947,ms,,,,,,499018,3065.38,1.07234e+08,18998.4,9.45141e+07,8.75002e+06,7.00001,2.6862e+06,9.41057e+08,7.85813,0,0.0386537,4.85045e+08,0,8.75002e+06,2.73481e+08
"Bloom_Grouped2_Nonpart_AVX512_4/MTCount/200/48/1/10000000/100000000/10/iterations:5/manual_time",5,8.36626,2.76849,ms,,,,,,639657,2580.19,1.07973e+08,20139.9,9.59154e+07,1.00001e+07,8.00005,3.62099e+06,1.0237e+09,8.36626,0,0.0263289,4.7477e+08,0,1.00001e+07,2.97723e+08
"Bloom_Grouped2_Nonpart_AVX512_4/MTCount/225/48/1/10000000/100000000/10/iterations:5/manual_time",5,8.98956,2.7368,ms,,,,,,1.5434e+06,3613.65,1.09619e+08,21293.7,9.55379e+07,1.125e+07,9.00004,4.57377e+06,1.12604e+09,8.98956,0,0.0185877,4.753e+08,0,1.125e+07,3.21414e+08
"Bloom_Grouped2_Nonpart_AVX512_4/MTCount/250/48/1/10000000/100000000/10/iterations:5/manual_time",5,9.62588,2.75318,ms,,,,,,2.29201e+06,4660.54,1.09724e+08,21589.2,9.63485e+07,1.25e+07,10,5.5758e+06,1.20583e+09,9.62588,0,0.0134892,4.63495e+08,0,1.25e+07,3.45939e+08
"Bloom_Grouped2_Nonpart_AVX512_4/MTCount/275/48/1/10000000/100000000/10/iterations:5/manual_time",5,10.0931,3.01219,ms,,,,,,1.08479e+07,5296.67,1.09329e+08,20750.1,9.88379e+07,1.375e+07,11,6.34904e+06,1.28213e+09,10.0931,0,0.0100659,4.4428e+08,0,1.375e+07,3.66258e+08
"Bloom_Grouped2_Nonpart_AVX512_4/MTCount/300/48/1/10000000/100000000/10/iterations:5/manual_time",5,10.4041,3.1635,ms,,,,,,1.7578e+07,5994.01,1.10219e+08,18866.4,9.8138e+07,1.50001e+07,12.0001,6.61816e+06,1.3123e+09,10.4041,0,0.00767876,4.36816e+08,0,1.50001e+07,3.72104e+08
"Bloom_Grouped2_Nonpart_AVX512_4/MTCount/325/48/1/10000000/100000000/10/iterations:5/manual_time",5,10.3935,3.18804,ms,,,,,,2.37809e+07,6050.89,1.09755e+08,19537.1,9.91307e+07,1.625e+07,13,6.54036e+06,1.31788e+09,10.3935,0,0.00597879,4.25412e+08,0,1.625e+07,3.72589e+08
"Bloom_Grouped2_Nonpart_AVX512_4/MTCount/350/48/1/10000000/100000000/10/iterations:5/manual_time",5,10.2456,3.16861,ms,,,,,,2.87985e+07,5848.48,1.10344e+08,19561.4,9.86368e+07,1.75e+07,14,6.1669e+06,1.3064e+09,10.2456,0,0.00471742,4.1875e+08,0,1.75e+07,3.68224e+08
"Bloom_Grouped2_Nonpart_AVX512_4/MTCount/375/48/1/10000000/100000000/10/iterations:5/manual_time",5,10.022,2.66721,ms,,,,,,3.37179e+07,5229.64,1.09984e+08,20769.2,9.96819e+07,1.875e+07,15,5.66956e+06,1.29115e+09,10.022,0,0.00379987,4.09481e+08,0,1.875e+07,3.64836e+08
"Bloom_Grouped2_Nonpart_AVX512_4/MTCount/400/48/1/10000000/100000000/10/iterations:5/manual_time",5,10.0968,2.86643,ms,,,,,,3.80032e+07,4886.24,1.10077e+08,20576.3,1.00424e+08,2.00001e+07,16.0001,5.19234e+06,1.31066e+09,10.0968,0,0.00307778,4.01551e+08,0,2.00001e+07,3.68376e+08
"Bloom_Grouped2_Nonpart_AVX512_4/MTCount/425/48/1/10000000/100000000/10/iterations:5/manual_time",5,10.1435,2.72912,ms,,,,,,4.15598e+07,5011.5,1.10113e+08,20429.6,1.01027e+08,2.125e+07,17,4.74337e+06,1.33873e+09,10.1435,0,0.00253716,3.93496e+08,0,2.125e+07,3.74011e+08
"Bloom_Grouped2_Nonpart_AVX512_4/MTCount/450/48/1/10000000/100000000/10/iterations:5/manual_time",5,10.3706,2.92616,ms,,,,,,4.46294e+07,5322.25,1.10482e+08,20439.7,1.01011e+08,2.25e+07,18,4.35773e+06,1.38018e+09,10.3706,0,0.00211222,3.89885e+08,0,2.25e+07,3.82505e+08
"Bloom_Grouped2_Nonpart_AVX512_4/MTCount/475/48/1/10000000/100000000/10/iterations:5/manual_time",5,10.4731,2.95086,ms,,,,,,4.78362e+07,5923.85,1.11195e+08,20732.1,1.0044e+08,2.375e+07,19,4.02522e+06,1.43789e+09,10.4731,0,0.00176639,3.88759e+08,0,2.375e+07,3.9638e+08
"Bloom_Grouped2_Nonpart_AVX512_4/MTCount/500/48/1/10000000/100000000/10/iterations:5/manual_time",5,10.6575,3.17545,ms,,,,,,5.10599e+07,9065.19,1.11225e+08,20411.1,1.00926e+08,2.50001e+07,20.0001,3.75028e+06,1.4839e+09,10.6575,0,0.00150191,3.85012e+08,0,2.50001e+07,4.0762e+08
"Bloom_Grouped2_Nonpart_AVX512_4/MTCount/525/48/1/10000000/100000000/10/iterations:5/manual_time",5,10.9042,3.06811,ms,,,,,,5.31765e+07,9889.01,1.11926e+08,20058.6,9.99598e+07,2.625e+07,21,3.48854e+06,1.53003e+09,10.9042,0,0.00128493,3.83036e+08,0,2.625e+07,4.17422e+08
"Bloom_Grouped2_Nonpart_AVX512_4/MTCount/550/48/1/10000000/100000000/10/iterations:5/manual_time",5,11.1198,3.16337,ms,,,,,,5.54117e+07,11360.2,1.12087e+08,19723.1,9.97547e+07,2.75e+07,22,3.28316e+06,1.58792e+09,11.1198,0,0.00110666,3.79357e+08,0,2.75e+07,4.31089e+08
"Bloom_Grouped2_Nonpart_AVX512_4/MTCount/575/48/1/10000000/100000000/10/iterations:5/manual_time",5,11.5598,3.06755,ms,,,,,,5.72625e+07,10917.2,1.12259e+08,19377,9.95486e+07,2.875e+07,23,3.06151e+06,1.63023e+09,11.5598,0,0.00095704,3.77479e+08,0,2.875e+07,4.40752e+08
"Bloom_Grouped2_Nonpart_AVX512_4/MTCount/600/48/1/10000000/100000000/10/iterations:5/manual_time",5,11.5766,3.20727,ms,,,,,,5.91324e+07,10982.5,1.12423e+08,19174.5,9.99025e+07,3.00001e+07,24.0001,2.88577e+06,1.66367e+09,11.5766,0,0.00083488,3.73712e+08,0,3.00001e+07,4.5e+08
"Bloom_Grouped2_Nonpart_AVX512_4/MTCount/625/48/1/10000000/100000000/10/iterations:5/manual_time",5,12.1055,2.92305,ms,,,,,,6.04742e+07,8641.24,1.12219e+08,19304.3,1.00495e+08,3.125e+07,25,2.68905e+06,1.70065e+09,12.1055,0,0.00073016,3.70203e+08,0,3.125e+07,4.59841e+08
"Bloom_Grouped2_Nonpart_AVX512_4/MTCount/650/48/1/10000000/100000000/10/iterations:5/manual_time",5,11.9588,3.12838,ms,,,,,,6.23569e+07,10513.6,1.12656e+08,18999.8,1.00195e+08,3.25e+07,26,2.56346e+06,1.74119e+09,11.9588,0,0.0006447,3.69135e+08,0,3.25e+07,4.69819e+08
"Bloom_Grouped2_Nonpart_AVX512_4/MTCount/100/48/1/17782794/100000000/10/iterations:5/manual_time",5,6.6364,2.71092,ms,,,,,,465421,3421.73,1.03119e+08,16818.6,9.41131e+07,8.89146e+06,4.00003,333053,7.67141e+08,6.6364,0,0.162971,5.17942e+08,0,8.89146e+06,2.23025e+08
"Bloom_Grouped2_Nonpart_AVX512_4/MTCount/125/48/1/17782794/100000000/10/iterations:5/manual_time",5,7.04585,2.60865,ms,,,,,,1.14923e+06,3138,1.05191e+08,18600.5,9.65726e+07,1.11143e+07,5.00003,877875,8.3148e+08,7.04585,0,0.0954297,5.11275e+08,0,1.11143e+07,2.40922e+08
"Bloom_Grouped2_Nonpart_AVX512_4/MTCount/150/48/1/17782794/100000000/10/iterations:5/manual_time",5,8.01115,3.22452,ms,,,,,,7.29034e+06,3856.22,1.07869e+08,20312.8,9.68463e+07,1.33372e+07,6.00003,1.75244e+06,9.51774e+08,8.01115,0,0.0592616,5.20892e+08,0,1.33372e+07,2.70762e+08
"Bloom_Grouped2_Nonpart_AVX512_4/MTCount/175/48/1/17782794/100000000/10/iterations:5/manual_time",5,9.06348,3.20344,ms,,,,,,2.01596e+07,3817.4,1.08085e+08,21605.2,9.86229e+07,1.556e+07,7.00002,2.70011e+06,1.10526e+09,9.06348,0,0.0386769,5.04126e+08,0,1.556e+07,3.1228e+08
"Bloom_Grouped2_Nonpart_AVX512_4/MTCount/200/48/1/17782794/100000000/10/iterations:5/manual_time",5,10.0979,3.05526,ms,,,,,,2.98722e+07,5442.74,1.09347e+08,20014.3,9.91682e+07,1.77828e+07,8.00002,3.65326e+06,1.29031e+09,10.0979,0,0.0263181,4.9005e+08,0,1.77828e+07,3.60151e+08
"Bloom_Grouped2_Nonpart_AVX512_4/MTCount/225/48/1/17782794/100000000/10/iterations:5/manual_time",5,11.4028,2.98341,ms,,,,,,3.75499e+07,6866.57,1.11134e+08,18810.3,9.85729e+07,2.00057e+07,9.00002,4.61683e+06,1.5198e+09,11.4028,0,0.0185816,4.79823e+08,0,2.00057e+07,4.19092e+08
"Bloom_Grouped2_Nonpart_AVX512_4/MTCount/250/48/1/17782794/100000000/10/iterations:5/manual_time",5,12.763,3.22382,ms,,,,,,4.46977e+07,8428.16,1.12072e+08,19230.6,9.84662e+07,2.22285e+07,10,5.61213e+06,1.76421e+09,12.763,0,0.0135069,4.70109e+08,0,2.22285e+07,4.83257e+08
"Bloom_Grouped2_Nonpart_AVX512_4/MTCount/275/48/1/17782794/100000000/10/iterations:5/manual_time",5,13.1872,3.19592,ms,,,,,,5.00039e+07,9320.35,1.12488e+08,17412.5,9.90168e+07,2.44514e+07,11,6.34984e+06,1.93878e+09,13.1872,0,0.0100743,4.56185e+08,0,2.44514e+07,5.3075e+08
"Bloom_Grouped2_Nonpart_AVX512_4/MTCount/300/48/1/17782794/100000000/10/iterations:5/manual_time",5,13.6819,3.11581,ms,,,,,,5.40283e+07,9473.93,1.12595e+08,17196.2,9.94416e+07,2.66742e+07,12,6.61372e+06,2.03865e+09,13.6819,0,0.00767642,4.44409e+08,0,2.66742e+07,5.58007e+08
"Bloom_Grouped2_Nonpart_AVX512_4/MTCount/325/48/1/17782794/100000000/10/iterations:5/manual_time",5,14.182,3.09759,ms,,,,,,5.6966e+07,7575.71,1.12551e+08,16683.1,9.97373e+07,2.88971e+07,13,6.49941e+06,2.09598e+09,14.182,0,0.00596624,4.32871e+08,0,2.88971e+07,5.72385e+08
"Bloom_Grouped2_Nonpart_AVX512_4/MTCount/350/48/1/17782794/100000000/10/iterations:5/manual_time",5,14.5162,3.39131,ms,,,,,,5.99806e+07,7712.59,1.12677e+08,16971.3,9.96119e+07,3.11199e+07,14,6.14427e+06,2.1223e+09,14.5162,0,0.00472015,4.25696e+08,0,3.11199e+07,5.77261e+08
"Bloom_Grouped2_Nonpart_AVX512_4/MTCount/375/48/1/17782794/100000000/10/iterations:5/manual_time",5,14.2598,3.09466,ms,,,,,,6.27398e+07,6722.43,1.12689e+08,16747,1.00204e+08,3.33428e+07,15,5.65811e+06,2.11291e+09,14.2598,0,0.00379334,4.16489e+08,0,3.33428e+07,5.74894e+08
"Bloom_Grouped2_Nonpart_AVX512_4/MTCount/400/48/1/17782794/100000000/10/iterations:5/manual_time",5,14.6266,3.15583,ms,,,,,,6.50669e+07,7095.07,1.12682e+08,17128.1,1.00298e+08,3.55656e+07,16,5.17971e+06,2.14307e+09,14.6266,0,0.00308523,4.10103e+08,0,3.55656e+07,5.82775e+08
"Bloom_Grouped2_Nonpart_AVX512_4/MTCount/425/48/1/17782794/100000000/10/iterations:5/manual_time",5,14.6052,3.43895,ms,,,,,,6.72068e+07,7598.14,1.12879e+08,16710.6,1.00547e+08,3.77885e+07,17,4.74808e+06,2.14813e+09,14.6052,0,0.0025383,4.02973e+08,0,3.77885e+07,5.8326e+08
"Bloom_Grouped2_Nonpart_AVX512_4/MTCount/450/48/1/17782794/100000000/10/iterations:5/manual_time",5,15.0281,3.37392,ms,,,,,,6.90384e+07,7370.72,1.13014e+08,17853.9,1.00658e+08,4.00113e+07,18,4.35733e+06,2.20199e+09,15.0281,0,0.0021045,3.97333e+08,0,4.00113e+07,5.96924e+08
"Bloom_Grouped2_Nonpart_AVX512_4/MTCount/475/48/1/17782794/100000000/10/iterations:5/manual_time",5,16.1383,3.42146,ms,,,,,,7.0579e+07,5780.23,1.13209e+08,18986.7,1.00624e+08,4.22342e+07,19,4.03056e+06,2.38207e+09,16.1383,0,0.00177428,3.93997e+08,0,4.22342e+07,6.4186e+08
"Bloom_Grouped2_Nonpart_AVX512_4/MTCount/500/48/1/17782794/100000000/10/iterations:5/manual_time",5,15.6411,3.18318,ms,,,,,,7.21409e+07,7193.61,1.13321e+08,19069.9,1.00741e+08,4.4457e+07,20,3.7298e+06,2.36644e+09,15.6411,0,0.00150449,3.91811e+08,0,4.4457e+07,6.38128e+08
"Bloom_Grouped2_Nonpart_AVX512_4/MTCount/525/48/1/17782794/100000000/10/iterations:5/manual_time",5,16.1339,3.37586,ms,,,,,,7.34424e+07,6279.82,1.13437e+08,18804.6,1.00674e+08,4.66799e+07,21,3.51314e+06,2.44567e+09,16.1339,0,0.00127662,3.85886e+08,0,4.66799e+07,6.58824e+08
"Bloom_Grouped2_Nonpart_AVX512_4/MTCount/550/48/1/17782794/100000000/10/iterations:5/manual_time",5,16.7126,3.47226,ms,,,,,,7.47546e+07,7269.71,1.13718e+08,18639.5,1.00619e+08,4.89027e+07,22,3.29571e+06,2.49779e+09,16.7126,0,0.00110126,3.80687e+08,0,4.89027e+07,6.71916e+08
"Bloom_Grouped2_Nonpart_AVX512_4/MTCount/575/48/1/17782794/100000000/10/iterations:5/manual_time",5,17.0291,3.53528,ms,,,,,,7.57802e+07,8362.96,1.1338e+08,17745.6,1.00936e+08,5.11256e+07,23,3.08903e+06,2.58327e+09,17.0291,0,0.00095356,3.80379e+08,0,5.11256e+07,6.94429e+08
"Bloom_Grouped2_Nonpart_AVX512_4/MTCount/600/48/1/17782794/100000000/10/iterations:5/manual_time",5,17.5349,3.60197,ms,,,,,,7.68665e+07,8156.42,1.1374e+08,17911,1.00765e+08,5.33484e+07,24,2.92051e+06,2.65252e+09,17.5349,0,0.00083044,3.7619e+08,0,5.33484e+07,7.11583e+08
"Bloom_Grouped2_Nonpart_AVX512_4/MTCount/625/48/1/17782794/100000000/10/iterations:5/manual_time",5,17.7245,3.32877,ms,,,,,,7.7701e+07,6750.57,1.13869e+08,18960.2,1.00901e+08,5.55713e+07,25,2.76902e+06,2.68831e+09,17.7245,0,0.00072658,3.73489e+08,0,5.55713e+07,7.21549e+08
"Bloom_Grouped2_Nonpart_AVX512_4/MTCount/650/48/1/17782794/100000000/10/iterations:5/manual_time",5,17.8786,2.98728,ms,,,,,,7.85365e+07,5967.38,1.13519e+08,18850,1.01674e+08,5.77941e+07,26,2.58749e+06,2.76583e+09,17.8786,0,0.00064146,3.74022e+08,0,5.77941e+07,7.42182e+08
"Bloom_Grouped2_Nonpart_AVX512_4/MTCount/100/48/1/31622777/100000000/10/iterations:5/manual_time",5,7.5881,2.55122,ms,,,,,,2.14151e+07,2530.56,1.05499e+08,19715.1,9.95479e+07,1.58114e+07,4,355552,9.29793e+08,7.5881,0,0.162958,5.22887e+08,0,1.58114e+07,2.65095e+08
"Bloom_Grouped2_Nonpart_AVX512_4/MTCount/125/48/1/31622777/100000000/10/iterations:5/manual_time",5,9.6144,2.98198,ms,,,,,,3.64424e+07,5014.63,1.09377e+08,19738.5,9.94769e+07,1.97643e+07,5.00001,875054,1.27131e+09,9.6144,0,0.0954368,5.35931e+08,0,1.97643e+07,3.48325e+08
"Bloom_Grouped2_Nonpart_AVX512_4/MTCount/150/48/1/31622777/100000000/10/iterations:5/manual_time",5,12.3882,2.98193,ms,,,,,,4.74651e+07,7342.82,1.12174e+08,17252.6,9.83436e+07,2.37171e+07,6.00001,1.75311e+06,1.73143e+09,12.3882,0,0.0592059,5.29309e+08,0,2.37171e+07,4.63719e+08
"Bloom_Grouped2_Nonpart_AVX512_4/MTCount/175/48/1/31622777/100000000/10/iterations:5/manual_time",5,13.9614,3.23341,ms,,,,,,5.52769e+07,7990.36,1.12269e+08,16045.2,9.93423e+07,2.767e+07,7.00001,2.73514e+06,2.10797e+09,13.9614,0,0.0386739,5.14694e+08,0,2.767e+07,5.62559e+08
"Bloom_Grouped2_Nonpart_AVX512_4/MTCount/200/48/1/31622777/100000000/10/iterations:5/manual_time",5,15.8043,3.35611,ms,,,,,,6.05254e+07,5158.68,1.12285e+08,19840.6,9.98216e+07,3.16228e+07,8,3.67023e+06,2.43724e+09,15.8043,0,0.026326,4.99814e+08,0,3.16228e+07,6.48851e+08
"Bloom_Grouped2_Nonpart_AVX512_4/MTCount/225/48/1/31622777/100000000/10/iterations:5/manual_time",5,17.3186,3.20865,ms,,,,,,6.51231e+07,4936.01,1.12617e+08,21433.8,1.00067e+08,3.55757e+07,9.00001,4.60763e+06,2.70909e+09,17.3186,0,0.0185708,4.84644e+08,0,3.55757e+07,7.21094e+08
"Bloom_Grouped2_Nonpart_AVX512_4/MTCount/250/48/1/31622777/100000000/10/iterations:5/manual_time",5,18.8195,3.25608,ms,,,,,,6.87281e+07,7551.38,1.1291e+08,21275.7,1.00262e+08,3.95285e+07,10,5.55066e+06,2.88399e+09,18.8195,0,0.0134881,4.70045e+08,0,3.95285e+07,7.68939e+08
"Bloom_Grouped2_Nonpart_AVX512_4/MTCount/275/48/1/31622777/100000000/10/iterations:5/manual_time",5,18.9527,3.33815,ms,,,,,,7.17242e+07,8670.98,1.13196e+08,21489.2,1.00669e+08,4.34813e+07,11,6.27692e+06,2.96701e+09,18.9527,0,0.010064,4.5699e+08,0,4.34813e+07,7.9478e+08
"Bloom_Grouped2_Nonpart_AVX512_4/MTCount/300/48/1/31622777/100000000/10/iterations:5/manual_time",5,19.492,3.24407,ms,,,,,,7.41433e+07,9731.95,1.13275e+08,20451.4,1.00899e+08,4.74342e+07,12,6.55483e+06,2.97777e+09,19.492,0,0.00768307,4.44232e+08,0,4.74342e+07,8.02404e+08
"Bloom_Grouped2_Nonpart_AVX512_4/MTCount/325/48/1/31622777/100000000/10/iterations:5/manual_time",5,19.3335,3.52409,ms,,,,,,7.61841e+07,9245.65,1.13627e+08,20054.4,1.00954e+08,5.13871e+07,13,6.44583e+06,3.00228e+09,19.3335,0,0.00596164,4.34181e+08,0,5.13871e+07,8.11847e+08
"Bloom_Grouped2_Nonpart_AVX512_4/MTCount/350/48/1/31622777/100000000/10/iterations:5/manual_time",5,19.7532,3.51512,ms,,,,,,7.79399e+07,8773.32,1.13792e+08,21145.4,1.01112e+08,5.53399e+07,14,6.1026e+06,3.01649e+09,19.7532,0,0.00471057,4.25683e+08,0,5.53399e+07,8.16221e+08
"Bloom_Grouped2_Nonpart_AVX512_4/MTCount/375/48/1/31622777/100000000/10/iterations:5/manual_time",5,19.598,3.61405,ms,,,,,,7.93102e+07,6685.33,1.13849e+08,21488.7,1.01607e+08,5.92927e+07,15,5.63697e+06,3.02694e+09,19.598,0,0.00378129,4.19297e+08,0,5.92927e+07,8.20293e+08
"Bloom_Grouped2_Nonpart_AVX512_4/MTCount/400/48/1/31622777/100000000/10/iterations:5/manual_time",5,19.6432,3.63925,ms,,,,,,8.05986e+07,5633.47,1.13804e+08,21994.5,1.01889e+08,6.32456e+07,16,5.16393e+06,3.03711e+09,19.6432,0,0.00308463,4.125e+08,0,6.32456e+07,8.23738e+08
"Bloom_Grouped2_Nonpart_AVX512_4/MTCount/425/48/1/31622777/100000000/10/iterations:5/manual_time",5,19.9348,3.26705,ms,,,,,,8.17373e+07,5581.98,1.13887e+08,21650.8,1.02067e+08,6.71985e+07,17,4.70904e+06,3.03799e+09,19.9348,0,0.00253583,4.06595e+08,0,6.71985e+07,8.23692e+08
"Bloom_Grouped2_Nonpart_AVX512_4/MTCount/450/48/1/31622777/100000000/10/iterations:5/manual_time",5,20.2156,3.55437,ms,,,,,,8.28618e+07,6565.88,1.13725e+08,21529.4,1.02918e+08,7.11513e+07,18,4.33391e+06,3.11488e+09,20.2156,0,0.00211185,4.01394e+08,0,7.11513e+07,8.42956e+08
"Bloom_Grouped2_Nonpart_AVX512_4/MTCount/475/48/1/31622777/100000000/10/iterations:5/manual_time",5,20.6053,3.61154,ms,,,,,,8.41082e+07,8481.16,1.14022e+08,20669.9,1.03222e+08,7.51041e+07,19,4.03666e+06,3.1348e+09,20.6053,0,0.00176914,3.93132e+08,0,7.51041e+07,8.47171e+08
"Bloom_Grouped2_Nonpart_AVX512_4/MTCount/500/48/1/31622777/100000000/10/iterations:5/manual_time",5,20.7022,3.60842,ms,,,,,,8.47952e+07,7690.96,1.13761e+08,20710.7,1.04193e+08,7.9057e+07,20,3.76859e+06,3.1963e+09,20.7022,0,0.0015039,3.90129e+08,0,7.9057e+07,8.64065e+08
"Bloom_Grouped2_Nonpart_AVX512_4/MTCount/525/48/1/31622777/100000000/10/iterations:5/manual_time",5,20.9478,3.70577,ms,,,,,,8.53706e+07,7623.43,1.13824e+08,19993.2,1.05092e+08,8.30098e+07,21,3.52641e+06,3.2612e+09,20.9478,0,0.00128167,3.87345e+08,0,8.30098e+07,8.80433e+08
"Bloom_Grouped2_Nonpart_AVX512_4/MTCount/550/48/1/31622777/100000000/10/iterations:5/manual_time",5,21.1721,3.19601,ms,,,,,,8.61057e+07,6599.92,1.1346e+08,20935.2,1.05791e+08,8.69627e+07,22,3.32329e+06,3.29787e+09,21.1721,0,0.00109912,3.85115e+08,0,8.69627e+07,8.90325e+08
"Bloom_Grouped2_Nonpart_AVX512_4/MTCount/575/48/1/31622777/100000000/10/iterations:5/manual_time",5,21.3843,3.73165,ms,,,,,,8.67346e+07,7178.09,1.13855e+08,20538.8,1.05757e+08,9.09155e+07,23,3.09732e+06,3.31503e+09,21.3843,0,0.00095191,3.80643e+08,0,9.09155e+07,8.94666e+08
"Bloom_Grouped2_Nonpart_AVX512_4/MTCount/600/48/1/31622777/100000000/10/iterations:5/manual_time",5,21.5826,3.31433,ms,,,,,,8.73706e+07,7511.7,1.14013e+08,21056,1.0706e+08,9.48684e+07,24,2.92279e+06,3.34226e+09,21.5826,0,0.00083002,3.7749e+08,0,9.48684e+07,9.02415e+08
"Bloom_Grouped2_Nonpart_AVX512_4/MTCount/625/48/1/31622777/100000000/10/iterations:5/manual_time",5,21.5843,3.64484,ms,,,,,,8.79101e+07,7707.83,1.13659e+08,20104.6,1.07654e+08,9.88212e+07,25,2.77935e+06,3.41557e+09,21.5843,0,0.00072836,3.75272e+08,0,9.88212e+07,9.2068e+08
"Bloom_Grouped2_Nonpart_AVX512_4/MTCount/650/48/1/31622777/100000000/10/iterations:5/manual_time",5,21.7142,3.63964,ms,,,,,,8.8421e+07,8178.12,1.13669e+08,21062.1,1.07781e+08,1.02774e+08,26,2.62921e+06,3.43799e+09,21.7142,0,0.00064205,3.71736e+08,0,1.02774e+08,9.26778e+08
"Bloom_Grouped2_Nonpart_AVX512_4/MTCount/100/48/1/56234133/100000000/10/iterations:5/manual_time",5,13.822,3.04207,ms,,,,,,5.64976e+07,7419.76,1.12752e+08,15866.8,9.94674e+07,2.81171e+07,4.00001,477557,2.05547e+09,13.822,0,0.163036,5.50914e+08,0,2.81171e+07,5.46611e+08
"Bloom_Grouped2_Nonpart_AVX512_4/MTCount/125/48/1/56234133/100000000/10/iterations:5/manual_time",5,16.7032,3.3135,ms,,,,,,6.45856e+07,4369.65,1.12637e+08,20397.7,9.97365e+07,3.51464e+07,5,961031,2.5439e+09,16.7032,0,0.0954341,5.43695e+08,0,3.51464e+07,6.7565e+08
"Bloom_Grouped2_Nonpart_AVX512_4/MTCount/150/48/1/56234133/100000000/10/iterations:5/manual_time",5,18.2275,3.3347,ms,,,,,,7.08668e+07,7959.06,1.12989e+08,21273.4,1.00247e+08,4.21756e+07,6,1.72458e+06,2.87719e+09,18.2275,0,0.0592474,5.31398e+08,0,4.21756e+07,7.63851e+08
"Bloom_Grouped2_Nonpart_AVX512_4/MTCount/175/48/1/56234133/100000000/10/iterations:5/manual_time",5,19.9612,3.2586,ms,,,,,,7.52133e+07,9548.91,1.13356e+08,19618.1,1.00451e+08,4.92049e+07,7.00001,2.72382e+06,3.1567e+09,19.9612,0,0.0387088,5.14606e+08,0,4.92049e+07,8.37831e+08
"Bloom_Grouped2_Nonpart_AVX512_4/MTCount/200/48/1/56234133/100000000/10/iterations:5/manual_time",5,21.4506,3.2819,ms,,,,,,7.8284e+07,8187.4,1.13469e+08,20618.6,1.01225e+08,5.62342e+07,8.00001,3.67122e+06,3.42833e+09,21.4506,0,0.0263483,4.99965e+08,0,5.62342e+07,9.0984e+08
"Bloom_Grouped2_Nonpart_AVX512_4/MTCount/225/48/1/56234133/100000000/10/iterations:5/manual_time",5,22.8083,3.36651,ms,,,,,,8.07723e+07,8533.36,1.13584e+08,20615.9,1.01813e+08,6.32634e+07,9,4.62057e+06,3.63374e+09,22.8083,0,0.0185945,4.86802e+08,0,6.32634e+07,9.64727e+08
"Bloom_Grouped2_Nonpart_AVX512_4/MTCount/250/48/1/56234133/100000000/10/iterations:5/manual_time",5,23.3859,3.07154,ms,,,,,,8.2781e+07,8008.87,1.1368e+08,19755.9,1.02571e+08,7.02927e+07,10,5.58696e+06,3.74928e+09,23.3859,0,0.0135067,4.73054e+08,0,7.02927e+07,9.98545e+08
"Bloom_Grouped2_Nonpart_AVX512_4/MTCount/275/48/1/56234133/100000000/10/iterations:5/manual_time",5,23.8843,3.19958,ms,,,,,,8.43226e+07,8289.09,1.13592e+08,19978.6,1.03843e+08,7.7322e+07,11,6.3171e+06,3.79252e+09,23.8843,0,0.0100835,4.59915e+08,0,7.7322e+07,1.0154e+09
"Bloom_Grouped2_Nonpart_AVX512_4/MTCount/300/48/1/56234133/100000000/10/iterations:5/manual_time",5,23.3912,3.34846,ms,,,,,,8.56253e+07,8785.12,1.13705e+08,18982.3,1.05607e+08,8.43512e+07,12,6.59967e+06,3.75495e+09,23.3912,0,0.00767584,4.48102e+08,0,8.43512e+07,1.01275e+09
"Bloom_Grouped2_Nonpart_AVX512_4/MTCount/325/48/1/56234133/100000000/10/iterations:5/manual_time",5,23.455,3.46681,ms,,,,,,8.68828e+07,9501.84,1.13542e+08,19477.9,1.06258e+08,9.13805e+07,13,6.49917e+06,3.68645e+09,23.455,0,0.00597733,4.37309e+08,0,9.13805e+07,9.97422e+08
"Bloom_Grouped2_Nonpart_AVX512_4/MTCount/350/48/1/56234133/100000000/10/iterations:5/manual_time",5,23.3401,3.53991,ms,,,,,,8.77517e+07,8563.8,1.13531e+08,20487.4,1.08051e+08,9.84098e+07,14,6.13242e+06,3.6666e+09,23.3401,0,0.004716,4.28484e+08,0,9.84098e+07,9.94077e+08
"Bloom_Grouped2_Nonpart_AVX512_4/MTCount/375/48/1/56234133/100000000/10/iterations:5/manual_time",5,23.3257,3.5799,ms,,,,,,8.86186e+07,8475.68,1.13707e+08,20640.8,1.08554e+08,1.05439e+08,15,5.71012e+06,3.62474e+09,23.3257,0,0.00378489,4.16884e+08,0,1.05439e+08,9.83496e+08
"Bloom_Grouped2_Nonpart_AVX512_4/MTCount/400/48/1/56234133/100000000/10/iterations:5/manual_time",5,23.2016,3.06495,ms,,,,,,8.94173e+07,7188.09,1.13704e+08,21527.8,1.0931e+08,1.12468e+08,16,5.18029e+06,3.61158e+09,23.2016,0,0.0030884,4.12416e+08,0,1.12468e+08,9.81993e+08
"Bloom_Grouped2_Nonpart_AVX512_4/MTCount/425/48/1/56234133/100000000/10/iterations:5/manual_time",5,23.1509,3.71793,ms,,,,,,8.99698e+07,8511.15,1.13513e+08,22138.9,1.09938e+08,1.19498e+08,17,4.73634e+06,3.63692e+09,23.1509,0,0.0025435,4.09094e+08,0,1.19498e+08,9.89009e+08
"Bloom_Grouped2_Nonpart_AVX512_4/MTCount/450/48/1/56234133/100000000/10/iterations:5/manual_time",5,23.1488,3.44455,ms,,,,,,9.05677e+07,9399.42,1.13854e+08,22525.1,1.10032e+08,1.26527e+08,18,4.38545e+06,3.65569e+09,23.1488,0,0.00210969,4.01183e+08,0,1.26527e+08,9.9297e+08
"Bloom_Grouped2_Nonpart_AVX512_4/MTCount/475/48/1/56234133/100000000/10/iterations:5/manual_time",5,23.7342,3.47945,ms,,,,,,9.09883e+07,9201.61,1.14034e+08,22072.5,1.11083e+08,1.33556e+08,19,4.05125e+06,3.68781e+09,23.7342,0,0.00177611,3.96019e+08,0,1.33556e+08,9.99804e+08
"Bloom_Grouped2_Nonpart_AVX512_4/MTCount/500/48/1/56234133/100000000/10/iterations:5/manual_time",5,23.2086,3.50039,ms,,,,,,9.16277e+07,10176.3,1.1393e+08,21416.8,1.12762e+08,1.40585e+08,20,3.77502e+06,3.70995e+09,23.2086,0,0.00150138,3.90949e+08,0,1.40585e+08,1.00544e+09
"Bloom_Grouped2_Nonpart_AVX512_4/MTCount/525/48/1/56234133/100000000/10/iterations:5/manual_time",5,23.4378,3.50449,ms,,,,,,9.19875e+07,9781.36,1.14143e+08,21643.7,1.13462e+08,1.47615e+08,21,3.5427e+06,3.74186e+09,23.4378,0,0.00128311,3.88307e+08,0,1.47615e+08,1.01407e+09
"Bloom_Grouped2_Nonpart_AVX512_4/MTCount/550/48/1/56234133/100000000/10/iterations:5/manual_time",5,23.7055,3.36324,ms,,,,,,9.2597e+07,11208.2,1.14023e+08,21681.9,1.14307e+08,1.54644e+08,22,3.33049e+06,3.74061e+09,23.7055,0,0.00110168,3.84866e+08,0,1.54644e+08,1.01285e+09
"Bloom_Grouped2_Nonpart_AVX512_4/MTCount/575/48/1/56234133/100000000/10/iterations:5/manual_time",5,23.7948,3.75173,ms,,,,,,9.2836e+07,9841.57,1.14044e+08,21113.4,1.15491e+08,1.61673e+08,23,3.12425e+06,3.77953e+09,23.7948,0,0.00095884,3.80676e+08,0,1.61673e+08,1.02244e+09
"Bloom_Grouped2_Nonpart_AVX512_4/MTCount/600/48/1/56234133/100000000/10/iterations:5/manual_time",5,24.2276,3.81776,ms,,,,,,9.33971e+07,9987.51,1.14249e+08,21235.4,1.16434e+08,1.68702e+08,24,2.96164e+06,3.78732e+09,24.2276,0,0.00083027,3.76784e+08,0,1.68702e+08,1.02385e+09
"Bloom_Grouped2_Nonpart_AVX512_4/MTCount/625/48/1/56234133/100000000/10/iterations:5/manual_time",5,24.5209,3.62099,ms,,,,,,9.36643e+07,9137.99,1.13841e+08,20783.4,1.17827e+08,1.75732e+08,25,2.81811e+06,3.83692e+09,24.5209,0,0.00073097,3.73359e+08,0,1.75732e+08,1.03497e+09
"Bloom_Grouped2_Nonpart_AVX512_4/MTCount/650/48/1/56234133/100000000/10/iterations:5/manual_time",5,24.0632,3.66476,ms,,,,,,9.39464e+07,9621.99,1.14009e+08,20568.5,1.19261e+08,1.82761e+08,26,2.66021e+06,3.85082e+09,24.0632,0,0.00064155,3.72266e+08,0,1.82761e+08,1.03968e+09
"Bloom_Grouped2_Nonpart_AVX512_4/MTCount/100/48/1/100000000/100000000/10/iterations:5/manual_time",5,19.7837,3.21702,ms,,,,,,7.56947e+07,7473.78,1.13263e+08,20544.9,1.00519e+08,5.00001e+07,4.00001,456498,3.11511e+09,19.7837,0,0.16301,5.53882e+08,0,5.00001e+07,8.26826e+08
"Bloom_Grouped2_Nonpart_AVX512_4/MTCount/125/48/1/100000000/100000000/10/iterations:5/manual_time",5,21.8442,3.37717,ms,,,,,,8.06933e+07,7935.32,1.13543e+08,19195.3,1.01554e+08,6.25e+07,5,1.03037e+06,3.48771e+09,21.8442,0,0.0954338,5.42953e+08,0,6.25e+07,9.25081e+08
"Bloom_Grouped2_Nonpart_AVX512_4/MTCount/150/48/1/100000000/100000000/10/iterations:5/manual_time",5,23.1029,3.35213,ms,,,,,,8.39175e+07,8185.7,1.13646e+08,19401.7,1.03229e+08,7.50001e+07,6.00001,1.84035e+06,3.77243e+09,23.1029,0,0.0592219,5.32991e+08,0,7.50001e+07,1.00047e+09
"Bloom_Grouped2_Nonpart_AVX512_4/MTCount/175/48/1/100000000/100000000/10/iterations:5/manual_time",5,24.5153,3.13161,ms,,,,,,8.62171e+07,7736.48,1.13518e+08,18990.2,1.05658e+08,8.75e+07,7,2.80021e+06,3.93002e+09,24.5153,0,0.0386798,5.19611e+08,0,8.75e+07,1.04219e+09
"Bloom_Grouped2_Nonpart_AVX512_4/MTCount/200/48/1/100000000/100000000/10/iterations:5/manual_time",5,24.855,3.22731,ms,,,,,,8.77245e+07,5726.89,1.13616e+08,20261.1,1.07698e+08,1e+08,8.00001,3.72399e+06,4.08538e+09,24.855,0,0.0263495,5.03752e+08,0,1e+08,1.08363e+09
"Bloom_Grouped2_Nonpart_AVX512_4/MTCount/225/48/1/100000000/100000000/10/iterations:5/manual_time",5,25.5241,3.10296,ms,,,,,,8.91971e+07,6162.15,1.13702e+08,21992.4,1.09118e+08,1.125e+08,9,4.67228e+06,4.19821e+09,25.5241,0,0.0185502,4.91127e+08,0,1.125e+08,1.11593e+09
"Bloom_Grouped2_Nonpart_AVX512_4/MTCount/250/48/1/100000000/100000000/10/iterations:5/manual_time",5,26.3134,3.14657,ms,,,,,,9.02882e+07,5371.02,1.13828e+08,22138.7,1.09974e+08,1.25e+08,10,5.62929e+06,4.24499e+09,26.3134,0,0.0134997,4.75396e+08,0,1.25e+08,1.13327e+09
"Bloom_Grouped2_Nonpart_AVX512_4/MTCount/275/48/1/100000000/100000000/10/iterations:5/manual_time",5,26.0329,3.25285,ms,,,,,,9.12241e+07,7355.89,1.13862e+08,22291.7,1.12683e+08,1.375e+08,11,6.33412e+06,4.23902e+09,26.0329,0,0.0100691,4.64463e+08,0,1.375e+08,1.13965e+09
"Bloom_Grouped2_Nonpart_AVX512_4/MTCount/300/48/1/100000000/100000000/10/iterations:5/manual_time",5,26.1633,3.4833,ms,,,,,,9.19427e+07,7706.27,1.13929e+08,21681.4,1.14209e+08,1.5e+08,12,6.62153e+06,4.16533e+09,26.1633,0,0.00767261,4.49651e+08,0,1.5e+08,1.12626e+09
"Bloom_Grouped2_Nonpart_AVX512_4/MTCount/325/48/1/100000000/100000000/10/iterations:5/manual_time",5,25.5692,3.49401,ms,,,,,,9.26004e+07,8477.79,1.14056e+08,21028.2,1.15744e+08,1.625e+08,13,6.52417e+06,4.12155e+09,25.5692,0,0.00596803,4.39106e+08,0,1.625e+08,1.11872e+09
"Bloom_Grouped2_Nonpart_AVX512_4/MTCount/350/48/1/100000000/100000000/10/iterations:5/manual_time",5,25.3413,3.27939,ms,,,,,,9.32321e+07,7896.6,1.13864e+08,20941.6,1.17756e+08,1.75e+08,14,6.16302e+06,4.01869e+09,25.3413,0,0.0047189,4.30457e+08,0,1.75e+08,1.09621e+09
"Bloom_Grouped2_Nonpart_AVX512_4/MTCount/375/48/1/100000000/100000000/10/iterations:5/manual_time",5,25.102,3.27008,ms,,,,,,9.37531e+07,9442.51,1.13902e+08,21311.6,1.20166e+08,1.875e+08,15,5.73237e+06,4.01363e+09,25.102,0,0.00378361,4.23421e+08,0,1.875e+08,1.09447e+09
"Bloom_Grouped2_Nonpart_AVX512_4/MTCount/400/48/1/100000000/100000000/10/iterations:5/manual_time",5,24.8775,3.30688,ms,,,,,,9.41943e+07,9675.46,1.13677e+08,21329.2,1.2271e+08,2e+08,16,5.24106e+06,3.98256e+09,24.8775,0,0.00308312,4.16166e+08,0,2e+08,1.08641e+09
"Bloom_Grouped2_Nonpart_AVX512_4/MTCount/425/48/1/100000000/100000000/10/iterations:5/manual_time",5,25.081,3.63192,ms,,,,,,9.4657e+07,9267.87,1.13936e+08,19426.8,1.24859e+08,2.125e+08,17,4.82438e+06,3.98981e+09,25.081,0,0.00253452,4.07185e+08,0,2.125e+08,1.08682e+09
"Bloom_Grouped2_Nonpart_AVX512_4/MTCount/450/48/1/100000000/100000000/10/iterations:5/manual_time",5,25.1252,3.35471,ms,,,,,,9.51496e+07,10238.3,1.13798e+08,19856.7,1.27634e+08,2.25e+08,18,4.45552e+06,3.92857e+09,25.1252,0,0.00210748,3.99248e+08,0,2.25e+08,1.07151e+09
"Bloom_Grouped2_Nonpart_AVX512_4/MTCount/475/48/1/100000000/100000000/10/iterations:5/manual_time",5,25.0864,3.3907,ms,,,,,,9.5362e+07,10612.1,1.13572e+08,20701.5,1.29403e+08,2.375e+08,19,4.1014e+06,3.96917e+09,25.0864,0,0.00176865,3.9868e+08,0,2.375e+08,1.08294e+09
"Bloom_Grouped2_Nonpart_AVX512_4/MTCount/500/48/1/100000000/100000000/10/iterations:5/manual_time",5,25.3655,3.66117,ms,,,,,,9.57184e+07,10129.2,1.13954e+08,19227.5,1.30725e+08,2.5e+08,20,3.83677e+06,3.96852e+09,25.3655,0,0.0015034,3.91011e+08,0,2.5e+08,1.07992e+09
"Bloom_Grouped2_Nonpart_AVX512_4/MTCount/525/48/1/100000000/100000000/10/iterations:5/manual_time",5,24.9887,3.59337,ms,,,,,,9.57623e+07,9881.18,1.13802e+08,19212.2,1.32926e+08,2.625e+08,21,3.5854e+06,3.993e+09,24.9887,0,0.00128049,3.89254e+08,0,2.625e+08,1.08715e+09
"Bloom_Grouped2_Nonpart_AVX512_4/MTCount/550/48/1/100000000/100000000/10/iterations:5/manual_time",5,25.1078,3.57917,ms,,,,,,9.60064e+07,9662.57,1.13596e+08,18855.1,1.35695e+08,2.75e+08,22,3.38528e+06,4.01687e+09,25.1078,0,0.00110142,3.85009e+08,0,2.75e+08,1.09282e+09
"Bloom_Grouped2_Nonpart_AVX512_4/MTCount/575/48/1/100000000/100000000/10/iterations:5/manual_time",5,25.438,3.60554,ms,,,,,,9.62047e+07,9543.4,1.13853e+08,18739.4,1.37649e+08,2.875e+08,23,3.19244e+06,4.01105e+09,25.438,0,0.00095147,3.80871e+08,0,2.875e+08,1.09024e+09
"Bloom_Grouped2_Nonpart_AVX512_4/MTCount/600/48/1/100000000/100000000/10/iterations:5/manual_time",5,25.1253,3.59687,ms,,,,,,9.64726e+07,9392.48,1.13814e+08,19191.5,1.39432e+08,3e+08,24,3.01109e+06,4.0186e+09,25.1253,0,0.00083269,3.78863e+08,0,3e+08,1.09277e+09
"Bloom_Grouped2_Nonpart_AVX512_4/MTCount/625/48/1/100000000/100000000/10/iterations:5/manual_time",5,25.3282,3.70103,ms,,,,,,9.6837e+07,9992.71,1.13786e+08,19023.2,1.40889e+08,3.125e+08,25,2.84295e+06,3.97994e+09,25.3282,0,0.00072999,3.7318e+08,0,3.125e+08,1.08138e+09
"Bloom_Grouped2_Nonpart_AVX512_4/MTCount/650/48/1/100000000/100000000/10/iterations:5/manual_time",5,25.1447,3.27107,ms,,,,,,9.66133e+07,9540.13,1.13488e+08,19178.1,1.42758e+08,3.25e+08,26,2.72573e+06,4.07049e+09,25.1447,0,0.00064471,3.75453e+08,0,3.25e+08,1.10595e+09
