name,iterations,real_time,cpu_time,time_unit,bytes_per_second,items_per_second,label,error_occurred,error_message,"DTLB-misses","ITLB-misses","L1D-misses","L1I-misses","LLC-misses","avg_size","bits","branch-misses","cycles","duration","failures","fpr","instructions","retries","size","task-clock"
"Bloom_Sectorized128_Nonpart_AVX512_2/MTCount/200/48/1/10000/100000000/10/iterations:5/manual_time",5,4.23662,2.59387,ms,,,,,,206014,4459.64,1.30686e+07,12885.8,428642,5056,4.0448,407955,4.10061e+08,4.23662,0,0.156599,3.54217e+08,0,5056,1.21481e+08
"Bloom_Sectorized128_Nonpart_AVX512_2/MTCount/250/48/1/10000/100000000/10/iterations:5/manual_time",5,4.40949,2.53924,ms,,,,,,205638,4921.14,1.28521e+07,11508.6,389299,6272,5.0176,642805,4.43058e+08,4.40949,0,0.111425,3.54326e+08,0,6272,1.24756e+08
"Bloom_Sectorized128_Nonpart_AVX512_2/MTCount/300/48/1/10000/100000000/10/iterations:5/manual_time",5,4.67177,3.02548,ms,,,,,,205855,3996.64,1.27265e+07,10603.7,423903,7552,6.0416,1.07442e+06,4.62641e+08,4.67177,0,0.0825849,3.29461e+08,0,7552,1.31525e+08
"Bloom_Sectorized128_Nonpart_AVX512_2/MTCount/350/48/1/10000/100000000/10/iterations:5/manual_time",5,4.8063,3.03968,ms,,,,,,204504,4787.04,1.28557e+07,11718.8,455822,8768,7.0144,1.4556e+06,4.91588e+08,4.8063,0,0.0642136,3.46444e+08,0,8768,1.39599e+08
"Bloom_Sectorized128_Nonpart_AVX512_2/MTCount/400/48/1/10000/100000000/10/iterations:5/manual_time",5,4.92881,2.89717,ms,,,,,,204519,4865.82,1.30578e+07,12131.2,446262,10048,8.0384,1.87592e+06,5.20308e+08,4.92881,0,0.0511202,3.44782e+08,0,10048,1.47414e+08
"Bloom_Sectorized128_Nonpart_AVX512_2/MTCount/450/48/1/10000/100000000/10/iterations:5/manual_time",5,5.13082,3.0219,ms,,,,,,206542,4431.78,1.3069e+07,11312.9,441209,11264,9.0112,2.4015e+06,5.471e+08,5.13082,0,0.041894,3.27569e+08,0,11264,1.56032e+08
"Bloom_Sectorized128_Nonpart_AVX512_2/MTCount/500/48/1/10000/100000000/10/iterations:5/manual_time",5,5.35985,3.09809,ms,,,,,,205520,4774.62,1.31147e+07,12428.7,451876,12544,10.0352,2.83053e+06,5.94997e+08,5.35985,0,0.0350423,3.23318e+08,0,12544,1.66037e+08
"Bloom_Sectorized128_Nonpart_AVX512_2/MTCount/550/48/1/10000/100000000/10/iterations:5/manual_time",5,5.717,3.05748,ms,,,,,,205396,4147.03,1.34642e+07,12611.5,437015,13760,11.008,3.29897e+06,6.20155e+08,5.717,0,0.029603,3.19263e+08,0,13760,1.74833e+08
"Bloom_Sectorized128_Nonpart_AVX512_2/MTCount/600/48/1/10000/100000000/10/iterations:5/manual_time",5,5.75253,2.62566,ms,,,,,,204300,4098.53,1.35849e+07,14521.9,417068,15040,12.032,3.72961e+06,6.49394e+08,5.75253,0,0.0253762,3.15472e+08,0,15040,1.85518e+08
"Bloom_Sectorized128_Nonpart_AVX512_2/MTCount/650/48/1/10000/100000000/10/iterations:5/manual_time",5,6.04708,3.05223,ms,,,,,,203295,4079.88,1.40342e+07,16252.9,435769,16256,13.0048,4.11867e+06,6.98017e+08,6.04708,0,0.0221611,3.20246e+08,0,16256,1.94273e+08
"Bloom_Sectorized128_Nonpart_AVX512_2/MTCount/700/48/1/10000/100000000/10/iterations:5/manual_time",5,6.1568,2.5071,ms,,,,,,204856,4064.71,1.46649e+07,14548.9,403273,17536,14.0288,4.50244e+06,7.1836e+08,6.1568,0,0.0194962,3.16716e+08,0,17536,2.03153e+08
"Bloom_Sectorized128_Nonpart_AVX512_2/MTCount/750/48/1/10000/100000000/10/iterations:5/manual_time",5,6.40265,2.90195,ms,,,,,,203044,4057.36,1.54365e+07,15618.5,421185,18752,15.0016,4.92338e+06,7.61556e+08,6.40265,0,0.0172097,3.16376e+08,0,18752,2.12631e+08
"Bloom_Sectorized128_Nonpart_AVX512_2/MTCount/800/48/1/10000/100000000/10/iterations:5/manual_time",5,6.64271,2.92682,ms,,,,,,204837,3383.42,1.63215e+07,15151.9,430345,20032,16.0256,5.32854e+06,7.90001e+08,6.64271,0,0.0152363,3.06395e+08,0,20032,2.21454e+08
"Bloom_Sectorized128_Nonpart_AVX512_2/MTCount/850/48/1/10000/100000000/10/iterations:5/manual_time",5,6.90048,3.01752,ms,,,,,,203771,3744.84,1.75615e+07,14675.9,448868,21312,17.0496,5.63644e+06,8.25758e+08,6.90048,0,0.0137591,3.10008e+08,0,21312,2.30824e+08
"Bloom_Sectorized128_Nonpart_AVX512_2/MTCount/900/48/1/10000/100000000/10/iterations:5/manual_time",5,7.07169,3.09841,ms,,,,,,202477,3524.12,1.90477e+07,18126.6,548057,22528,18.0224,5.89878e+06,8.61043e+08,7.07169,0,0.0125127,3.12125e+08,0,22528,2.40106e+08
"Bloom_Sectorized128_Nonpart_AVX512_2/MTCount/950/48/1/10000/100000000/10/iterations:5/manual_time",5,7.22106,3.06651,ms,,,,,,202769,3346.02,2.05325e+07,18819.7,624165,23808,19.0464,6.10621e+06,8.8199e+08,7.22106,0,0.0113179,3.10425e+08,0,23808,2.46241e+08
"Bloom_Sectorized128_Nonpart_AVX512_2/MTCount/1000/48/1/10000/100000000/10/iterations:5/manual_time",5,7.39586,2.55748,ms,,,,,,206052,2702.25,2.13027e+07,19318.2,645448,25024,20.0192,6.33482e+06,8.88038e+08,7.39586,0,0.0103433,2.99711e+08,0,25024,2.50734e+08
"Bloom_Sectorized128_Nonpart_AVX512_2/MTCount/1050/48/1/10000/100000000/10/iterations:5/manual_time",5,7.55011,3.05914,ms,,,,,,205264,3560.48,2.39263e+07,19320.2,710484,26304,21.0432,6.42746e+06,9.1218e+08,7.55011,0,0.0094982,3.01829e+08,0,26304,2.54322e+08
"Bloom_Sectorized128_Nonpart_AVX512_2/MTCount/1100/48/1/10000/100000000/10/iterations:5/manual_time",5,7.49269,2.91353,ms,,,,,,204344,3109.24,2.5711e+07,17964.9,769633,27520,22.016,6.46727e+06,9.15264e+08,7.49269,0,0.00873529,2.99785e+08,0,27520,2.57443e+08
"Bloom_Sectorized128_Nonpart_AVX512_2/MTCount/1150/48/1/10000/100000000/10/iterations:5/manual_time",5,7.4054,2.70464,ms,,,,,,203739,3081.02,2.78622e+07,16519,803449,28800,23.04,6.4553e+06,9.15498e+08,7.4054,0,0.00810131,3.00468e+08,0,28800,2.57936e+08
"Bloom_Sectorized128_Nonpart_AVX512_2/MTCount/1200/48/1/10000/100000000/10/iterations:5/manual_time",5,7.44175,2.76338,ms,,,,,,204881,3655.27,2.98472e+07,20724.6,869247,30016,24.0128,6.49711e+06,9.23561e+08,7.44175,0,0.00750936,2.95259e+08,0,30016,2.5864e+08
"Bloom_Sectorized128_Nonpart_AVX512_2/MTCount/1250/48/1/10000/100000000/10/iterations:5/manual_time",5,7.40785,2.73566,ms,,,,,,205469,3674.63,3.21335e+07,21432.7,955684,31296,25.0368,6.46615e+06,9.23693e+08,7.40785,0,0.00702377,2.93652e+08,0,31296,2.57953e+08
"Bloom_Sectorized128_Nonpart_AVX512_2/MTCount/1300/48/1/10000/100000000/10/iterations:5/manual_time",5,7.37332,2.75446,ms,,,,,,204890,3477.07,3.428e+07,19757.6,948878,32512,26.0096,6.36206e+06,9.11928e+08,7.37332,0,0.00654425,2.92442e+08,0,32512,2.55782e+08
"Bloom_Sectorized128_Nonpart_AVX512_2/MTCount/200/48/1/17783/100000000/10/iterations:5/manual_time",5,4.18068,2.93279,ms,,,,,,208048,4983.06,1.31472e+07,11261.6,463213,8896,4.00202,436649,4.12275e+08,4.18068,0,0.156545,3.51416e+08,0,8896,1.22205e+08
"Bloom_Sectorized128_Nonpart_AVX512_2/MTCount/250/48/1/17783/100000000/10/iterations:5/manual_time",5,4.23349,2.48605,ms,,,,,,207243,4766.47,1.29973e+07,11831.8,420871,11136,5.00973,678809,4.24531e+08,4.23349,0,0.110945,3.42312e+08,0,11136,1.24221e+08
"Bloom_Sectorized128_Nonpart_AVX512_2/MTCount/300/48/1/17783/100000000/10/iterations:5/manual_time",5,4.44982,2.8753,ms,,,,,,207485,4959.18,1.33564e+07,11182.6,413364,13376,6.01743,1.07081e+06,4.54935e+08,4.44982,0,0.0824128,3.37639e+08,0,13376,1.30768e+08
"Bloom_Sectorized128_Nonpart_AVX512_2/MTCount/350/48/1/17783/100000000/10/iterations:5/manual_time",5,4.59244,2.96388,ms,,,,,,209425,5148.12,1.3834e+07,11797.6,406807,15616,7.02514,1.50086e+06,4.8311e+08,4.59244,0,0.0637145,3.29016e+08,0,15616,1.40909e+08
"Bloom_Sectorized128_Nonpart_AVX512_2/MTCount/400/48/1/17783/100000000/10/iterations:5/manual_time",5,4.85134,2.93165,ms,,,,,,207426,5010.64,1.47022e+07,11779,393147,17792,8.00405,1.9274e+06,5.28201e+08,4.85134,0,0.0511133,3.3296e+08,0,17792,1.5037e+08
"Bloom_Sectorized128_Nonpart_AVX512_2/MTCount/450/48/1/17783/100000000/10/iterations:5/manual_time",5,5.12018,2.95574,ms,,,,,,207379,4659.78,1.60917e+07,12525.1,395607,20032,9.01175,2.40095e+06,5.62512e+08,5.12018,0,0.0418329,3.19942e+08,0,20032,1.61226e+08
"Bloom_Sectorized128_Nonpart_AVX512_2/MTCount/500/48/1/17783/100000000/10/iterations:5/manual_time",5,5.56303,2.93622,ms,,,,,,205406,4624.52,1.82993e+07,11916.7,460350,22272,10.0195,2.81332e+06,6.18579e+08,5.56303,0,0.0349107,3.23513e+08,0,22272,1.72701e+08
"Bloom_Sectorized128_Nonpart_AVX512_2/MTCount/550/48/1/17783/100000000/10/iterations:5/manual_time",5,5.81785,3.00905,ms,,,,,,203423,4351.16,2.09072e+07,15097,573124,24512,11.0272,3.2303e+06,6.63845e+08,5.81785,0,0.0295366,3.32183e+08,0,24512,1.85305e+08
"Bloom_Sectorized128_Nonpart_AVX512_2/MTCount/600/48/1/17783/100000000/10/iterations:5/manual_time",5,6.04432,2.55907,ms,,,,,,205460,4282.6,2.40508e+07,14522.2,597383,26688,12.0061,3.70079e+06,6.96956e+08,6.04432,0,0.0253148,3.21523e+08,0,26688,1.98277e+08
"Bloom_Sectorized128_Nonpart_AVX512_2/MTCount/650/48/1/17783/100000000/10/iterations:5/manual_time",5,6.16315,2.56092,ms,,,,,,204091,4170.56,2.74044e+07,16085.1,714075,28928,13.0138,4.08208e+06,7.48715e+08,6.16315,0,0.0220719,3.27506e+08,0,28928,2.11141e+08
"Bloom_Sectorized128_Nonpart_AVX512_2/MTCount/700/48/1/17783/100000000/10/iterations:5/manual_time",5,6.61926,2.95271,ms,,,,,,204154,3962.18,3.17201e+07,17238.7,843919,31168,14.0215,4.51561e+06,7.94645e+08,6.61926,0,0.0193443,3.21222e+08,0,31168,2.20668e+08
"Bloom_Sectorized128_Nonpart_AVX512_2/MTCount/750/48/1/17783/100000000/10/iterations:5/manual_time",5,7.05974,3.00713,ms,,,,,,204460,3506.04,3.53342e+07,17016.2,853636,33344,15.0004,4.95307e+06,8.33219e+08,7.05974,0,0.0172275,3.14054e+08,0,33344,2.31752e+08
"Bloom_Sectorized128_Nonpart_AVX512_2/MTCount/800/48/1/17783/100000000/10/iterations:5/manual_time",5,7.13498,3.04529,ms,,,,,,205637,3456.32,3.89507e+07,18343,887889,35584,16.0081,5.34309e+06,8.63878e+08,7.13498,0,0.0152939,3.08514e+08,0,35584,2.40805e+08
"Bloom_Sectorized128_Nonpart_AVX512_2/MTCount/850/48/1/17783/100000000/10/iterations:5/manual_time",5,7.44958,3.0181,ms,,,,,,204767,3586.88,4.27499e+07,16351.7,900751,37824,17.0158,5.66465e+06,8.88207e+08,7.44958,0,0.0137515,3.09941e+08,0,37824,2.48936e+08
"Bloom_Sectorized128_Nonpart_AVX512_2/MTCount/900/48/1/17783/100000000/10/iterations:5/manual_time",5,7.50608,3.06595,ms,,,,,,204153,3138.55,4.59554e+07,18652.7,897413,40064,18.0235,5.92866e+06,9.16127e+08,7.50608,0,0.0125014,3.11384e+08,0,40064,2.5505e+08
"Bloom_Sectorized128_Nonpart_AVX512_2/MTCount/950/48/1/17783/100000000/10/iterations:5/manual_time",5,7.58621,3.08341,ms,,,,,,204306,3835.45,4.96701e+07,22104.9,946058,42240,19.0024,6.11782e+06,9.30221e+08,7.58621,0,0.0112933,3.09055e+08,0,42240,2.59998e+08
"Bloom_Sectorized128_Nonpart_AVX512_2/MTCount/1000/48/1/17783/100000000/10/iterations:5/manual_time",5,7.59277,2.51133,ms,,,,,,205103,3268.15,5.14926e+07,20831,949985,44480,20.0101,6.29199e+06,9.34652e+08,7.59277,0,0.0103558,3.05883e+08,0,44480,2.63168e+08
"Bloom_Sectorized128_Nonpart_AVX512_2/MTCount/1050/48/1/17783/100000000/10/iterations:5/manual_time",5,7.70134,2.56487,ms,,,,,,208588,4277.63,5.38151e+07,23141.4,949151,46720,21.0178,6.44881e+06,9.50265e+08,7.70134,0,0.00950653,3.00226e+08,0,46720,2.65999e+08
"Bloom_Sectorized128_Nonpart_AVX512_2/MTCount/1100/48/1/17783/100000000/10/iterations:5/manual_time",5,7.72774,3.04618,ms,,,,,,203886,3657.81,5.743e+07,20511.3,963472,48960,22.0255,6.44935e+06,9.51834e+08,7.72774,0,0.00874807,3.04645e+08,0,48960,2.6704e+08
"Bloom_Sectorized128_Nonpart_AVX512_2/MTCount/1150/48/1/17783/100000000/10/iterations:5/manual_time",5,7.96907,2.72524,ms,,,,,,208277,3349.54,6.00735e+07,22997.3,972383,51136,23.0044,6.44926e+06,9.45306e+08,7.96907,0,0.00807189,2.98172e+08,0,51136,2.67466e+08
"Bloom_Sectorized128_Nonpart_AVX512_2/MTCount/1200/48/1/17783/100000000/10/iterations:5/manual_time",5,7.75939,3.06609,ms,,,,,,205174,3571.21,6.13151e+07,20507.5,999368,53376,24.0121,6.46933e+06,9.46631e+08,7.75939,0,0.00751314,2.99542e+08,0,53376,2.65607e+08
"Bloom_Sectorized128_Nonpart_AVX512_2/MTCount/1250/48/1/17783/100000000/10/iterations:5/manual_time",5,7.69712,3.08663,ms,,,,,,205749,3523.6,6.25758e+07,20013.5,994383,55616,25.0199,6.4587e+06,9.40815e+08,7.69712,0,0.00699601,2.95044e+08,0,55616,2.63239e+08
"Bloom_Sectorized128_Nonpart_AVX512_2/MTCount/1300/48/1/17783/100000000/10/iterations:5/manual_time",5,7.63683,3.10284,ms,,,,,,205857,3626.91,6.41344e+07,20992.1,1.01901e+06,57856,26.0276,6.40422e+06,9.34653e+08,7.63683,0,0.00652472,2.94419e+08,0,57856,2.6167e+08
"Bloom_Sectorized128_Nonpart_AVX512_2/MTCount/200/48/1/31623/100000000/10/iterations:5/manual_time",5,4.3225,3.13931,ms,,,,,,207573,4796.42,1.41347e+07,10540.2,404919,15872,4.01531,396744,4.2718e+08,4.3225,0,0.157377,3.46439e+08,0,15872,1.21585e+08
"Bloom_Sectorized128_Nonpart_AVX512_2/MTCount/250/48/1/31623/100000000/10/iterations:5/manual_time",5,4.26353,2.7142,ms,,,,,,211293,5269.54,1.60088e+07,11833.3,415156,19776,5.00294,715404,4.36078e+08,4.26353,0,0.111311,3.46706e+08,0,19776,1.27895e+08
"Bloom_Sectorized128_Nonpart_AVX512_2/MTCount/300/48/1/31623/100000000/10/iterations:5/manual_time",5,4.79954,2.9699,ms,,,,,,207141,4830.66,1.95304e+07,11440.4,450706,23744,6.00677,1.05925e+06,4.9606e+08,4.79954,0,0.0828494,3.31495e+08,0,23744,1.38741e+08
"Bloom_Sectorized128_Nonpart_AVX512_2/MTCount/350/48/1/31623/100000000/10/iterations:5/manual_time",5,5.3221,2.98054,ms,,,,,,205230,4402.82,2.55718e+07,11853.8,581347,27712,7.01059,1.48117e+06,5.55923e+08,5.3221,0,0.0643074,3.31956e+08,0,27712,1.56229e+08
"Bloom_Sectorized128_Nonpart_AVX512_2/MTCount/400/48/1/31623/100000000/10/iterations:5/manual_time",5,5.61543,3.04527,ms,,,,,,205648,4698.8,3.27059e+07,12302.1,811859,31680,8.01442,1.90523e+06,6.2124e+08,5.61543,0,0.0511487,3.35373e+08,0,31680,1.72718e+08
"Bloom_Sectorized128_Nonpart_AVX512_2/MTCount/450/48/1/31623/100000000/10/iterations:5/manual_time",5,5.59868,2.75271,ms,,,,,,204491,4434.78,3.87833e+07,14794,828650,35584,9.00206,2.3211e+06,6.52348e+08,5.59868,0,0.0419498,3.41857e+08,0,35584,1.83547e+08
"Bloom_Sectorized128_Nonpart_AVX512_2/MTCount/500/48/1/31623/100000000/10/iterations:5/manual_time",5,5.833,2.72497,ms,,,,,,205808,4183.01,4.51862e+07,12963.3,811685,39552,10.0059,2.78316e+06,6.8589e+08,5.833,0,0.0349894,3.30747e+08,0,39552,1.9435e+08
"Bloom_Sectorized128_Nonpart_AVX512_2/MTCount/550/48/1/31623/100000000/10/iterations:5/manual_time",5,6.09587,2.58613,ms,,,,,,202923,4279.12,4.94705e+07,17995.5,840507,43520,11.0097,3.22303e+06,7.27074e+08,6.09587,0,0.0296975,3.35078e+08,0,43520,2.03882e+08
"Bloom_Sectorized128_Nonpart_AVX512_2/MTCount/600/48/1/31623/100000000/10/iterations:5/manual_time",5,6.25618,2.71826,ms,,,,,,203715,3638.48,5.46329e+07,16345.8,849439,47488,12.0135,3.64633e+06,7.52637e+08,6.25618,0,0.0254796,3.29701e+08,0,47488,2.1203e+08
"Bloom_Sectorized128_Nonpart_AVX512_2/MTCount/650/48/1/31623/100000000/10/iterations:5/manual_time",5,6.50433,2.64957,ms,,,,,,203744,3682.47,5.81209e+07,17836.9,870433,51392,13.0012,4.09206e+06,7.84826e+08,6.50433,0,0.0220521,3.25831e+08,0,51392,2.20855e+08
"Bloom_Sectorized128_Nonpart_AVX512_2/MTCount/700/48/1/31623/100000000/10/iterations:5/manual_time",5,6.67726,2.68733,ms,,,,,,204476,3654.76,6.23457e+07,17920,871298,55360,14.005,4.4756e+06,8.13363e+08,6.67726,0,0.01942,3.22497e+08,0,55360,2.29651e+08
"Bloom_Sectorized128_Nonpart_AVX512_2/MTCount/750/48/1/31623/100000000/10/iterations:5/manual_time",5,6.87968,2.76238,ms,,,,,,203924,3603.58,6.53043e+07,18941.7,871730,59328,15.0088,4.87762e+06,8.42852e+08,6.87968,0,0.0172258,3.20822e+08,0,59328,2.38199e+08
"Bloom_Sectorized128_Nonpart_AVX512_2/MTCount/800/48/1/31623/100000000/10/iterations:5/manual_time",5,7.19981,2.99867,ms,,,,,,206274,3648.16,6.80826e+07,17757.1,916422,63296,16.0126,5.27017e+06,8.72639e+08,7.19981,0,0.0153831,3.12462e+08,0,63296,2.44593e+08
"Bloom_Sectorized128_Nonpart_AVX512_2/MTCount/850/48/1/31623/100000000/10/iterations:5/manual_time",5,7.44904,3.02129,ms,,,,,,204484,3720.73,7.04235e+07,18041.1,892419,67200,17.0003,5.6152e+06,9.00958e+08,7.44904,0,0.0137705,3.15072e+08,0,67200,2.52672e+08
"Bloom_Sectorized128_Nonpart_AVX512_2/MTCount/900/48/1/31623/100000000/10/iterations:5/manual_time",5,7.53803,3.02531,ms,,,,,,204952,3304.71,7.28737e+07,20297.5,949770,71168,18.0041,5.89733e+06,9.23841e+08,7.53803,0,0.0124596,3.10361e+08,0,71168,2.58614e+08
"Bloom_Sectorized128_Nonpart_AVX512_2/MTCount/950/48/1/31623/100000000/10/iterations:5/manual_time",5,7.67186,3.0469,ms,,,,,,205731,3496.79,7.49308e+07,20154.2,951295,75136,19.0079,6.12022e+06,9.38264e+08,7.67186,0,0.0113524,3.08717e+08,0,75136,2.63381e+08
"Bloom_Sectorized128_Nonpart_AVX512_2/MTCount/1000/48/1/31623/100000000/10/iterations:5/manual_time",5,7.76768,3.07394,ms,,,,,,206391,3658.64,7.56532e+07,20040.4,953650,79104,20.0118,6.34504e+06,9.53007e+08,7.76768,0,0.0103767,3.04187e+08,0,79104,2.6697e+08
"Bloom_Sectorized128_Nonpart_AVX512_2/MTCount/1050/48/1/31623/100000000/10/iterations:5/manual_time",5,7.83846,3.07734,ms,,,,,,205877,3573.45,7.77368e+07,21517.8,959348,83072,21.0156,6.4266e+06,9.58153e+08,7.83846,0,0.00947817,3.0346e+08,0,83072,2.68494e+08
"Bloom_Sectorized128_Nonpart_AVX512_2/MTCount/1100/48/1/31623/100000000/10/iterations:5/manual_time",5,7.81054,3.09812,ms,,,,,,207962,4141.25,7.96557e+07,22002.4,987089,86976,22.0032,6.47716e+06,9.57272e+08,7.81054,0,0.00876443,3.02086e+08,0,86976,2.68909e+08
"Bloom_Sectorized128_Nonpart_AVX512_2/MTCount/1150/48/1/31623/100000000/10/iterations:5/manual_time",5,7.95594,3.10654,ms,,,,,,208311,3691.14,8.00244e+07,21326.9,948076,90944,23.0071,6.49883e+06,9.5346e+08,7.95594,0,0.00809202,2.96802e+08,0,90944,2.67081e+08
"Bloom_Sectorized128_Nonpart_AVX512_2/MTCount/1200/48/1/31623/100000000/10/iterations:5/manual_time",5,7.86485,3.15087,ms,,,,,,206886,3516.33,8.11111e+07,20490.1,967987,94912,24.0109,6.52506e+06,9.51945e+08,7.86485,0,0.00751371,2.95526e+08,0,94912,2.68099e+08
"Bloom_Sectorized128_Nonpart_AVX512_2/MTCount/1250/48/1/31623/100000000/10/iterations:5/manual_time",5,7.75853,3.17537,ms,,,,,,207607,3789.2,8.33032e+07,21870.5,991151,98880,25.0147,6.4404e+06,9.45956e+08,7.75853,0,0.00699131,2.97085e+08,0,98880,2.65564e+08
"Bloom_Sectorized128_Nonpart_AVX512_2/MTCount/1300/48/1/31623/100000000/10/iterations:5/manual_time",5,7.59681,3.0085,ms,,,,,,207141,3221.28,8.334e+07,20001.3,1.00567e+06,102784,26.0023,6.38792e+06,9.32147e+08,7.59681,0,0.00651837,2.92354e+08,0,102784,2.62711e+08
"Bloom_Sectorized128_Nonpart_AVX512_2/MTCount/200/48/1/56234/100000000/10/iterations:5/manual_time",5,4.74499,3.13495,ms,,,,,,207841,4824.8,2.6765e+07,11190.8,551198,28160,4.00612,381762,4.85099e+08,4.74499,0,0.158093,3.44848e+08,0,28160,1.35787e+08
"Bloom_Sectorized128_Nonpart_AVX512_2/MTCount/250/48/1/56234/100000000/10/iterations:5/manual_time",5,5.08455,3.02454,ms,,,,,,209443,4733.34,3.91238e+07,10800,792929,35200,5.00765,676134,5.44198e+08,5.08455,0,0.112056,3.55095e+08,0,35200,1.54403e+08
"Bloom_Sectorized128_Nonpart_AVX512_2/MTCount/300/48/1/56234/100000000/10/iterations:5/manual_time",5,5.17998,3.03212,ms,,,,,,207885,5039.48,4.90116e+07,13309.4,853183,42176,6.00007,1.03205e+06,5.85984e+08,5.17998,0,0.0834115,3.59418e+08,0,42176,1.63835e+08
"Bloom_Sectorized128_Nonpart_AVX512_2/MTCount/350/48/1/56234/100000000/10/iterations:5/manual_time",5,5.37506,3.04895,ms,,,,,,207467,4936.21,5.6972e+07,13131,857084,49216,7.0016,1.44307e+06,6.15354e+08,5.37506,0,0.064498,3.55676e+08,0,49216,1.72685e+08
"Bloom_Sectorized128_Nonpart_AVX512_2/MTCount/400/48/1/56234/100000000/10/iterations:5/manual_time",5,5.56476,3.04135,ms,,,,,,207995,4401.67,6.32236e+07,12146.7,866781,56256,8.00313,1.92885e+06,6.34356e+08,5.56476,0,0.0513579,3.34444e+08,0,56256,1.80524e+08
"Bloom_Sectorized128_Nonpart_AVX512_2/MTCount/450/48/1/56234/100000000/10/iterations:5/manual_time",5,5.80895,3.05806,ms,,,,,,205825,4528.74,6.70664e+07,14655.8,876965,63296,9.00466,2.377e+06,6.77889e+08,5.80895,0,0.0420917,3.32961e+08,0,63296,1.90458e+08
"Bloom_Sectorized128_Nonpart_AVX512_2/MTCount/500/48/1/56234/100000000/10/iterations:5/manual_time",5,6.01273,2.9881,ms,,,,,,205330,4511.33,7.21846e+07,15140,871568,70336,10.0062,2.77737e+06,6.99944e+08,6.01273,0,0.0350698,3.41974e+08,0,70336,1.98018e+08
"Bloom_Sectorized128_Nonpart_AVX512_2/MTCount/550/48/1/56234/100000000/10/iterations:5/manual_time",5,6.3506,2.62966,ms,,,,,,205237,4272.83,7.4413e+07,16373.4,842511,77376,11.0077,3.22263e+06,7.35036e+08,6.3506,0,0.0296654,3.34412e+08,0,77376,2.05874e+08
"Bloom_Sectorized128_Nonpart_AVX512_2/MTCount/600/48/1/56234/100000000/10/iterations:5/manual_time",5,6.4622,3.01219,ms,,,,,,204051,3629.03,7.71062e+07,16631.7,875894,84352,12.0001,3.68292e+06,7.68773e+08,6.4622,0,0.02542,3.31972e+08,0,84352,2.16419e+08
"Bloom_Sectorized128_Nonpart_AVX512_2/MTCount/650/48/1/56234/100000000/10/iterations:5/manual_time",5,6.567,2.91137,ms,,,,,,204906,3400.56,8.09728e+07,19530.4,877453,91392,13.0017,4.05923e+06,7.90626e+08,6.567,0,0.0221217,3.27479e+08,0,91392,2.23688e+08
"Bloom_Sectorized128_Nonpart_AVX512_2/MTCount/700/48/1/56234/100000000/10/iterations:5/manual_time",5,7.0363,2.96475,ms,,,,,,205568,3399.28,8.13721e+07,18064.9,911289,98432,14.0032,4.53e+06,8.29537e+08,7.0363,0,0.0193808,3.21132e+08,0,98432,2.31962e+08
"Bloom_Sectorized128_Nonpart_AVX512_2/MTCount/750/48/1/56234/100000000/10/iterations:5/manual_time",5,7.12856,3.07653,ms,,,,,,204767,3532.34,8.34646e+07,18748.5,876926,105472,15.0047,4.94036e+06,8.59628e+08,7.12856,0,0.0171921,3.18626e+08,0,105472,2.40524e+08
"Bloom_Sectorized128_Nonpart_AVX512_2/MTCount/800/48/1/56234/100000000/10/iterations:5/manual_time",5,7.38652,3.07505,ms,,,,,,206298,3575.22,8.53684e+07,21775.7,913221,112512,16.0063,5.30775e+06,8.8698e+08,7.38652,0,0.0153385,3.14589e+08,0,112512,2.47814e+08
"Bloom_Sectorized128_Nonpart_AVX512_2/MTCount/850/48/1/56234/100000000/10/iterations:5/manual_time",5,7.49665,2.98282,ms,,,,,,204980,3614.24,8.8303e+07,19709.8,911934,119552,17.0078,5.58659e+06,8.98704e+08,7.49665,0,0.0137766,3.14345e+08,0,119552,2.54407e+08
"Bloom_Sectorized128_Nonpart_AVX512_2/MTCount/900/48/1/56234/100000000/10/iterations:5/manual_time",5,7.47843,2.98533,ms,,,,,,207065,3474.85,8.8198e+07,20786.8,921635,126528,18.0002,5.90855e+06,9.24128e+08,7.47843,0,0.0124462,3.09979e+08,0,126528,2.59771e+08
"Bloom_Sectorized128_Nonpart_AVX512_2/MTCount/950/48/1/56234/100000000/10/iterations:5/manual_time",5,7.64498,3.02116,ms,,,,,,207130,3402.54,8.96886e+07,22345.8,948922,133568,19.0017,6.12913e+06,9.44569e+08,7.64498,0,0.0113465,3.08375e+08,0,133568,2.65826e+08
"Bloom_Sectorized128_Nonpart_AVX512_2/MTCount/1000/48/1/56234/100000000/10/iterations:5/manual_time",5,7.71136,2.93101,ms,,,,,,207795,3556.41,9.03212e+07,21219.5,951573,140608,20.0033,6.31712e+06,9.52613e+08,7.71136,0,0.0103269,3.04302e+08,0,140608,2.68693e+08
"Bloom_Sectorized128_Nonpart_AVX512_2/MTCount/1050/48/1/56234/100000000/10/iterations:5/manual_time",5,8.00075,3.05375,ms,,,,,,212665,4184.77,9.45981e+07,21051.3,1.0093e+06,147648,21.0048,6.35901e+06,9.5142e+08,8.00075,0,0.00948286,3.04629e+08,0,147648,2.70747e+08
"Bloom_Sectorized128_Nonpart_AVX512_2/MTCount/1100/48/1/56234/100000000/10/iterations:5/manual_time",5,7.94508,2.87018,ms,,,,,,210295,3734.82,9.15392e+07,22408,987433,154688,22.0063,6.4904e+06,9.53544e+08,7.94508,0,0.00873472,2.95924e+08,0,154688,2.68115e+08
"Bloom_Sectorized128_Nonpart_AVX512_2/MTCount/1150/48/1/56234/100000000/10/iterations:5/manual_time",5,7.92975,2.96048,ms,,,,,,211752,3623.76,9.2278e+07,21469.5,971292,161728,23.0079,6.53036e+06,9.56821e+08,7.92975,0,0.00809556,2.94974e+08,0,161728,2.70631e+08
"Bloom_Sectorized128_Nonpart_AVX512_2/MTCount/1200/48/1/56234/100000000/10/iterations:5/manual_time",5,7.62593,2.78552,ms,,,,,,209424,3708.91,9.36164e+07,21384.4,936706,168704,24.0003,6.46944e+06,9.45939e+08,7.62593,0,0.00750222,2.96998e+08,0,168704,2.68116e+08
"Bloom_Sectorized128_Nonpart_AVX512_2/MTCount/1250/48/1/56234/100000000/10/iterations:5/manual_time",5,7.61614,2.8416,ms,,,,,,209710,3780.31,9.37232e+07,22162.5,961827,175744,25.0018,6.44466e+06,9.40481e+08,7.61614,0,0.00697643,2.93031e+08,0,175744,2.66147e+08
"Bloom_Sectorized128_Nonpart_AVX512_2/MTCount/1300/48/1/56234/100000000/10/iterations:5/manual_time",5,7.56997,2.77437,ms,,,,,,208125,3461.53,9.45943e+07,18453.8,975254,182784,26.0033,6.38517e+06,9.27213e+08,7.56997,0,0.00650705,2.89735e+08,0,182784,2.63699e+08
"Bloom_Sectorized128_Nonpart_AVX512_2/MTCount/200/48/1/100000/100000000/10/iterations:5/manual_time",5,4.90775,2.82651,ms,,,,,,208475,4696.56,5.65167e+07,11655.3,840210,50048,4.00384,364828,5.40485e+08,4.90775,0,0.157898,3.60136e+08,0,50048,1.54321e+08
"Bloom_Sectorized128_Nonpart_AVX512_2/MTCount/250/48/1/100000/100000000/10/iterations:5/manual_time",5,4.97241,2.88691,ms,,,,,,209885,4642,6.68607e+07,12081.3,834753,62528,5.00224,667569,5.60706e+08,4.97241,0,0.111705,3.56802e+08,0,62528,1.58839e+08
"Bloom_Sectorized128_Nonpart_AVX512_2/MTCount/300/48/1/100000/100000000/10/iterations:5/manual_time",5,5.52677,2.9224,ms,,,,,,208774,4403.03,7.404e+07,12448.8,847237,75008,6.00064,1.03312e+06,5.82881e+08,5.52677,0,0.0832959,3.4419e+08,0,75008,1.65752e+08
"Bloom_Sectorized128_Nonpart_AVX512_2/MTCount/350/48/1/100000/100000000/10/iterations:5/manual_time",5,5.68722,3.03713,ms,,,,,,209110,4595.23,7.87027e+07,12637.9,848741,87552,7.00416,1.47704e+06,6.14995e+08,5.68722,0,0.0642063,3.37947e+08,0,87552,1.74135e+08
"Bloom_Sectorized128_Nonpart_AVX512_2/MTCount/400/48/1/100000/100000000/10/iterations:5/manual_time",5,5.7819,3.08878,ms,,,,,,210099,4523.58,8.24326e+07,13204.9,861492,100032,8.00256,1.94564e+06,6.38348e+08,5.7819,0,0.0513797,3.28282e+08,0,100032,1.82397e+08
"Bloom_Sectorized128_Nonpart_AVX512_2/MTCount/450/48/1/100000/100000000/10/iterations:5/manual_time",5,6.02393,3.00443,ms,,,,,,207585,4531.58,8.46418e+07,13624.7,851307,112512,9.00096,2.35944e+06,6.84439e+08,6.02393,0,0.0419902,3.39228e+08,0,112512,1.91517e+08
"Bloom_Sectorized128_Nonpart_AVX512_2/MTCount/500/48/1/100000/100000000/10/iterations:5/manual_time",5,6.29292,3.10829,ms,,,,,,206786,4365.67,8.76246e+07,13565.4,844763,125056,10.0045,2.78453e+06,7.04604e+08,6.29292,0,0.0350061,3.33479e+08,0,125056,1.98756e+08
"Bloom_Sectorized128_Nonpart_AVX512_2/MTCount/550/48/1/100000/100000000/10/iterations:5/manual_time",5,6.38136,3.05725,ms,,,,,,204386,3779.24,8.93551e+07,16704.5,886902,137536,11.0029,3.22473e+06,7.38232e+08,6.38136,0,0.0296371,3.32412e+08,0,137536,2.07983e+08
"Bloom_Sectorized128_Nonpart_AVX512_2/MTCount/600/48/1/100000/100000000/10/iterations:5/manual_time",5,6.56935,3.04944,ms,,,,,,206800,3805.3,9.14658e+07,14838.5,856400,150016,12.0013,3.65948e+06,7.62497e+08,6.56935,0,0.0254566,3.26705e+08,0,150016,2.15107e+08
"Bloom_Sectorized128_Nonpart_AVX512_2/MTCount/650/48/1/100000/100000000/10/iterations:5/manual_time",5,6.77421,3.03838,ms,,,,,,205831,3462.99,9.07302e+07,17514.9,902141,162560,13.0048,4.14937e+06,8.03638e+08,6.77421,0,0.0220878,3.20985e+08,0,162560,2.25941e+08
"Bloom_Sectorized128_Nonpart_AVX512_2/MTCount/700/48/1/100000/100000000/10/iterations:5/manual_time",5,6.9283,3.08208,ms,,,,,,206211,3462.86,9.33576e+07,16591.5,904662,175040,14.0032,4.52308e+06,8.29052e+08,6.9283,0,0.0193698,3.21025e+08,0,175040,2.33391e+08
"Bloom_Sectorized128_Nonpart_AVX512_2/MTCount/750/48/1/100000/100000000/10/iterations:5/manual_time",5,7.21319,3.08033,ms,,,,,,206171,3606.44,9.54191e+07,19784.9,926979,187520,15.0016,4.91624e+06,8.64333e+08,7.21319,0,0.0171713,3.21012e+08,0,187520,2.42784e+08
"Bloom_Sectorized128_Nonpart_AVX512_2/MTCount/800/48/1/100000/100000000/10/iterations:5/manual_time",5,7.38117,3.0462,ms,,,,,,207939,3538.13,9.78091e+07,18697.2,918756,200064,16.0051,5.2542e+06,8.80982e+08,7.38117,0,0.0153353,3.19088e+08,0,200064,2.48661e+08
"Bloom_Sectorized128_Nonpart_AVX512_2/MTCount/850/48/1/100000/100000000/10/iterations:5/manual_time",5,7.6551,3.10238,ms,,,,,,209882,3658.52,9.56191e+07,18354.8,969098,212544,17.0035,5.68172e+06,9.0599e+08,7.6551,0,0.0137713,3.0545e+08,0,212544,2.56141e+08
"Bloom_Sectorized128_Nonpart_AVX512_2/MTCount/900/48/1/100000/100000000/10/iterations:5/manual_time",5,7.57787,2.4787,ms,,,,,,209988,3544.42,9.58716e+07,21734.8,992657,225024,18.0019,5.97081e+06,9.25214e+08,7.57787,0,0.0124626,3.03151e+08,0,225024,2.62724e+08
"Bloom_Sectorized128_Nonpart_AVX512_2/MTCount/950/48/1/100000/100000000/10/iterations:5/manual_time",5,7.70698,3.03268,ms,,,,,,211700,3377.18,9.73733e+07,19419.4,1.02838e+06,237504,19.0003,6.17577e+06,9.38915e+08,7.70698,0,0.0113181,3.01193e+08,0,237504,2.6517e+08
"Bloom_Sectorized128_Nonpart_AVX512_2/MTCount/1000/48/1/100000/100000000/10/iterations:5/manual_time",5,7.80279,2.51257,ms,,,,,,210011,2540.87,9.78043e+07,21959.4,1.17578e+06,250048,20.0038,6.30849e+06,9.445e+08,7.80279,0,0.0103428,3.00832e+08,0,250048,2.69256e+08
"Bloom_Sectorized128_Nonpart_AVX512_2/MTCount/1050/48/1/100000/100000000/10/iterations:5/manual_time",5,7.81513,2.59986,ms,,,,,,210082,3701.3,1.00292e+08,22015.1,1.211e+06,262528,21.0022,6.35601e+06,9.50818e+08,7.81513,0,0.00949304,3.0291e+08,0,262528,2.69837e+08
"Bloom_Sectorized128_Nonpart_AVX512_2/MTCount/1100/48/1/100000/100000000/10/iterations:5/manual_time",5,7.66967,2.50547,ms,,,,,,212972,3706.14,1.00342e+08,23384,1.26822e+06,275008,22.0006,6.46731e+06,9.58481e+08,7.66967,0,0.00873722,3.02967e+08,0,275008,2.7164e+08
"Bloom_Sectorized128_Nonpart_AVX512_2/MTCount/1150/48/1/100000/100000000/10/iterations:5/manual_time",5,7.74722,2.51942,ms,,,,,,212878,3688.03,9.94653e+07,22423,1.30897e+06,287552,23.0042,6.52391e+06,9.59679e+08,7.74722,0,0.00806396,2.9544e+08,0,287552,2.72006e+08
"Bloom_Sectorized128_Nonpart_AVX512_2/MTCount/1200/48/1/100000/100000000/10/iterations:5/manual_time",5,7.64619,2.59053,ms,,,,,,210712,3540.03,1.00715e+08,22366.8,1.38717e+06,300032,24.0026,6.49107e+06,9.56943e+08,7.64619,0,0.00752596,2.97263e+08,0,300032,2.7149e+08
"Bloom_Sectorized128_Nonpart_AVX512_2/MTCount/1250/48/1/100000/100000000/10/iterations:5/manual_time",5,7.70287,2.58854,ms,,,,,,209968,3450.51,1.00418e+08,22185.3,1.70703e+06,312512,25.001,6.47079e+06,9.57709e+08,7.70287,0,0.00698657,2.95034e+08,0,312512,2.71041e+08
"Bloom_Sectorized128_Nonpart_AVX512_2/MTCount/1300/48/1/100000/100000000/10/iterations:5/manual_time",5,7.63116,2.57616,ms,,,,,,211184,3515.17,1.01413e+08,21873.7,3.06678e+06,325056,26.0045,6.36917e+06,9.53897e+08,7.63116,0,0.00651778,2.95042e+08,0,325056,2.70416e+08
"Bloom_Sectorized128_Nonpart_AVX512_2/MTCount/200/48/1/177828/100000000/10/iterations:5/manual_time",5,4.90486,2.67358,ms,,,,,,215206,4724.83,8.01556e+07,12048.5,819667,88960,4.00207,392868,5.45907e+08,4.90486,0,0.157915,3.55125e+08,0,88960,1.56284e+08
"Bloom_Sectorized128_Nonpart_AVX512_2/MTCount/250/48/1/177828/100000000/10/iterations:5/manual_time",5,5.00201,2.67946,ms,,,,,,216275,5069.47,8.37449e+07,12994.2,811011,111168,5.00115,661305,5.64861e+08,5.00201,0,0.111376,3.536e+08,0,111168,1.60244e+08
"Bloom_Sectorized128_Nonpart_AVX512_2/MTCount/300/48/1/177828/100000000/10/iterations:5/manual_time",5,5.44239,2.95121,ms,,,,,,215877,4596.35,8.91749e+07,11606.8,844966,133376,6.00022,1.0563e+06,5.93585e+08,5.44239,0,0.0830137,3.37562e+08,0,133376,1.67553e+08
"Bloom_Sectorized128_Nonpart_AVX512_2/MTCount/350/48/1/177828/100000000/10/iterations:5/manual_time",5,5.65117,3.05339,ms,,,,,,209946,4545.85,9.10377e+07,13478.3,838567,155648,7.00218,1.47389e+06,6.23834e+08,5.65117,0,0.0642375,3.37039e+08,0,155648,1.74983e+08
"Bloom_Sectorized128_Nonpart_AVX512_2/MTCount/400/48/1/177828/100000000/10/iterations:5/manual_time",5,5.88704,2.91022,ms,,,,,,217314,3953.8,9.47987e+07,12124.6,852657,177856,8.00126,1.93292e+06,6.37138e+08,5.88704,0,0.0512764,3.33856e+08,0,177856,1.83345e+08
"Bloom_Sectorized128_Nonpart_AVX512_2/MTCount/450/48/1/177828/100000000/10/iterations:5/manual_time",5,6.10513,3.1532,ms,,,,,,208862,4265.8,9.34447e+07,13902,866759,200064,9.00034,2.38262e+06,6.8492e+08,6.10513,0,0.0419348,3.30202e+08,0,200064,1.92129e+08
"Bloom_Sectorized128_Nonpart_AVX512_2/MTCount/500/48/1/177828/100000000/10/iterations:5/manual_time",5,6.13285,2.9997,ms,,,,,,208781,4308.93,9.6851e+07,14026.2,910494,222336,10.0023,2.79451e+06,7.06196e+08,6.13285,0,0.0349788,3.2958e+08,0,222336,1.99428e+08
"Bloom_Sectorized128_Nonpart_AVX512_2/MTCount/550/48/1/177828/100000000/10/iterations:5/manual_time",5,6.45831,3.09785,ms,,,,,,207212,3851.35,9.71163e+07,16615.5,999516,244544,11.0014,3.23705e+06,7.44667e+08,6.45831,0,0.0296306,3.31889e+08,0,244544,2.08869e+08
"Bloom_Sectorized128_Nonpart_AVX512_2/MTCount/600/48/1/177828/100000000/10/iterations:5/manual_time",5,6.81548,3.09698,ms,,,,,,208693,3628.97,9.76643e+07,16579.8,1.16955e+06,266752,12.0004,3.68335e+06,7.72595e+08,6.81548,0,0.0254411,3.24739e+08,0,266752,2.16688e+08
"Bloom_Sectorized128_Nonpart_AVX512_2/MTCount/650/48/1/177828/100000000/10/iterations:5/manual_time",5,6.79594,2.70323,ms,,,,,,211005,3744.33,9.93429e+07,17771.1,1.21617e+06,289024,13.0024,4.10772e+06,7.96995e+08,6.79594,0,0.0220902,3.19603e+08,0,289024,2.27092e+08
"Bloom_Sectorized128_Nonpart_AVX512_2/MTCount/700/48/1/177828/100000000/10/iterations:5/manual_time",5,7.0651,3.03512,ms,,,,,,209844,3493.52,9.99651e+07,18325.5,1.529e+06,311232,14.0015,4.54461e+06,8.44721e+08,7.0651,0,0.01943,3.21558e+08,0,311232,2.37109e+08
"Bloom_Sectorized128_Nonpart_AVX512_2/MTCount/750/48/1/177828/100000000/10/iterations:5/manual_time",5,7.3418,3.04573,ms,,,,,,209572,3305.54,1.0166e+08,18912.9,3.01955e+06,333440,15.0006,4.917e+06,8.83977e+08,7.3418,0,0.0171842,3.18256e+08,0,333440,2.47787e+08
"Bloom_Sectorized128_Nonpart_AVX512_2/MTCount/800/48/1/177828/100000000/10/iterations:5/manual_time",5,7.62985,3.01412,ms,,,,,,210693,3608.89,1.01806e+08,18981.3,3.12515e+06,355712,16.0025,5.29373e+06,9.16714e+08,7.62985,0,0.0153139,3.16113e+08,0,355712,2.55773e+08
"Bloom_Sectorized128_Nonpart_AVX512_2/MTCount/850/48/1/177828/100000000/10/iterations:5/manual_time",5,7.90239,3.055,ms,,,,,,217268,3410.65,1.01438e+08,19163.9,4.45687e+06,377920,17.0016,5.69825e+06,9.43916e+08,7.90239,0,0.0137896,3.05241e+08,0,377920,2.65579e+08
"Bloom_Sectorized128_Nonpart_AVX512_2/MTCount/900/48/1/177828/100000000/10/iterations:5/manual_time",5,7.83258,2.63602,ms,,,,,,214306,3224.38,1.02868e+08,20628.7,4.38431e+06,400128,18.0007,5.89383e+06,9.48188e+08,7.83258,0,0.0124818,3.04015e+08,0,400128,2.69537e+08
"Bloom_Sectorized128_Nonpart_AVX512_2/MTCount/950/48/1/177828/100000000/10/iterations:5/manual_time",5,7.77032,2.58454,ms,,,,,,216465,3124.72,1.02576e+08,20898,4.34661e+06,422400,19.0026,6.17837e+06,9.72109e+08,7.77032,0,0.0113163,3.00541e+08,0,422400,2.7616e+08
"Bloom_Sectorized128_Nonpart_AVX512_2/MTCount/1000/48/1/177828/100000000/10/iterations:5/manual_time",5,7.91055,2.61601,ms,,,,,,218534,3525.12,1.0301e+08,22775.5,5.53185e+06,444608,20.0017,6.31769e+06,9.96985e+08,7.91055,0,0.0103528,3.05181e+08,0,444608,2.8077e+08
"Bloom_Sectorized128_Nonpart_AVX512_2/MTCount/1050/48/1/177828/100000000/10/iterations:5/manual_time",5,7.94112,2.61908,ms,,,,,,215379,3186.24,1.03495e+08,21702.5,5.78632e+06,466816,21.0008,6.43986e+06,9.9482e+08,7.94112,0,0.00949789,2.98342e+08,0,466816,2.82361e+08
"Bloom_Sectorized128_Nonpart_AVX512_2/MTCount/1100/48/1/177828/100000000/10/iterations:5/manual_time",5,7.95341,2.59106,ms,,,,,,222372,3478.8,1.05532e+08,21892.2,6.03774e+06,489088,22.0027,6.44355e+06,1.00198e+09,7.95341,0,0.00874404,3.03663e+08,0,489088,2.8383e+08
"Bloom_Sectorized128_Nonpart_AVX512_2/MTCount/1150/48/1/177828/100000000/10/iterations:5/manual_time",5,7.99598,2.58578,ms,,,,,,219192,3890.69,1.0386e+08,23208.2,4.12165e+06,511296,23.0018,6.54502e+06,1.00244e+09,7.99598,0,0.00807878,2.97823e+08,0,511296,2.82458e+08
"Bloom_Sectorized128_Nonpart_AVX512_2/MTCount/1200/48/1/177828/100000000/10/iterations:5/manual_time",5,7.84463,2.54932,ms,,,,,,216424,3215.77,1.04533e+08,21924.9,4.93992e+06,533504,24.0009,6.48383e+06,9.91348e+08,7.84463,0,0.00750615,2.9566e+08,0,533504,2.80317e+08
"Bloom_Sectorized128_Nonpart_AVX512_2/MTCount/1250/48/1/177828/100000000/10/iterations:5/manual_time",5,7.91202,2.60377,ms,,,,,,223106,3954.81,1.05047e+08,24206.9,5.27083e+06,555776,25.0029,6.44175e+06,9.91931e+08,7.91202,0,0.00700135,2.96584e+08,0,555776,2.80034e+08
"Bloom_Sectorized128_Nonpart_AVX512_2/MTCount/1300/48/1/177828/100000000/10/iterations:5/manual_time",5,7.77173,2.53195,ms,,,,,,216954,3546.02,1.05693e+08,21859.5,5.48027e+06,577984,26.0019,6.33275e+06,9.74971e+08,7.77173,0,0.0065105,2.92883e+08,0,577984,2.76144e+08
"Bloom_Sectorized128_Nonpart_AVX512_2/MTCount/200/48/1/316228/100000000/10/iterations:5/manual_time",5,4.90781,2.69182,ms,,,,,,221172,4811.59,9.39716e+07,11798.2,798841,158144,4.00076,364474,5.45652e+08,4.90781,0,0.157744,3.60055e+08,0,158144,1.55773e+08
"Bloom_Sectorized128_Nonpart_AVX512_2/MTCount/250/48/1/316228/100000000/10/iterations:5/manual_time",5,5.2866,2.93523,ms,,,,,,214935,4620.79,9.50953e+07,11498.7,834559,197696,5.00135,670859,5.73384e+08,5.2866,0,0.111499,3.37008e+08,0,197696,1.61649e+08
"Bloom_Sectorized128_Nonpart_AVX512_2/MTCount/300/48/1/316228/100000000/10/iterations:5/manual_time",5,5.33028,2.69737,ms,,,,,,215743,4817.12,9.78834e+07,13530.6,891945,237184,6.00033,1.01423e+06,5.82648e+08,5.33028,0,0.082943,3.55981e+08,0,237184,1.67042e+08
"Bloom_Sectorized128_Nonpart_AVX512_2/MTCount/350/48/1/316228/100000000/10/iterations:5/manual_time",5,5.42377,2.64449,ms,,,,,,219928,4786.12,1.00279e+08,12955.9,1.11562e+06,276736,7.00092,1.46766e+06,6.12688e+08,5.42377,0,0.0642751,3.36083e+08,0,276736,1.75619e+08
"Bloom_Sectorized128_Nonpart_AVX512_2/MTCount/400/48/1/316228/100000000/10/iterations:5/manual_time",5,5.71602,2.67542,ms,,,,,,212022,4438.99,9.98758e+07,14428.1,2.36129e+06,316288,8.00152,1.88716e+06,6.63954e+08,5.71602,0,0.0512706,3.4802e+08,0,316288,1.88445e+08
"Bloom_Sectorized128_Nonpart_AVX512_2/MTCount/450/48/1/316228/100000000/10/iterations:5/manual_time",5,5.95166,2.63336,ms,,,,,,209242,4467.47,1.01233e+08,14475,3.13698e+06,355776,9.00049,2.35662e+06,6.99732e+08,5.95166,0,0.0419335,3.30162e+08,0,355776,1.9921e+08
"Bloom_Sectorized128_Nonpart_AVX512_2/MTCount/500/48/1/316228/100000000/10/iterations:5/manual_time",5,6.22851,2.69369,ms,,,,,,210270,4164.26,1.01058e+08,18086,4.36857e+06,395328,10.0011,2.78177e+06,7.43906e+08,6.22851,0,0.0349365,3.36389e+08,0,395328,2.09849e+08
"Bloom_Sectorized128_Nonpart_AVX512_2/MTCount/550/48/1/316228/100000000/10/iterations:5/manual_time",5,6.45117,2.70279,ms,,,,,,219837,4250.16,1.01401e+08,17405.6,4.70907e+06,434816,11.0001,3.25591e+06,7.75776e+08,6.45117,0,0.0295862,3.29909e+08,0,434816,2.1904e+08
"Bloom_Sectorized128_Nonpart_AVX512_2/MTCount/600/48/1/316228/100000000/10/iterations:5/manual_time",5,6.69902,2.63338,ms,,,,,,213086,3553.12,1.04274e+08,15874.9,5.6308e+06,474368,12.0007,3.65e+06,8.14888e+08,6.69902,0,0.0254028,3.34074e+08,0,474368,2.30765e+08
"Bloom_Sectorized128_Nonpart_AVX512_2/MTCount/650/48/1/316228/100000000/10/iterations:5/manual_time",5,7.13222,2.9661,ms,,,,,,214121,3424.27,1.0317e+08,17181.3,4.08944e+06,513920,13.0013,4.12575e+06,8.48134e+08,7.13222,0,0.022098,3.24325e+08,0,513920,2.37549e+08
"Bloom_Sectorized128_Nonpart_AVX512_2/MTCount/700/48/1/316228/100000000/10/iterations:5/manual_time",5,7.33187,3.09677,ms,,,,,,214164,3318.19,1.0462e+08,19339.1,5.26067e+06,553408,14.0002,4.52012e+06,8.83616e+08,7.33187,0,0.0193857,3.19758e+08,0,553408,2.47023e+08
"Bloom_Sectorized128_Nonpart_AVX512_2/MTCount/750/48/1/316228/100000000/10/iterations:5/manual_time",5,7.66394,3.17101,ms,,,,,,215379,3376.72,1.03433e+08,18337,6.14472e+06,592960,15.0008,4.97662e+06,9.15468e+08,7.66394,0,0.0171805,3.12995e+08,0,592960,2.57482e+08
"Bloom_Sectorized128_Nonpart_AVX512_2/MTCount/800/48/1/316228/100000000/10/iterations:5/manual_time",5,7.84248,3.11722,ms,,,,,,227794,3700.68,1.04891e+08,21643.3,7.70534e+06,632512,16.0014,5.33025e+06,9.59159e+08,7.84248,0,0.015327,3.13455e+08,0,632512,2.67535e+08
"Bloom_Sectorized128_Nonpart_AVX512_2/MTCount/850/48/1/316228/100000000/10/iterations:5/manual_time",5,8.06945,3.07599,ms,,,,,,223931,3885.92,1.07371e+08,20409.2,9.19618e+06,672000,17.0004,5.61591e+06,9.83039e+08,8.06945,0,0.0137523,3.15386e+08,0,672000,2.75134e+08
"Bloom_Sectorized128_Nonpart_AVX512_2/MTCount/900/48/1/316228/100000000/10/iterations:5/manual_time",5,8.1899,3.09574,ms,,,,,,230771,3729.31,1.06492e+08,21444.4,1.07342e+07,711552,18.001,5.89495e+06,1.00522e+09,8.1899,0,0.0124464,3.0847e+08,0,711552,2.80251e+08
"Bloom_Sectorized128_Nonpart_AVX512_2/MTCount/950/48/1/316228/100000000/10/iterations:5/manual_time",5,8.39661,3.0006,ms,,,,,,226582,3487.58,1.0566e+08,21342.3,1.21615e+07,751104,19.0016,6.16105e+06,1.02388e+09,8.39661,0,0.0112946,3.05484e+08,0,751104,2.87054e+08
"Bloom_Sectorized128_Nonpart_AVX512_2/MTCount/1000/48/1/316228/100000000/10/iterations:5/manual_time",5,8.36401,3.11754,ms,,,,,,249459,3956.08,1.07889e+08,20669.5,1.34704e+07,790592,20.0006,6.28713e+06,1.03655e+09,8.36401,0,0.0103282,3.07051e+08,0,790592,2.9143e+08
"Bloom_Sectorized128_Nonpart_AVX512_2/MTCount/1050/48/1/316228/100000000/10/iterations:5/manual_time",5,8.8931,2.88177,ms,,,,,,225881,3494.65,1.06976e+08,22090.4,1.46531e+07,830144,21.0012,6.42387e+06,1.044e+09,8.8931,0,0.00947267,3.02722e+08,0,830144,2.93992e+08
"Bloom_Sectorized128_Nonpart_AVX512_2/MTCount/1100/48/1/316228/100000000/10/iterations:5/manual_time",5,8.49757,3.15813,ms,,,,,,241672,4214.01,1.06542e+08,21753.4,1.61043e+07,869632,22.0001,6.5201e+06,1.05108e+09,8.49757,0,0.00873305,2.97976e+08,0,869632,2.9393e+08
"Bloom_Sectorized128_Nonpart_AVX512_2/MTCount/1150/48/1/316228/100000000/10/iterations:5/manual_time",5,8.56365,2.96882,ms,,,,,,223601,2620.72,1.06915e+08,18570.8,1.87186e+07,909184,23.0007,6.5301e+06,1.04274e+09,8.56365,0,0.00807525,2.97657e+08,0,909184,2.95841e+08
"Bloom_Sectorized128_Nonpart_AVX512_2/MTCount/1200/48/1/316228/100000000/10/iterations:5/manual_time",5,8.46332,3.11827,ms,,,,,,241363,3677.17,1.06956e+08,19918.3,2.06176e+07,948736,24.0013,6.51559e+06,1.04502e+09,8.46332,0,0.00748498,2.97571e+08,0,948736,2.94917e+08
"Bloom_Sectorized128_Nonpart_AVX512_2/MTCount/1250/48/1/316228/100000000/10/iterations:5/manual_time",5,8.63023,2.81636,ms,,,,,,230328,2537.95,1.06264e+08,21732.1,2.27594e+07,988224,25.0003,6.51951e+06,1.03288e+09,8.63023,0,0.00698082,2.89001e+08,0,988224,2.91791e+08
"Bloom_Sectorized128_Nonpart_AVX512_2/MTCount/1300/48/1/316228/100000000/10/iterations:5/manual_time",5,8.61571,2.60405,ms,,,,,,233030,2933.56,1.07422e+08,23818,2.46059e+07,1.02778e+06,26.0009,6.36478e+06,1.02529e+09,8.61571,0,0.00651214,2.93779e+08,0,1.02778e+06,2.90106e+08
"Bloom_Sectorized128_Nonpart_AVX512_2/MTCount/200/48/1/562341/100000000/10/iterations:5/manual_time",5,5.24286,2.97929,ms,,,,,,224058,4652.28,9.99934e+07,11124.6,1.13577e+06,281216,4.00065,379301,5.59271e+08,5.24286,0,0.157501,3.50401e+08,0,281216,1.57768e+08
"Bloom_Sectorized128_Nonpart_AVX512_2/MTCount/250/48/1/562341/100000000/10/iterations:5/manual_time",5,5.4557,3.04524,ms,,,,,,220022,4855.25,1.01007e+08,12642.4,2.98649e+06,351488,5.00035,666463,6.01267e+08,5.4557,0,0.111487,3.44847e+08,0,351488,1.6732e+08
"Bloom_Sectorized128_Nonpart_AVX512_2/MTCount/300/48/1/562341/100000000/10/iterations:5/manual_time",5,5.80783,3.16474,ms,,,,,,232881,4648.97,1.01631e+08,14031.2,4.35177e+06,421760,6.00006,1.06324e+06,6.33557e+08,5.80783,0,0.0830643,3.41521e+08,0,421760,1.78874e+08
"Bloom_Sectorized128_Nonpart_AVX512_2/MTCount/350/48/1/562341/100000000/10/iterations:5/manual_time",5,5.8709,3.03006,ms,,,,,,237675,4410.64,1.03348e+08,13610.4,2.83167e+06,492096,7.00068,1.46079e+06,6.50933e+08,5.8709,0,0.0642626,3.44844e+08,0,492096,1.84974e+08
"Bloom_Sectorized128_Nonpart_AVX512_2/MTCount/400/48/1/562341/100000000/10/iterations:5/manual_time",5,6.15326,3.13291,ms,,,,,,237349,4351.93,1.03484e+08,13587.1,5.37319e+06,562368,8.00038,1.93895e+06,6.94522e+08,6.15326,0,0.0512877,3.30256e+08,0,562368,1.97057e+08
"Bloom_Sectorized128_Nonpart_AVX512_2/MTCount/450/48/1/562341/100000000/10/iterations:5/manual_time",5,6.47194,3.15773,ms,,,,,,222282,4311.63,1.04028e+08,13919.8,7.60894e+06,632640,9.00009,2.36256e+06,7.47297e+08,6.47194,0,0.0419164,3.37459e+08,0,632640,2.09818e+08
"Bloom_Sectorized128_Nonpart_AVX512_2/MTCount/500/48/1/562341/100000000/10/iterations:5/manual_time",5,6.70332,3.19042,ms,,,,,,213651,3674.6,1.04928e+08,17128.4,1.05035e+07,702976,10.0007,2.8002e+06,7.87836e+08,6.70332,0,0.0349458,3.35413e+08,0,702976,2.21303e+08
"Bloom_Sectorized128_Nonpart_AVX512_2/MTCount/550/48/1/562341/100000000/10/iterations:5/manual_time",5,7.02849,3.11755,ms,,,,,,216898,3783.14,1.05837e+08,18468.8,1.2729e+07,773248,11.0004,3.24634e+06,8.24534e+08,7.02849,0,0.0296113,3.33285e+08,0,773248,2.31686e+08
"Bloom_Sectorized128_Nonpart_AVX512_2/MTCount/600/48/1/562341/100000000/10/iterations:5/manual_time",5,7.1036,2.58536,ms,,,,,,234218,3274.41,1.06546e+08,17156.6,1.52424e+07,843520,12.0001,3.67731e+06,8.48867e+08,7.1036,0,0.0254305,3.21646e+08,0,843520,2.42133e+08
"Bloom_Sectorized128_Nonpart_AVX512_2/MTCount/650/48/1/562341/100000000/10/iterations:5/manual_time",5,7.2108,2.65491,ms,,,,,,220309,3144.02,1.05686e+08,19050.6,1.87709e+07,913856,13.0007,4.09248e+06,8.84203e+08,7.2108,0,0.0220712,3.18708e+08,0,913856,2.51909e+08
"Bloom_Sectorized128_Nonpart_AVX512_2/MTCount/700/48/1/562341/100000000/10/iterations:5/manual_time",5,7.45898,2.64625,ms,,,,,,225636,3527.93,1.06247e+08,22655.2,2.21467e+07,984128,14.0004,4.5025e+06,9.23072e+08,7.45898,0,0.0193855,3.1682e+08,0,984128,2.6106e+08
"Bloom_Sectorized128_Nonpart_AVX512_2/MTCount/750/48/1/562341/100000000/10/iterations:5/manual_time",5,7.75654,2.63915,ms,,,,,,226763,3188.64,1.07343e+08,21907,2.62249e+07,1.0544e+06,15.0002,4.90067e+06,9.64523e+08,7.75654,0,0.0171544,3.19288e+08,0,1.0544e+06,2.73337e+08
"Bloom_Sectorized128_Nonpart_AVX512_2/MTCount/800/48/1/562341/100000000/10/iterations:5/manual_time",5,8.00415,2.69361,ms,,,,,,252166,3144.7,1.08098e+08,22384.7,2.95915e+07,1.12474e+06,16.0008,5.26406e+06,9.96075e+08,8.00415,0,0.015325,3.18019e+08,0,1.12474e+06,2.82516e+08
"Bloom_Sectorized128_Nonpart_AVX512_2/MTCount/850/48/1/562341/100000000/10/iterations:5/manual_time",5,8.39514,3.14597,ms,,,,,,234354,3318.57,1.08142e+08,21192.8,3.33818e+07,1.19501e+06,17.0005,5.60568e+06,1.02897e+09,8.39514,0,0.0137728,3.12283e+08,0,1.19501e+06,2.89387e+08
"Bloom_Sectorized128_Nonpart_AVX512_2/MTCount/900/48/1/562341/100000000/10/iterations:5/manual_time",5,8.61612,3.15708,ms,,,,,,238928,3322.51,1.06663e+08,20946.8,3.72754e+07,1.26528e+06,18.0002,5.96601e+06,1.05167e+09,8.61612,0,0.0124458,3.04305e+08,0,1.26528e+06,2.96111e+08
"Bloom_Sectorized128_Nonpart_AVX512_2/MTCount/950/48/1/562341/100000000/10/iterations:5/manual_time",5,8.67003,2.48688,ms,,,,,,247378,2955.5,1.07166e+08,23053.6,3.98464e+07,1.33562e+06,19.0008,6.14957e+06,1.06216e+09,8.67003,0,0.0113153,3.04713e+08,0,1.33562e+06,3.03135e+08
"Bloom_Sectorized128_Nonpart_AVX512_2/MTCount/1000/48/1/562341/100000000/10/iterations:5/manual_time",5,8.83604,3.07365,ms,,,,,,270862,3990.13,1.08063e+08,20970.4,4.251e+07,1.40589e+06,20.0005,6.33584e+06,1.08449e+09,8.83604,0,0.0103279,3.05676e+08,0,1.40589e+06,3.06016e+08
"Bloom_Sectorized128_Nonpart_AVX512_2/MTCount/1050/48/1/562341/100000000/10/iterations:5/manual_time",5,8.82909,3.19269,ms,,,,,,312797,4560.18,1.09281e+08,21255.3,4.48865e+07,1.47616e+06,21.0002,6.42467e+06,1.08884e+09,8.82909,0,0.00947058,3.02774e+08,0,1.47616e+06,3.07622e+08
"Bloom_Sectorized128_Nonpart_AVX512_2/MTCount/1100/48/1/562341/100000000/10/iterations:5/manual_time",5,8.86633,3.21483,ms,,,,,,299970,3953.62,1.07931e+08,22393.1,4.70959e+07,1.5465e+06,22.0008,6.51878e+06,1.09243e+09,8.86633,0,0.00872191,2.99025e+08,0,1.5465e+06,3.08475e+08
"Bloom_Sectorized128_Nonpart_AVX512_2/MTCount/1150/48/1/562341/100000000/10/iterations:5/manual_time",5,8.83926,3.1159,ms,,,,,,261113,4047.88,1.0951e+08,19821.8,4.91378e+07,1.61677e+06,23.0005,6.48926e+06,1.08657e+09,8.83926,0,0.00806858,2.99135e+08,0,1.61677e+06,3.07817e+08
"Bloom_Sectorized128_Nonpart_AVX512_2/MTCount/1200/48/1/562341/100000000/10/iterations:5/manual_time",5,8.81312,3.13971,ms,,,,,,276401,4270.57,1.07682e+08,21528,5.14e+07,1.68704e+06,24.0002,6.53219e+06,1.08162e+09,8.81312,0,0.00748793,2.95636e+08,0,1.68704e+06,3.05702e+08
"Bloom_Sectorized128_Nonpart_AVX512_2/MTCount/1250/48/1/562341/100000000/10/iterations:5/manual_time",5,8.78878,3.14148,ms,,,,,,257676,4113.95,1.08761e+08,22065.9,5.32269e+07,1.75738e+06,25.0009,6.43726e+06,1.07076e+09,8.78878,0,0.00696849,2.93833e+08,0,1.75738e+06,3.03626e+08
"Bloom_Sectorized128_Nonpart_AVX512_2/MTCount/1300/48/1/562341/100000000/10/iterations:5/manual_time",5,8.71208,3.18668,ms,,,,,,264488,3809.26,1.0766e+08,22138.5,5.53878e+07,1.82765e+06,26.0006,6.42844e+06,1.06436e+09,8.71208,0,0.00650237,2.9065e+08,0,1.82765e+06,3.01338e+08
"Bloom_Sectorized128_Nonpart_AVX512_2/MTCount/200/48/1/1000000/100000000/10/iterations:5/manual_time",5,5.34328,2.89177,ms,,,,,,239578,4743.26,1.0309e+08,13147.6,3.23802e+06,500032,4.00026,387529,5.88239e+08,5.34328,0,0.157674,3.55648e+08,0,500032,1.65433e+08
"Bloom_Sectorized128_Nonpart_AVX512_2/MTCount/250/48/1/1000000/100000000/10/iterations:5/manual_time",5,5.61603,3.30881,ms,,,,,,274565,4932.08,1.04637e+08,12015.4,7.51182e+06,625024,5.00019,704592,6.26841e+08,5.61603,0,0.111486,3.36443e+08,0,625024,1.78043e+08
"Bloom_Sectorized128_Nonpart_AVX512_2/MTCount/300/48/1/1000000/100000000/10/iterations:5/manual_time",5,5.94819,3.23917,ms,,,,,,238850,4811.14,1.05588e+08,13642.5,1.2117e+07,750016,6.00013,1.0511e+06,6.67109e+08,5.94819,0,0.0830163,3.46854e+08,0,750016,1.87255e+08
"Bloom_Sectorized128_Nonpart_AVX512_2/MTCount/350/48/1/1000000/100000000/10/iterations:5/manual_time",5,6.21701,3.22938,ms,,,,,,248113,4040.53,1.04566e+08,14007.6,1.67629e+07,875008,7.00006,1.49112e+06,6.99319e+08,6.21701,0,0.0642478,3.32257e+08,0,875008,1.98363e+08
"Bloom_Sectorized128_Nonpart_AVX512_2/MTCount/400/48/1/1000000/100000000/10/iterations:5/manual_time",5,6.30496,3.11429,ms,,,,,,234485,3678.44,1.02442e+08,15790.4,2.30498e+07,1.00006e+06,8.00051,1.93708e+06,7.3324e+08,6.30496,0,0.0512498,3.35426e+08,0,1.00006e+06,2.05901e+08
"Bloom_Sectorized128_Nonpart_AVX512_2/MTCount/450/48/1/1000000/100000000/10/iterations:5/manual_time",5,6.60718,2.66731,ms,,,,,,234692,3792.23,1.06234e+08,16517.1,3.04666e+07,1.12506e+06,9.00045,2.37548e+06,7.63695e+08,6.60718,0,0.0419012,3.26716e+08,0,1.12506e+06,2.20514e+08
"Bloom_Sectorized128_Nonpart_AVX512_2/MTCount/500/48/1/1000000/100000000/10/iterations:5/manual_time",5,6.76045,2.52651,ms,,,,,,239633,3553.04,1.06982e+08,18933.4,3.60952e+07,1.25005e+06,10.0004,2.76245e+06,8.09188e+08,6.76045,0,0.0349511,3.34262e+08,0,1.25005e+06,2.31068e+08
"Bloom_Sectorized128_Nonpart_AVX512_2/MTCount/550/48/1/1000000/100000000/10/iterations:5/manual_time",5,7.06763,2.79389,ms,,,,,,234010,3504.04,1.06367e+08,20336.4,4.14914e+07,1.37504e+06,11.0003,3.23437e+06,8.54983e+08,7.06763,0,0.0296024,3.26655e+08,0,1.37504e+06,2.43268e+08
"Bloom_Sectorized128_Nonpart_AVX512_2/MTCount/600/48/1/1000000/100000000/10/iterations:5/manual_time",5,7.31636,2.51198,ms,,,,,,233159,3498.58,1.05938e+08,21120.9,4.58512e+07,1.50003e+06,12.0003,3.68527e+06,8.91656e+08,7.31636,0,0.0254196,3.20718e+08,0,1.50003e+06,2.55086e+08
"Bloom_Sectorized128_Nonpart_AVX512_2/MTCount/650/48/1/1000000/100000000/10/iterations:5/manual_time",5,7.6248,2.70054,ms,,,,,,234796,3198.55,1.07868e+08,20017.1,4.95336e+07,1.62502e+06,13.0002,4.08638e+06,9.32555e+08,7.6248,0,0.0221043,3.18821e+08,0,1.62502e+06,2.66633e+08
"Bloom_Sectorized128_Nonpart_AVX512_2/MTCount/700/48/1/1000000/100000000/10/iterations:5/manual_time",5,7.85779,2.68159,ms,,,,,,237430,3410.87,1.08103e+08,21907.4,5.28604e+07,1.75002e+06,14.0001,4.52027e+06,9.68144e+08,7.85779,0,0.0193942,3.21681e+08,0,1.75002e+06,2.76849e+08
"Bloom_Sectorized128_Nonpart_AVX512_2/MTCount/750/48/1/1000000/100000000/10/iterations:5/manual_time",5,8.08129,2.67492,ms,,,,,,245871,2523.11,1.08208e+08,21461.1,5.62805e+07,1.87501e+06,15.0001,4.90504e+06,1.00004e+09,8.08129,0,0.0171485,3.16376e+08,0,1.87501e+06,2.86154e+08
"Bloom_Sectorized128_Nonpart_AVX512_2/MTCount/800/48/1/1000000/100000000/10/iterations:5/manual_time",5,8.46928,3.11016,ms,,,,,,321945,3399.45,1.09245e+08,22141.9,5.86898e+07,2.00006e+06,16.0005,5.2752e+06,1.03772e+09,8.46928,0,0.0153214,3.15294e+08,0,2.00006e+06,2.93072e+08
"Bloom_Sectorized128_Nonpart_AVX512_2/MTCount/850/48/1/1000000/100000000/10/iterations:5/manual_time",5,8.68848,3.13282,ms,,,,,,282980,3716.62,1.08644e+08,22396.1,6.145e+07,2.12506e+06,17.0004,5.65043e+06,1.06703e+09,8.68848,0,0.0137527,3.10833e+08,0,2.12506e+06,3.01359e+08
"Bloom_Sectorized128_Nonpart_AVX512_2/MTCount/900/48/1/1000000/100000000/10/iterations:5/manual_time",5,8.79074,3.14115,ms,,,,,,306836,3588.85,1.08595e+08,22310.7,6.38326e+07,2.25005e+06,18.0004,5.91911e+06,1.08439e+09,8.79074,0,0.0124601,3.08537e+08,0,2.25005e+06,3.08065e+08
"Bloom_Sectorized128_Nonpart_AVX512_2/MTCount/950/48/1/1000000/100000000/10/iterations:5/manual_time",5,8.91187,2.53537,ms,,,,,,304346,3247.04,1.08082e+08,22991.3,6.60723e+07,2.37504e+06,19.0003,6.19908e+06,1.10232e+09,8.91187,0,0.0113135,3.06097e+08,0,2.37504e+06,3.14135e+08
"Bloom_Sectorized128_Nonpart_AVX512_2/MTCount/1000/48/1/1000000/100000000/10/iterations:5/manual_time",5,8.79247,2.4805,ms,,,,,,339921,4779.44,1.09274e+08,23682.4,6.75111e+07,2.50003e+06,20.0003,6.30063e+06,1.10745e+09,8.79247,0,0.0103297,3.05299e+08,0,2.50003e+06,3.15376e+08
"Bloom_Sectorized128_Nonpart_AVX512_2/MTCount/1050/48/1/1000000/100000000/10/iterations:5/manual_time",5,8.88384,2.69695,ms,,,,,,295397,4668.41,1.09604e+08,22825.9,6.90527e+07,2.62502e+06,21.0002,6.39576e+06,1.10749e+09,8.88384,0,0.00948273,3.0261e+08,0,2.62502e+06,3.17053e+08
"Bloom_Sectorized128_Nonpart_AVX512_2/MTCount/1100/48/1/1000000/100000000/10/iterations:5/manual_time",5,8.85784,2.66716,ms,,,,,,292681,4363.89,1.09039e+08,22279.6,7.0882e+07,2.75002e+06,22.0001,6.5006e+06,1.11098e+09,8.85784,0,0.00873286,2.9955e+08,0,2.75002e+06,3.16929e+08
"Bloom_Sectorized128_Nonpart_AVX512_2/MTCount/1150/48/1/1000000/100000000/10/iterations:5/manual_time",5,8.88734,2.69832,ms,,,,,,297665,3695.63,1.09953e+08,22490.8,7.21964e+07,2.87501e+06,23.0001,6.49151e+06,1.10514e+09,8.88734,0,0.00807282,2.97707e+08,0,2.87501e+06,3.16142e+08
"Bloom_Sectorized128_Nonpart_AVX512_2/MTCount/1200/48/1/1000000/100000000/10/iterations:5/manual_time",5,8.78373,2.71724,ms,,,,,,321264,3845.9,1.09291e+08,22661.7,7.37041e+07,3.00006e+06,24.0005,6.48554e+06,1.09173e+09,8.78373,0,0.00748716,2.93247e+08,0,3.00006e+06,3.13922e+08
"Bloom_Sectorized128_Nonpart_AVX512_2/MTCount/1250/48/1/1000000/100000000/10/iterations:5/manual_time",5,8.67676,2.74616,ms,,,,,,295609,3969.06,1.09332e+08,23142.8,7.4807e+07,3.12506e+06,25.0004,6.46171e+06,1.0932e+09,8.67676,0,0.00695702,2.91165e+08,0,3.12506e+06,3.10919e+08
"Bloom_Sectorized128_Nonpart_AVX512_2/MTCount/1300/48/1/1000000/100000000/10/iterations:5/manual_time",5,8.69926,2.69371,ms,,,,,,295533,4026.44,1.0905e+08,23121.3,7.57466e+07,3.25005e+06,26.0004,6.37904e+06,1.07614e+09,8.69926,0,0.00650488,2.90682e+08,0,3.25005e+06,3.08798e+08
"Bloom_Sectorized128_Nonpart_AVX512_2/MTCount/200/48/1/1778279/100000000/10/iterations:5/manual_time",5,5.49009,2.8141,ms,,,,,,269388,4852.56,1.03984e+08,14479.7,1.72472e+07,889152,4.00006,379729,6.27504e+08,5.49009,0,0.157626,3.60676e+08,0,889152,1.79208e+08
"Bloom_Sectorized128_Nonpart_AVX512_2/MTCount/250/48/1/1778279/100000000/10/iterations:5/manual_time",5,5.52891,2.79235,ms,,,,,,267601,4716.97,1.06294e+08,13506.7,2.96248e+07,1.11149e+06,5.00029,670892,6.2329e+08,5.52891,0,0.111501,3.31898e+08,0,1.11149e+06,1.80739e+08
"Bloom_Sectorized128_Nonpart_AVX512_2/MTCount/300/48/1/1778279/100000000/10/iterations:5/manual_time",5,6.29033,2.6443,ms,,,,,,275496,4445.79,1.07832e+08,14829.3,3.97827e+07,1.33376e+06,6.00023,1.02143e+06,6.76625e+08,6.29033,0,0.0830015,3.50585e+08,0,1.33376e+06,1.94105e+08
"Bloom_Sectorized128_Nonpart_AVX512_2/MTCount/350/48/1/1778279/100000000/10/iterations:5/manual_time",5,6.32785,3.156,ms,,,,,,232012,4054.53,1.07722e+08,15343.8,4.74494e+07,1.55603e+06,7.00017,1.43368e+06,7.23354e+08,6.32785,0,0.0642421,3.47004e+08,0,1.55603e+06,2.07038e+08
"Bloom_Sectorized128_Nonpart_AVX512_2/MTCount/400/48/1/1778279/100000000/10/iterations:5/manual_time",5,6.74234,3.28886,ms,,,,,,233463,3937.21,1.04464e+08,15678.6,5.43757e+07,1.7783e+06,8.00011,1.93851e+06,7.70426e+08,6.74234,0,0.0512855,3.32163e+08,0,1.7783e+06,2.1954e+08
"Bloom_Sectorized128_Nonpart_AVX512_2/MTCount/450/48/1/1778279/100000000/10/iterations:5/manual_time",5,7.00032,3.27193,ms,,,,,,241275,3825.51,1.0828e+08,19477.8,5.87522e+07,2.00058e+06,9.00005,2.34953e+06,8.10773e+08,7.00032,0,0.041922,3.40555e+08,0,2.00058e+06,2.31198e+08
"Bloom_Sectorized128_Nonpart_AVX512_2/MTCount/500/48/1/1778279/100000000/10/iterations:5/manual_time",5,7.14718,3.10908,ms,,,,,,247022,3337.12,1.06128e+08,17469.1,6.33538e+07,2.22291e+06,10.0003,2.80611e+06,8.47239e+08,7.14718,0,0.0349287,3.26896e+08,0,2.22291e+06,2.4087e+08
"Bloom_Sectorized128_Nonpart_AVX512_2/MTCount/550/48/1/1778279/100000000/10/iterations:5/manual_time",5,7.52098,3.24267,ms,,,,,,254950,3501.67,1.07133e+08,16924,6.7142e+07,2.44518e+06,11.0002,3.24672e+06,8.86498e+08,7.52098,0,0.029594,3.27151e+08,0,2.44518e+06,2.52701e+08
"Bloom_Sectorized128_Nonpart_AVX512_2/MTCount/600/48/1/1778279/100000000/10/iterations:5/manual_time",5,7.80184,3.24626,ms,,,,,,266426,3441.62,1.07173e+08,19625,6.97761e+07,2.66746e+06,12.0002,3.70341e+06,9.30821e+08,7.80184,0,0.0254282,3.2469e+08,0,2.66746e+06,2.65134e+08
"Bloom_Sectorized128_Nonpart_AVX512_2/MTCount/650/48/1/1778279/100000000/10/iterations:5/manual_time",5,8.04514,3.1462,ms,,,,,,279801,3613.2,1.08471e+08,22651.6,7.2052e+07,2.88973e+06,13.0001,4.12669e+06,9.68549e+08,8.04514,0,0.0220733,3.22509e+08,0,2.88973e+06,2.74001e+08
"Bloom_Sectorized128_Nonpart_AVX512_2/MTCount/700/48/1/1778279/100000000/10/iterations:5/manual_time",5,8.26149,3.16411,ms,,,,,,286896,3411.43,1.08677e+08,21383.8,7.43007e+07,3.112e+06,14.0001,4.5243e+06,9.99162e+08,8.26149,0,0.019374,3.19884e+08,0,3.112e+06,2.83518e+08
"Bloom_Sectorized128_Nonpart_AVX512_2/MTCount/750/48/1/1778279/100000000/10/iterations:5/manual_time",5,8.42994,3.15696,ms,,,,,,291516,3204.56,1.07742e+08,20131.1,7.6733e+07,3.33434e+06,15.0003,4.94783e+06,1.02495e+09,8.42994,0,0.0171428,3.13909e+08,0,3.33434e+06,2.92192e+08
"Bloom_Sectorized128_Nonpart_AVX512_2/MTCount/800/48/1/1778279/100000000/10/iterations:5/manual_time",5,8.66871,3.1716,ms,,,,,,358638,4353.89,1.10719e+08,21506.1,7.72217e+07,3.55661e+06,16.0002,5.27167e+06,1.05475e+09,8.66871,0,0.0153169,3.15699e+08,0,3.55661e+06,3.00936e+08
"Bloom_Sectorized128_Nonpart_AVX512_2/MTCount/850/48/1/1778279/100000000/10/iterations:5/manual_time",5,8.80966,3.12344,ms,,,,,,361329,3840.3,1.0906e+08,21375.4,7.9263e+07,3.77888e+06,17.0002,5.64354e+06,1.08408e+09,8.80966,0,0.0137564,3.10994e+08,0,3.77888e+06,3.07743e+08
"Bloom_Sectorized128_Nonpart_AVX512_2/MTCount/900/48/1/1778279/100000000/10/iterations:5/manual_time",5,9.01518,3.15347,ms,,,,,,392936,3825.12,1.08973e+08,21131,8.07241e+07,4.00115e+06,18.0001,5.93739e+06,1.10098e+09,9.01518,0,0.0124299,3.08275e+08,0,4.00115e+06,3.12982e+08
"Bloom_Sectorized128_Nonpart_AVX512_2/MTCount/950/48/1/1778279/100000000/10/iterations:5/manual_time",5,9.06446,2.45605,ms,,,,,,401071,4033.88,1.09992e+08,23177.6,8.14946e+07,4.22342e+06,19.0001,6.1148e+06,1.11291e+09,9.06446,0,0.0112917,3.08779e+08,0,4.22342e+06,3.19641e+08
"Bloom_Sectorized128_Nonpart_AVX512_2/MTCount/1000/48/1/1778279/100000000/10/iterations:5/manual_time",5,9.13035,3.03286,ms,,,,,,397469,3262.73,1.09038e+08,20540.1,8.36322e+07,4.44576e+06,20.0003,6.35875e+06,1.12109e+09,9.13035,0,0.0103275,3.01663e+08,0,4.44576e+06,3.21252e+08
"Bloom_Sectorized128_Nonpart_AVX512_2/MTCount/1050/48/1/1778279/100000000/10/iterations:5/manual_time",5,9.07889,3.0241,ms,,,,,,388626,3325.3,1.08482e+08,20934.4,8.50958e+07,4.66803e+06,21.0002,6.493e+06,1.12475e+09,9.07889,0,0.0094709,2.96586e+08,0,4.66803e+06,3.22979e+08
"Bloom_Sectorized128_Nonpart_AVX512_2/MTCount/1100/48/1/1778279/100000000/10/iterations:5/manual_time",5,9.22742,3.10404,ms,,,,,,402107,4190.45,1.08347e+08,20931.6,8.59913e+07,4.8903e+06,22.0002,6.55965e+06,1.12333e+09,9.22742,0,0.00872043,2.94041e+08,0,4.8903e+06,3.21139e+08
"Bloom_Sectorized128_Nonpart_AVX512_2/MTCount/1150/48/1/1778279/100000000/10/iterations:5/manual_time",5,9.162,3.1615,ms,,,,,,501168,4874.35,1.09528e+08,21984.7,8.56969e+07,5.11258e+06,23.0001,6.55106e+06,1.12649e+09,9.162,0,0.00806425,2.96176e+08,0,5.11258e+06,3.20817e+08
"Bloom_Sectorized128_Nonpart_AVX512_2/MTCount/1200/48/1/1778279/100000000/10/iterations:5/manual_time",5,9.16349,3.21499,ms,,,,,,430839,4533.6,1.09059e+08,21945,8.65542e+07,5.33485e+06,24,6.55186e+06,1.12167e+09,9.16349,0,0.00748412,2.93857e+08,0,5.33485e+06,3.1911e+08
"Bloom_Sectorized128_Nonpart_AVX512_2/MTCount/1250/48/1/1778279/100000000/10/iterations:5/manual_time",5,9.23127,2.51878,ms,,,,,,488919,3324.84,1.08135e+08,24535.8,8.85609e+07,5.55718e+06,25.0003,6.53843e+06,1.1112e+09,9.23127,0,0.00695992,2.86976e+08,0,5.55718e+06,3.18326e+08
"Bloom_Sectorized128_Nonpart_AVX512_2/MTCount/1300/48/1/1778279/100000000/10/iterations:5/manual_time",5,8.98492,2.55668,ms,,,,,,643931,5252.57,1.09728e+08,25646.4,8.73542e+07,5.77946e+06,26.0002,6.39781e+06,1.10976e+09,8.98492,0,0.00651325,2.93361e+08,0,5.77946e+06,3.15229e+08
"Bloom_Sectorized128_Nonpart_AVX512_2/MTCount/200/48/1/3162278/100000000/10/iterations:5/manual_time",5,5.65064,3.13215,ms,,,,,,297465,4463.94,1.05841e+08,13393.9,4.84397e+07,1.58118e+06,4.00011,390513,6.37017e+08,5.65064,0,0.157743,3.4768e+08,0,1.58118e+06,1.82197e+08
"Bloom_Sectorized128_Nonpart_AVX512_2/MTCount/250/48/1/3162278/100000000/10/iterations:5/manual_time",5,5.9531,2.60931,ms,,,,,,289161,4653.89,1.07547e+08,15685.7,5.96627e+07,1.97645e+06,5.00006,666906,6.66811e+08,5.9531,0,0.111547,3.29206e+08,0,1.97645e+06,1.95408e+08
"Bloom_Sectorized128_Nonpart_AVX512_2/MTCount/300/48/1/3162278/100000000/10/iterations:5/manual_time",5,6.17917,3.00266,ms,,,,,,305566,4026.72,1.07015e+08,15456.4,6.67711e+07,2.37171e+06,6.00001,1.05621e+06,7.04575e+08,6.17917,0,0.0830403,3.34802e+08,0,2.37171e+06,2.04976e+08
"Bloom_Sectorized128_Nonpart_AVX512_2/MTCount/350/48/1/3162278/100000000/10/iterations:5/manual_time",5,6.88053,2.91249,ms,,,,,,250639,4106.97,1.05972e+08,15991.6,7.11623e+07,2.76704e+06,7.00012,1.47233e+06,7.46483e+08,6.88053,0,0.064227,3.37643e+08,0,2.76704e+06,2.13317e+08
"Bloom_Sectorized128_Nonpart_AVX512_2/MTCount/400/48/1/3162278/100000000/10/iterations:5/manual_time",5,6.58737,2.56182,ms,,,,,,259326,3868.06,1.07426e+08,16567.2,7.55652e+07,3.1623e+06,8.00007,1.87385e+06,7.72295e+08,6.58737,0,0.0513214,3.30677e+08,0,3.1623e+06,2.24901e+08
"Bloom_Sectorized128_Nonpart_AVX512_2/MTCount/450/48/1/3162278/100000000/10/iterations:5/manual_time",5,6.96321,2.65114,ms,,,,,,268400,3671.81,1.05773e+08,20048.1,7.8779e+07,3.55757e+06,9.00001,2.37593e+06,8.324e+08,6.96321,0,0.0419309,3.30879e+08,0,3.55757e+06,2.39279e+08
"Bloom_Sectorized128_Nonpart_AVX512_2/MTCount/500/48/1/3162278/100000000/10/iterations:5/manual_time",5,7.21054,2.51059,ms,,,,,,292471,3382.46,1.07883e+08,19996.8,8.07957e+07,3.9529e+06,10.0001,2.79636e+06,8.64952e+08,7.21054,0,0.0349289,3.29905e+08,0,3.9529e+06,2.49988e+08
"Bloom_Sectorized128_Nonpart_AVX512_2/MTCount/550/48/1/3162278/100000000/10/iterations:5/manual_time",5,7.67604,3.13164,ms,,,,,,327610,3848.36,1.06309e+08,21331.4,8.2596e+07,4.34816e+06,11.0001,3.28965e+06,9.19511e+08,7.67604,0,0.0296,3.28763e+08,0,4.34816e+06,2.61124e+08
"Bloom_Sectorized128_Nonpart_AVX512_2/MTCount/600/48/1/3162278/100000000/10/iterations:5/manual_time",5,7.92816,3.25099,ms,,,,,,342198,3309.22,1.072e+08,20544,8.42206e+07,4.74342e+06,12,3.70012e+06,9.5382e+08,7.92816,0,0.0254117,3.23299e+08,0,4.74342e+06,2.7221e+08
"Bloom_Sectorized128_Nonpart_AVX512_2/MTCount/650/48/1/3162278/100000000/10/iterations:5/manual_time",5,8.32336,3.16624,ms,,,,,,404398,3436.73,1.06751e+08,20814,8.62644e+07,5.13875e+06,13.0001,4.17545e+06,9.88489e+08,8.32336,0,0.0220833,3.17761e+08,0,5.13875e+06,2.80678e+08
"Bloom_Sectorized128_Nonpart_AVX512_2/MTCount/700/48/1/3162278/100000000/10/iterations:5/manual_time",5,8.39257,3.1977,ms,,,,,,389364,3583.52,1.08217e+08,21169.1,8.73649e+07,5.53402e+06,14.0001,4.5592e+06,1.0196e+09,8.39257,0,0.0194015,3.17625e+08,0,5.53402e+06,2.9079e+08
"Bloom_Sectorized128_Nonpart_AVX512_2/MTCount/750/48/1/3162278/100000000/10/iterations:5/manual_time",5,8.60121,3.21888,ms,,,,,,561300,4080.27,1.09594e+08,22079.1,8.7588e+07,5.92928e+06,15,4.93831e+06,1.05269e+09,8.60121,0,0.017164,3.18027e+08,0,5.92928e+06,2.99044e+08
"Bloom_Sectorized128_Nonpart_AVX512_2/MTCount/800/48/1/3162278/100000000/10/iterations:5/manual_time",5,8.94569,3.15062,ms,,,,,,465750,2904.29,1.07977e+08,20891.3,9.03337e+07,6.32461e+06,16.0001,5.3541e+06,1.07463e+09,8.94569,0,0.0153186,3.07426e+08,0,6.32461e+06,3.07534e+08
"Bloom_Sectorized128_Nonpart_AVX512_2/MTCount/850/48/1/3162278/100000000/10/iterations:5/manual_time",5,8.97304,3.14588,ms,,,,,,544349,3784.58,1.08288e+08,21284.3,9.11626e+07,6.71987e+06,17.0001,5.70622e+06,1.10516e+09,8.97304,0,0.0137644,3.05405e+08,0,6.71987e+06,3.14508e+08
"Bloom_Sectorized128_Nonpart_AVX512_2/MTCount/900/48/1/3162278/100000000/10/iterations:5/manual_time",5,9.11395,3.01629,ms,,,,,,495908,3070.88,1.08433e+08,20449.3,9.20811e+07,7.11514e+06,18,5.98138e+06,1.11638e+09,9.11395,0,0.0124423,3.0247e+08,0,7.11514e+06,3.2069e+08
"Bloom_Sectorized128_Nonpart_AVX512_2/MTCount/950/48/1/3162278/100000000/10/iterations:5/manual_time",5,9.14019,3.04915,ms,,,,,,724067,3931.07,1.08607e+08,22175.6,9.22548e+07,7.51046e+06,19.0001,6.23307e+06,1.13703e+09,9.14019,0,0.0113097,3.04053e+08,0,7.51046e+06,3.24962e+08
"Bloom_Sectorized128_Nonpart_AVX512_2/MTCount/1000/48/1/3162278/100000000/10/iterations:5/manual_time",5,9.31466,3.25485,ms,,,,,,626732,4445.78,1.0924e+08,22008.2,9.22507e+07,7.90573e+06,20.0001,6.36886e+06,1.14829e+09,9.31466,0,0.01033,3.02727e+08,0,7.90573e+06,3.26934e+08
"Bloom_Sectorized128_Nonpart_AVX512_2/MTCount/1050/48/1/3162278/100000000/10/iterations:5/manual_time",5,9.37294,3.2897,ms,,,,,,855065,5981.96,1.10911e+08,21751.5,9.18901e+07,8.30099e+06,21,6.48049e+06,1.15312e+09,9.37294,0,0.00948812,3.03081e+08,0,8.30099e+06,3.28311e+08
"Bloom_Sectorized128_Nonpart_AVX512_2/MTCount/1100/48/1/3162278/100000000/10/iterations:5/manual_time",5,9.28878,3.22105,ms,,,,,,802017,5043.71,1.10083e+08,21276.3,9.2601e+07,8.69632e+06,22.0001,6.53851e+06,1.15235e+09,9.28878,0,0.00873492,3.013e+08,0,8.69632e+06,3.28707e+08
"Bloom_Sectorized128_Nonpart_AVX512_2/MTCount/1150/48/1/3162278/100000000/10/iterations:5/manual_time",5,9.35335,3.2468,ms,,,,,,888102,4674.22,1.11106e+08,22012.7,9.28406e+07,9.09158e+06,23.0001,6.50806e+06,1.1435e+09,9.35335,0,0.00808023,2.99606e+08,0,9.09158e+06,3.28588e+08
"Bloom_Sectorized128_Nonpart_AVX512_2/MTCount/1200/48/1/3162278/100000000/10/iterations:5/manual_time",5,9.26245,3.26878,ms,,,,,,955189,5704.59,1.10848e+08,21491.4,9.33406e+07,9.48685e+06,24,6.55179e+06,1.15079e+09,9.26245,0,0.00749601,2.97863e+08,0,9.48685e+06,3.273e+08
"Bloom_Sectorized128_Nonpart_AVX512_2/MTCount/1250/48/1/3162278/100000000/10/iterations:5/manual_time",5,9.44803,3.23199,ms,,,,,,845637,4397.7,1.0769e+08,22269.7,9.57247e+07,9.88218e+06,25.0001,6.58355e+06,1.1378e+09,9.44803,0,0.00697088,2.89936e+08,0,9.88218e+06,3.24458e+08
"Bloom_Sectorized128_Nonpart_AVX512_2/MTCount/1300/48/1/3162278/100000000/10/iterations:5/manual_time",5,9.27745,2.88883,ms,,,,,,982684,4144.65,1.08832e+08,23723,9.56342e+07,1.02774e+07,26.0001,6.4581e+06,1.12092e+09,9.27745,0,0.00651084,2.89031e+08,0,1.02774e+07,3.20991e+08
"Bloom_Sectorized128_Nonpart_AVX512_2/MTCount/200/48/1/5623413/100000000/10/iterations:5/manual_time",5,6.13381,3.11309,ms,,,,,,293567,4579.98,1.10789e+08,16693.3,7.15933e+07,2.81171e+06,4.00001,395398,6.50141e+08,6.13381,0,0.157703,3.46628e+08,0,2.81171e+06,1.91437e+08
"Bloom_Sectorized128_Nonpart_AVX512_2/MTCount/250/48/1/5623413/100000000/10/iterations:5/manual_time",5,6.30721,3.22096,ms,,,,,,429280,4499.28,1.05774e+08,13574.9,7.84931e+07,3.51469e+06,5.00008,683567,6.91987e+08,6.30721,0,0.111513,3.37692e+08,0,3.51469e+06,1.99865e+08
"Bloom_Sectorized128_Nonpart_AVX512_2/MTCount/300/48/1/5623413/100000000/10/iterations:5/manual_time",5,6.45278,3.29091,ms,,,,,,316990,4115.14,1.06431e+08,17376,8.13793e+07,4.2176e+06,6.00006,1.0463e+06,7.31965e+08,6.45278,0,0.0830212,3.49523e+08,0,4.2176e+06,2.10972e+08
"Bloom_Sectorized128_Nonpart_AVX512_2/MTCount/350/48/1/5623413/100000000/10/iterations:5/manual_time",5,6.57289,2.62071,ms,,,,,,326239,3516.67,1.06264e+08,16780.2,8.54321e+07,4.92051e+06,7.00004,1.46711e+06,7.64953e+08,6.57289,0,0.0642756,3.38564e+08,0,4.92051e+06,2.22372e+08
"Bloom_Sectorized128_Nonpart_AVX512_2/MTCount/400/48/1/5623413/100000000/10/iterations:5/manual_time",5,6.84241,2.57554,ms,,,,,,336690,3909.54,1.05408e+08,20533.3,8.7287e+07,5.62342e+06,8.00002,1.89852e+06,8.12052e+08,6.84241,0,0.0512778,3.37837e+08,0,5.62342e+06,2.3342e+08
"Bloom_Sectorized128_Nonpart_AVX512_2/MTCount/450/48/1/5623413/100000000/10/iterations:5/manual_time",5,7.06739,2.66979,ms,,,,,,387194,3716.93,1.0594e+08,19409.5,8.93985e+07,6.3264e+06,9.00009,2.35432e+06,8.47565e+08,7.06739,0,0.0419273,3.33768e+08,0,6.3264e+06,2.45122e+08
"Bloom_Sectorized128_Nonpart_AVX512_2/MTCount/500/48/1/5623413/100000000/10/iterations:5/manual_time",5,7.35053,2.57247,ms,,,,,,395681,3391.04,1.07325e+08,22662,9.0316e+07,7.02931e+06,10.0001,2.80324e+06,8.876e+08,7.35053,0,0.0349366,3.31829e+08,0,7.02931e+06,2.55831e+08
"Bloom_Sectorized128_Nonpart_AVX512_2/MTCount/550/48/1/5623413/100000000/10/iterations:5/manual_time",5,7.61085,2.92419,ms,,,,,,434851,3483.54,1.07229e+08,19850.3,9.26655e+07,7.73222e+06,11,3.26796e+06,9.30228e+08,7.61085,0,0.0296117,3.24153e+08,0,7.73222e+06,2.65828e+08
"Bloom_Sectorized128_Nonpart_AVX512_2/MTCount/600/48/1/5623413/100000000/10/iterations:5/manual_time",5,7.92853,2.84905,ms,,,,,,535869,3331.33,1.07749e+08,22227,9.30576e+07,8.43514e+06,12,3.68713e+06,9.73285e+08,7.92853,0,0.0254267,3.22942e+08,0,8.43514e+06,2.76905e+08
"Bloom_Sectorized128_Nonpart_AVX512_2/MTCount/650/48/1/5623413/100000000/10/iterations:5/manual_time",5,8.2385,2.83315,ms,,,,,,570507,3358.28,1.07272e+08,23370.3,9.42712e+07,9.13805e+06,13,4.15479e+06,1.00653e+09,8.2385,0,0.0221026,3.1792e+08,0,9.13805e+06,2.88051e+08
"Bloom_Sectorized128_Nonpart_AVX512_2/MTCount/700/48/1/5623413/100000000/10/iterations:5/manual_time",5,8.45661,2.86789,ms,,,,,,807315,3910.68,1.07982e+08,24062.2,9.46743e+07,9.84102e+06,14.0001,4.57113e+06,1.04665e+09,8.45661,0,0.0193869,3.178e+08,0,9.84102e+06,2.98656e+08
"Bloom_Sectorized128_Nonpart_AVX512_2/MTCount/750/48/1/5623413/100000000/10/iterations:5/manual_time",5,8.64434,2.54545,ms,,,,,,1.0749e+06,3048.78,1.08791e+08,23110.2,9.50759e+07,1.05439e+07,15.0001,4.96628e+06,1.07986e+09,8.64434,0,0.0171789,3.1783e+08,0,1.05439e+07,3.09941e+08
"Bloom_Sectorized128_Nonpart_AVX512_2/MTCount/800/48/1/5623413/100000000/10/iterations:5/manual_time",5,8.89089,2.50042,ms,,,,,,1.33081e+06,2792.45,1.08046e+08,23432.5,9.74541e+07,1.12468e+07,16,5.38066e+06,1.11312e+09,8.89089,0,0.0153319,3.09703e+08,0,1.12468e+07,3.19562e+08
"Bloom_Sectorized128_Nonpart_AVX512_2/MTCount/850/48/1/5623413/100000000/10/iterations:5/manual_time",5,9.09026,2.59387,ms,,,,,,1.72937e+06,4149.94,1.08174e+08,23865.6,9.73995e+07,1.19498e+07,17,5.72508e+06,1.14345e+09,9.09026,0,0.0137575,3.08488e+08,0,1.19498e+07,3.2712e+08
"Bloom_Sectorized128_Nonpart_AVX512_2/MTCount/900/48/1/5623413/100000000/10/iterations:5/manual_time",5,9.36889,3.19993,ms,,,,,,3.18859e+06,4562.06,1.08198e+08,21624.6,9.76383e+07,1.26527e+07,18.0001,6.07977e+06,1.18327e+09,9.36889,0,0.0124498,3.07768e+08,0,1.26527e+07,3.35554e+08
"Bloom_Sectorized128_Nonpart_AVX512_2/MTCount/950/48/1/5623413/100000000/10/iterations:5/manual_time",5,9.70055,3.23749,ms,,,,,,8.19188e+06,5927.6,1.09231e+08,21633.5,9.76504e+07,1.33556e+07,19.0001,6.28974e+06,1.22157e+09,9.70055,0,0.0113123,3.05902e+08,0,1.33556e+07,3.44156e+08
"Bloom_Sectorized128_Nonpart_AVX512_2/MTCount/1000/48/1/5623413/100000000/10/iterations:5/manual_time",5,9.90745,3.21669,ms,,,,,,1.22368e+07,5522.11,1.08847e+08,21791.4,9.84042e+07,1.40586e+07,20,6.46054e+06,1.24929e+09,9.90745,0,0.0103374,3.02963e+08,0,1.40586e+07,3.5198e+08
"Bloom_Sectorized128_Nonpart_AVX512_2/MTCount/1050/48/1/5623413/100000000/10/iterations:5/manual_time",5,10.0595,3.20746,ms,,,,,,1.62363e+07,7207.43,1.10879e+08,21941.1,9.69099e+07,1.47615e+07,21,6.52884e+06,1.27321e+09,10.0595,0,0.0094639,3.04193e+08,0,1.47615e+07,3.57742e+08
"Bloom_Sectorized128_Nonpart_AVX512_2/MTCount/1100/48/1/5623413/100000000/10/iterations:5/manual_time",5,10.2609,3.16345,ms,,,,,,1.9903e+07,5696.37,1.09533e+08,21431.3,9.87224e+07,1.54644e+07,22.0001,6.62537e+06,1.30047e+09,10.2609,0,0.00873169,2.99222e+08,0,1.54644e+07,3.65237e+08
"Bloom_Sectorized128_Nonpart_AVX512_2/MTCount/1150/48/1/5623413/100000000/10/iterations:5/manual_time",5,10.3445,3.20887,ms,,,,,,2.31673e+07,5126.37,1.10157e+08,21648.3,9.8741e+07,1.61674e+07,23.0001,6.61035e+06,1.30969e+09,10.3445,0,0.0080641,2.9871e+08,0,1.61674e+07,3.68951e+08
"Bloom_Sectorized128_Nonpart_AVX512_2/MTCount/1200/48/1/5623413/100000000/10/iterations:5/manual_time",5,10.4572,3.26899,ms,,,,,,2.63099e+07,6504.86,1.11102e+08,21110.6,9.80168e+07,1.68703e+07,24,6.59303e+06,1.33818e+09,10.4572,0,0.00749166,2.98691e+08,0,1.68703e+07,3.74945e+08
"Bloom_Sectorized128_Nonpart_AVX512_2/MTCount/1250/48/1/5623413/100000000/10/iterations:5/manual_time",5,10.9263,2.91345,ms,,,,,,2.95643e+07,6538.52,1.13129e+08,20506.6,9.7562e+07,1.75732e+07,25,6.45886e+06,1.36185e+09,10.9263,0,0.00696958,2.95859e+08,0,1.75732e+07,3.84487e+08
"Bloom_Sectorized128_Nonpart_AVX512_2/MTCount/1300/48/1/5623413/100000000/10/iterations:5/manual_time",5,10.8233,2.994,ms,,,,,,3.21675e+07,5833.26,1.09874e+08,21951.4,1.0102e+08,1.82761e+07,26,6.52803e+06,1.38412e+09,10.8233,0,0.00649906,2.91441e+08,0,1.82761e+07,3.89254e+08
"Bloom_Sectorized128_Nonpart_AVX512_2/MTCount/200/48/1/10000000/100000000/10/iterations:5/manual_time",5,6.07526,3.28743,ms,,,,,,419801,4566.19,1.03416e+08,15082.7,8.574e+07,5.00006e+06,4.00005,413485,6.86383e+08,6.07526,0,0.157652,3.38205e+08,0,5.00006e+06,1.98005e+08
"Bloom_Sectorized128_Nonpart_AVX512_2/MTCount/250/48/1/10000000/100000000/10/iterations:5/manual_time",5,6.22753,2.61924,ms,,,,,,514336,3916.97,1.07151e+08,15568.8,8.94019e+07,6.25005e+06,5.00004,664235,7.12951e+08,6.22753,0,0.111477,3.49239e+08,0,6.25005e+06,2.07301e+08
"Bloom_Sectorized128_Nonpart_AVX512_2/MTCount/300/48/1/10000000/100000000/10/iterations:5/manual_time",5,6.58225,3.13186,ms,,,,,,409114,4139.09,1.05011e+08,16805.5,9.13784e+07,7.50003e+06,6.00003,1.05501e+06,7.54288e+08,6.58225,0,0.0830137,3.43854e+08,0,7.50003e+06,2.1769e+08
"Bloom_Sectorized128_Nonpart_AVX512_2/MTCount/350/48/1/10000000/100000000/10/iterations:5/manual_time",5,6.78829,3.14848,ms,,,,,,490272,3671.78,1.03468e+08,16946.8,9.38322e+07,8.75002e+06,7.00001,1.49658e+06,7.97621e+08,6.78829,0,0.0643102,3.35829e+08,0,8.75002e+06,2.28628e+08
"Bloom_Sectorized128_Nonpart_AVX512_2/MTCount/400/48/1/10000000/100000000/10/iterations:5/manual_time",5,7.09545,2.97717,ms,,,,,,612890,3353.8,1.05132e+08,17530,9.65222e+07,1.00001e+07,8.00005,1.93393e+06,8.35411e+08,7.09545,0,0.0512787,3.23165e+08,0,1.00001e+07,2.40915e+08
"Bloom_Sectorized128_Nonpart_AVX512_2/MTCount/450/48/1/10000000/100000000/10/iterations:5/manual_time",5,7.61764,3.39432,ms,,,,,,1.3447e+06,3766.73,1.07231e+08,21886,9.51355e+07,1.125e+07,9.00004,2.41515e+06,8.956e+08,7.61764,0,0.0418922,3.40798e+08,0,1.125e+07,2.53934e+08
"Bloom_Sectorized128_Nonpart_AVX512_2/MTCount/500/48/1/10000000/100000000/10/iterations:5/manual_time",5,7.97792,3.32427,ms,,,,,,1.92586e+06,3451.2,1.05917e+08,21219.5,9.74246e+07,1.25e+07,10,2.87182e+06,9.47486e+08,7.97793,0,0.0349341,3.29196e+08,0,1.25e+07,2.67429e+08
"Bloom_Sectorized128_Nonpart_AVX512_2/MTCount/550/48/1/10000000/100000000/10/iterations:5/manual_time",5,8.54153,3.29331,ms,,,,,,1.0113e+07,4055.42,1.08822e+08,22207.1,9.71373e+07,1.375e+07,11,3.28856e+06,1.03071e+09,8.54153,0,0.0295962,3.3314e+08,0,1.375e+07,2.9062e+08
"Bloom_Sectorized128_Nonpart_AVX512_2/MTCount/600/48/1/10000000/100000000/10/iterations:5/manual_time",5,8.97705,3.3002,ms,,,,,,1.72087e+07,4132.74,1.08157e+08,22496.2,9.81891e+07,1.50001e+07,12.0001,3.75617e+06,1.11512e+09,8.97705,0,0.0254355,3.26658e+08,0,1.50001e+07,3.12125e+08
"Bloom_Sectorized128_Nonpart_AVX512_2/MTCount/650/48/1/10000000/100000000/10/iterations:5/manual_time",5,9.31749,3.07464,ms,,,,,,2.34591e+07,3369.43,1.08422e+08,21471.5,9.9235e+07,1.625e+07,13,4.19144e+06,1.19093e+09,9.31749,0,0.0220745,3.22166e+08,0,1.625e+07,3.34022e+08
"Bloom_Sectorized128_Nonpart_AVX512_2/MTCount/700/48/1/10000000/100000000/10/iterations:5/manual_time",5,10.1427,3.08154,ms,,,,,,2.87591e+07,5221.01,1.11181e+08,21043.3,9.76631e+07,1.75e+07,14,4.56469e+06,1.30271e+09,10.1427,0,0.0194031,3.24183e+08,0,1.75e+07,3.63734e+08
"Bloom_Sectorized128_Nonpart_AVX512_2/MTCount/750/48/1/10000000/100000000/10/iterations:5/manual_time",5,10.8917,3.03151,ms,,,,,,3.35282e+07,6070.39,1.10529e+08,20336,9.86633e+07,1.875e+07,15,5.0075e+06,1.4224e+09,10.8917,0,0.0171675,3.19668e+08,0,1.875e+07,3.93399e+08
"Bloom_Sectorized128_Nonpart_AVX512_2/MTCount/800/48/1/10000000/100000000/10/iterations:5/manual_time",5,11.7113,3.10249,ms,,,,,,3.7675e+07,6832.7,1.11118e+08,20192.4,9.86856e+07,2.00001e+07,16.0001,5.38032e+06,1.55407e+09,11.7113,0,0.0153095,3.18122e+08,0,2.00001e+07,4.26196e+08
"Bloom_Sectorized128_Nonpart_AVX512_2/MTCount/850/48/1/10000000/100000000/10/iterations:5/manual_time",5,11.9513,3.36088,ms,,,,,,4.21115e+07,7798.19,1.11713e+08,20235.3,9.88459e+07,2.125e+07,17,5.71066e+06,1.659e+09,11.9513,0,0.0137624,3.16758e+08,0,2.125e+07,4.54464e+08
"Bloom_Sectorized128_Nonpart_AVX512_2/MTCount/900/48/1/10000000/100000000/10/iterations:5/manual_time",5,12.5843,3.36367,ms,,,,,,4.53482e+07,8292.11,1.12238e+08,19139.9,9.85995e+07,2.25e+07,18,6.01933e+06,1.77441e+09,12.5843,0,0.0124509,3.15004e+08,0,2.25e+07,4.8313e+08
"Bloom_Sectorized128_Nonpart_AVX512_2/MTCount/950/48/1/10000000/100000000/10/iterations:5/manual_time",5,13.2454,3.36395,ms,,,,,,4.82268e+07,8472.45,1.12445e+08,18265,9.88495e+07,2.375e+07,19,6.25091e+06,1.8871e+09,13.2454,0,0.0113071,3.13445e+08,0,2.375e+07,5.12418e+08
"Bloom_Sectorized128_Nonpart_AVX512_2/MTCount/1000/48/1/10000000/100000000/10/iterations:5/manual_time",5,13.6815,3.32074,ms,,,,,,5.07295e+07,7790.26,1.12319e+08,18307.7,9.93932e+07,2.50001e+07,20.0001,6.39645e+06,1.97774e+09,13.6815,0,0.0103314,3.11154e+08,0,2.50001e+07,5.36627e+08
"Bloom_Sectorized128_Nonpart_AVX512_2/MTCount/1050/48/1/10000000/100000000/10/iterations:5/manual_time",5,14.1732,3.11996,ms,,,,,,5.29666e+07,7473.83,1.12438e+08,18210,9.93882e+07,2.625e+07,21,6.52284e+06,2.0574e+09,14.1732,0,0.00947084,3.09308e+08,0,2.625e+07,5.57752e+08
"Bloom_Sectorized128_Nonpart_AVX512_2/MTCount/1100/48/1/10000000/100000000/10/iterations:5/manual_time",5,14.4053,3.31307,ms,,,,,,5.49714e+07,7696.57,1.12565e+08,18186.6,9.95264e+07,2.75e+07,22,6.58786e+06,2.12519e+09,14.4053,0,0.00873052,3.07607e+08,0,2.75e+07,5.75737e+08
"Bloom_Sectorized128_Nonpart_AVX512_2/MTCount/1150/48/1/10000000/100000000/10/iterations:5/manual_time",5,14.692,3.37752,ms,,,,,,5.67129e+07,6698.86,1.12902e+08,18633,9.92979e+07,2.875e+07,23,6.58628e+06,2.19579e+09,14.692,0,0.00807068,3.05118e+08,0,2.875e+07,5.94258e+08
"Bloom_Sectorized128_Nonpart_AVX512_2/MTCount/1200/48/1/10000000/100000000/10/iterations:5/manual_time",5,14.9697,3.38545,ms,,,,,,5.85826e+07,6785.65,1.12672e+08,19061.4,9.96782e+07,3.00001e+07,24.0001,6.57321e+06,2.23978e+09,14.9697,0,0.00748127,3.03592e+08,0,3.00001e+07,6.05264e+08
"Bloom_Sectorized128_Nonpart_AVX512_2/MTCount/1250/48/1/10000000/100000000/10/iterations:5/manual_time",5,15.4759,3.32922,ms,,,,,,6.01327e+07,6237.72,1.12633e+08,19081.1,9.98241e+07,3.125e+07,25,6.5346e+06,2.27356e+09,15.4759,0,0.00696467,3.02257e+08,0,3.125e+07,6.13583e+08
"Bloom_Sectorized128_Nonpart_AVX512_2/MTCount/1300/48/1/10000000/100000000/10/iterations:5/manual_time",5,15.5618,3.41084,ms,,,,,,6.15887e+07,5598.59,1.12458e+08,20556.6,1.00022e+08,3.25e+07,26,6.46048e+06,2.32271e+09,15.5618,0,0.00651578,2.99998e+08,0,3.25e+07,6.26568e+08
"Bloom_Sectorized128_Nonpart_AVX512_2/MTCount/200/48/1/17782794/100000000/10/iterations:5/manual_time",5,6.30213,2.63754,ms,,,,,,593727,4082.62,1.03452e+08,16916.7,9.44162e+07,8.89146e+06,4.00003,366209,7.0335e+08,6.30213,0,0.157718,3.38438e+08,0,8.89146e+06,2.03735e+08
"Bloom_Sectorized128_Nonpart_AVX512_2/MTCount/250/48/1/17782794/100000000/10/iterations:5/manual_time",5,6.62586,3.4002,ms,,,,,,1.39005e+06,4411.38,1.04414e+08,14253.7,9.70923e+07,1.11143e+07,5.00003,696109,7.5098e+08,6.62586,0,0.11147,3.32629e+08,0,1.11143e+07,2.1555e+08
"Bloom_Sectorized128_Nonpart_AVX512_2/MTCount/300/48/1/17782794/100000000/10/iterations:5/manual_time",5,7.25355,3.25309,ms,,,,,,7.26975e+06,3315.69,1.03607e+08,17432.8,1.00337e+08,1.33372e+07,6.00003,1.07684e+06,8.36351e+08,7.25355,0,0.0830413,3.2947e+08,0,1.33372e+07,2.37445e+08
"Bloom_Sectorized128_Nonpart_AVX512_2/MTCount/350/48/1/17782794/100000000/10/iterations:5/manual_time",5,8.28533,3.15769,ms,,,,,,1.99448e+07,3823.55,1.09847e+08,21638.2,9.71373e+07,1.556e+07,7.00002,1.47561e+06,9.60574e+08,8.28533,0,0.0642748,3.50359e+08,0,1.556e+07,2.70073e+08
"Bloom_Sectorized128_Nonpart_AVX512_2/MTCount/400/48/1/17782794/100000000/10/iterations:5/manual_time",5,8.97459,3.09277,ms,,,,,,2.96768e+07,3775.64,1.07899e+08,21724.5,9.91915e+07,1.77828e+07,8.00002,1.91912e+06,1.13546e+09,8.97459,0,0.0512595,3.42481e+08,0,1.77828e+07,3.1508e+08
"Bloom_Sectorized128_Nonpart_AVX512_2/MTCount/450/48/1/17782794/100000000/10/iterations:5/manual_time",5,10.2013,2.90671,ms,,,,,,3.74109e+07,4645.48,1.0975e+08,21275.6,9.9938e+07,2.00057e+07,9.00002,2.36135e+06,1.34788e+09,10.2013,0,0.0419543,3.38588e+08,0,2.00057e+07,3.69854e+08
"Bloom_Sectorized128_Nonpart_AVX512_2/MTCount/500/48/1/17782794/100000000/10/iterations:5/manual_time",5,11.4552,3.09624,ms,,,,,,4.42347e+07,6596.9,1.11273e+08,20048.7,9.94711e+07,2.22285e+07,10,2.8347e+06,1.60005e+09,11.4552,0,0.0349463,3.3828e+08,0,2.22285e+07,4.33136e+08
"Bloom_Sectorized128_Nonpart_AVX512_2/MTCount/550/48/1/17782794/100000000/10/iterations:5/manual_time",5,13.1635,3.27372,ms,,,,,,4.95428e+07,7161.05,1.12509e+08,17890.3,9.87682e+07,2.44514e+07,11,3.3487e+06,1.87845e+09,13.1635,0,0.0296117,3.36447e+08,0,2.44514e+07,5.03641e+08
"Bloom_Sectorized128_Nonpart_AVX512_2/MTCount/600/48/1/17782794/100000000/10/iterations:5/manual_time",5,13.7296,3.01123,ms,,,,,,5.35669e+07,6448.3,1.12162e+08,17478.2,9.90629e+07,2.66742e+07,12,3.74693e+06,2.06548e+09,13.7296,0,0.0254453,3.34515e+08,0,2.66742e+07,5.52269e+08
"Bloom_Sectorized128_Nonpart_AVX512_2/MTCount/650/48/1/17782794/100000000/10/iterations:5/manual_time",5,15.2485,3.06458,ms,,,,,,5.68547e+07,4949.4,1.11976e+08,18486.3,9.94173e+07,2.88971e+07,13,4.17295e+06,2.27888e+09,15.2485,0,0.022128,3.30631e+08,0,2.88971e+07,6.07633e+08
"Bloom_Sectorized128_Nonpart_AVX512_2/MTCount/700/48/1/17782794/100000000/10/iterations:5/manual_time",5,16.2431,3.19132,ms,,,,,,5.99325e+07,4333.17,1.1228e+08,19779.5,9.95916e+07,3.11199e+07,14,4.58526e+06,2.42781e+09,16.2431,0,0.0194099,3.29589e+08,0,3.11199e+07,6.46244e+08
"Bloom_Sectorized128_Nonpart_AVX512_2/MTCount/750/48/1/17782794/100000000/10/iterations:5/manual_time",5,16.7382,3.21767,ms,,,,,,6.25836e+07,3632.82,1.12361e+08,22596.5,1.0002e+08,3.33428e+07,15,4.98494e+06,2.57664e+09,16.7382,0,0.01718,3.27053e+08,0,3.33428e+07,6.85959e+08
"Bloom_Sectorized128_Nonpart_AVX512_2/MTCount/800/48/1/17782794/100000000/10/iterations:5/manual_time",5,17.124,3.02417,ms,,,,,,6.49185e+07,3145.11,1.12512e+08,23800.6,1.00209e+08,3.55656e+07,16,5.34917e+06,2.67759e+09,17.124,0,0.0153164,3.23923e+08,0,3.55656e+07,7.13564e+08
"Bloom_Sectorized128_Nonpart_AVX512_2/MTCount/850/48/1/17782794/100000000/10/iterations:5/manual_time",5,18.0742,2.98333,ms,,,,,,6.73978e+07,6476.81,1.1276e+08,24907,1.00058e+08,3.77885e+07,17,5.66526e+06,2.78024e+09,18.0742,0,0.0137892,3.21602e+08,0,3.77885e+07,7.3992e+08
"Bloom_Sectorized128_Nonpart_AVX512_2/MTCount/900/48/1/17782794/100000000/10/iterations:5/manual_time",5,18.9013,3.16269,ms,,,,,,6.91304e+07,7591.45,1.13107e+08,22893.8,1.00118e+08,4.00113e+07,18,5.94671e+06,2.86012e+09,18.9013,0,0.0124583,3.16864e+08,0,4.00113e+07,7.61894e+08
"Bloom_Sectorized128_Nonpart_AVX512_2/MTCount/950/48/1/17782794/100000000/10/iterations:5/manual_time",5,18.7466,3.27899,ms,,,,,,7.08976e+07,8010.19,1.13198e+08,23353.2,1.00474e+08,4.22342e+07,19,6.16922e+06,2.94308e+09,18.7466,0,0.0113227,3.15489e+08,0,4.22342e+07,7.84582e+08
"Bloom_Sectorized128_Nonpart_AVX512_2/MTCount/1000/48/1/17782794/100000000/10/iterations:5/manual_time",5,18.9394,3.16274,ms,,,,,,7.24255e+07,9317.46,1.13257e+08,23154,1.00654e+08,4.4457e+07,20,6.3291e+06,2.95611e+09,18.9394,0,0.0103419,3.11938e+08,0,4.4457e+07,7.89243e+08
"Bloom_Sectorized128_Nonpart_AVX512_2/MTCount/1050/48/1/17782794/100000000/10/iterations:5/manual_time",5,19.0636,3.17672,ms,,,,,,7.38726e+07,9149.56,1.13244e+08,23520.4,1.01077e+08,4.66799e+07,21,6.44559e+06,3.00328e+09,19.0636,0,0.00948462,3.11298e+08,0,4.66799e+07,8.04163e+08
"Bloom_Sectorized128_Nonpart_AVX512_2/MTCount/1100/48/1/17782794/100000000/10/iterations:5/manual_time",5,19.3679,3.10605,ms,,,,,,7.49195e+07,8225.37,1.13375e+08,22900,1.01685e+08,4.89027e+07,22,6.50068e+06,3.06749e+09,19.3679,0,0.00874718,3.0941e+08,0,4.89027e+07,8.2147e+08
"Bloom_Sectorized128_Nonpart_AVX512_2/MTCount/1150/48/1/17782794/100000000/10/iterations:5/manual_time",5,19.6003,3.14477,ms,,,,,,7.62023e+07,8011.89,1.13374e+08,23048.1,1.01708e+08,5.11256e+07,23,6.51397e+06,3.09461e+09,19.6003,0,0.00807973,3.07928e+08,0,5.11256e+07,8.30773e+08
"Bloom_Sectorized128_Nonpart_AVX512_2/MTCount/1200/48/1/17782794/100000000/10/iterations:5/manual_time",5,19.961,3.39921,ms,,,,,,7.71437e+07,8692.25,1.1367e+08,22026.5,1.01771e+08,5.33484e+07,24,6.55388e+06,3.16268e+09,19.961,0,0.00750713,3.04042e+08,0,5.33484e+07,8.47763e+08
"Bloom_Sectorized128_Nonpart_AVX512_2/MTCount/1250/48/1/17782794/100000000/10/iterations:5/manual_time",5,20.2279,3.4511,ms,,,,,,7.80811e+07,9645.02,1.13731e+08,22688.3,1.01882e+08,5.55713e+07,25,6.50472e+06,3.18866e+09,20.2279,0,0.00697488,3.01078e+08,0,5.55713e+07,8.55129e+08
"Bloom_Sectorized128_Nonpart_AVX512_2/MTCount/1300/48/1/17782794/100000000/10/iterations:5/manual_time",5,20.3052,3.42697,ms,,,,,,7.88934e+07,9091.41,1.13778e+08,23633.5,1.02116e+08,5.77941e+07,26,6.42672e+06,3.21888e+09,20.3052,0,0.00652325,3.00927e+08,0,5.77941e+07,8.63761e+08
"Bloom_Sectorized128_Nonpart_AVX512_2/MTCount/200/48/1/31622777/100000000/10/iterations:5/manual_time",5,7.35014,3.27186,ms,,,,,,2.11803e+07,3356.97,1.03698e+08,20497.4,9.91249e+07,1.58114e+07,4,393965,8.86357e+08,7.35014,0,0.157765,3.50682e+08,0,1.58114e+07,2.48649e+08
"Bloom_Sectorized128_Nonpart_AVX512_2/MTCount/250/48/1/31622777/100000000/10/iterations:5/manual_time",5,9.25251,3.0345,ms,,,,,,3.624e+07,4345.67,1.09446e+08,21515.4,9.89432e+07,1.97643e+07,5.00001,658400,1.20663e+09,9.25251,0,0.111512,3.57498e+08,0,1.97643e+07,3.30481e+08
"Bloom_Sectorized128_Nonpart_AVX512_2/MTCount/300/48/1/31622777/100000000/10/iterations:5/manual_time",5,11.5992,2.84053,ms,,,,,,4.7819e+07,6424.9,1.11494e+08,20144,9.95297e+07,2.37171e+07,6.00001,1.06382e+06,1.63412e+09,11.5992,0,0.0830526,3.56039e+08,0,2.37171e+07,4.38641e+08
"Bloom_Sectorized128_Nonpart_AVX512_2/MTCount/350/48/1/31622777/100000000/10/iterations:5/manual_time",5,13.3936,3.01852,ms,,,,,,5.53161e+07,6340.28,1.12394e+08,17180.1,9.90511e+07,2.767e+07,7.00001,1.53345e+06,2.02522e+09,13.3936,0,0.0643091,3.5466e+08,0,2.767e+07,5.38478e+08
"Bloom_Sectorized128_Nonpart_AVX512_2/MTCount/400/48/1/31622777/100000000/10/iterations:5/manual_time",5,15.7529,3.02225,ms,,,,,,6.05571e+07,4358.68,1.12098e+08,19009.6,9.95451e+07,3.16228e+07,8,1.97903e+06,2.34908e+09,15.7529,0,0.051323,3.5011e+08,0,3.16228e+07,6.24363e+08
"Bloom_Sectorized128_Nonpart_AVX512_2/MTCount/450/48/1/31622777/100000000/10/iterations:5/manual_time",5,16.9707,3.29625,ms,,,,,,6.49421e+07,3846.64,1.12522e+08,22555,9.97529e+07,3.55757e+07,9.00001,2.42172e+06,2.5948e+09,16.9707,0,0.0419408,3.47978e+08,0,3.55757e+07,6.89334e+08
"Bloom_Sectorized128_Nonpart_AVX512_2/MTCount/500/48/1/31622777/100000000/10/iterations:5/manual_time",5,17.8275,3.36876,ms,,,,,,6.86829e+07,4182.38,1.12718e+08,22910.8,1.00082e+08,3.95285e+07,10,2.84292e+06,2.79806e+09,17.8275,0,0.0349542,3.45074e+08,0,3.95285e+07,7.43227e+08
"Bloom_Sectorized128_Nonpart_AVX512_2/MTCount/550/48/1/31622777/100000000/10/iterations:5/manual_time",5,19.2478,3.2948,ms,,,,,,7.17899e+07,7807.73,1.13062e+08,22275,1.00137e+08,4.34813e+07,11,3.28044e+06,2.9797e+09,19.2478,0,0.0296454,3.39189e+08,0,4.34813e+07,7.90986e+08
"Bloom_Sectorized128_Nonpart_AVX512_2/MTCount/600/48/1/31622777/100000000/10/iterations:5/manual_time",5,19.649,3.32014,ms,,,,,,7.4178e+07,8298.12,1.13266e+08,22359.1,1.00604e+08,4.74342e+07,12,3.72235e+06,3.14507e+09,19.649,0,0.0254213,3.3488e+08,0,4.74342e+07,8.34337e+08
"Bloom_Sectorized128_Nonpart_AVX512_2/MTCount/650/48/1/31622777/100000000/10/iterations:5/manual_time",5,20.9539,3.34108,ms,,,,,,7.63306e+07,7798.71,1.13331e+08,21586.4,1.01192e+08,5.13871e+07,13,4.17695e+06,3.28622e+09,20.9539,0,0.0221076,3.3156e+08,0,5.13871e+07,8.71948e+08
"Bloom_Sectorized128_Nonpart_AVX512_2/MTCount/700/48/1/31622777/100000000/10/iterations:5/manual_time",5,20.9711,3.14679,ms,,,,,,7.7951e+07,6674.71,1.13371e+08,22312.7,1.0156e+08,5.53399e+07,14,4.58253e+06,3.42485e+09,20.9711,0,0.0194088,3.30224e+08,0,5.53399e+07,9.08731e+08
"Bloom_Sectorized128_Nonpart_AVX512_2/MTCount/750/48/1/31622777/100000000/10/iterations:5/manual_time",5,21.8428,3.33706,ms,,,,,,7.94584e+07,7080.41,1.13595e+08,21748.5,1.01814e+08,5.92927e+07,15,5.02371e+06,3.52976e+09,21.8428,0,0.0171837,3.27376e+08,0,5.92927e+07,9.36641e+08
"Bloom_Sectorized128_Nonpart_AVX512_2/MTCount/800/48/1/31622777/100000000/10/iterations:5/manual_time",5,22.3783,3.33126,ms,,,,,,8.08666e+07,7627.04,1.1363e+08,21394.5,1.02097e+08,6.32456e+07,16,5.38224e+06,3.59497e+09,22.3783,0,0.0153492,3.23671e+08,0,6.32456e+07,9.54028e+08
"Bloom_Sectorized128_Nonpart_AVX512_2/MTCount/850/48/1/31622777/100000000/10/iterations:5/manual_time",5,23.2566,3.1494,ms,,,,,,8.20639e+07,7700.62,1.13451e+08,21462.2,1.0259e+08,6.71985e+07,17,5.72044e+06,3.65396e+09,23.2566,0,0.0137825,3.20405e+08,0,6.71985e+07,9.70438e+08
"Bloom_Sectorized128_Nonpart_AVX512_2/MTCount/900/48/1/31622777/100000000/10/iterations:5/manual_time",5,23.6225,3.25811,ms,,,,,,8.30405e+07,8841.52,1.13649e+08,21237.1,1.02731e+08,7.11513e+07,18,5.97896e+06,3.72025e+09,23.6225,0,0.0124659,3.19386e+08,0,7.11513e+07,9.89432e+08
"Bloom_Sectorized128_Nonpart_AVX512_2/MTCount/950/48/1/31622777/100000000/10/iterations:5/manual_time",5,23.111,3.09351,ms,,,,,,8.3947e+07,8679.41,1.13725e+08,21093.6,1.03229e+08,7.51041e+07,19,6.22285e+06,3.77411e+09,23.111,0,0.0113333,3.1755e+08,0,7.51041e+07,1.00512e+09
"Bloom_Sectorized128_Nonpart_AVX512_2/MTCount/1000/48/1/31622777/100000000/10/iterations:5/manual_time",5,23.8411,3.33567,ms,,,,,,8.46828e+07,8667.08,1.13747e+08,20184.7,1.03749e+08,7.9057e+07,20,6.41424e+06,3.80395e+09,23.8411,0,0.0103483,3.12934e+08,0,7.9057e+07,1.01455e+09
"Bloom_Sectorized128_Nonpart_AVX512_2/MTCount/1050/48/1/31622777/100000000/10/iterations:5/manual_time",5,23.5497,3.48255,ms,,,,,,8.54235e+07,8892.24,1.13856e+08,20362.9,1.04148e+08,8.30098e+07,21,6.53174e+06,3.8127e+09,23.5497,0,0.0094879,3.11918e+08,0,8.30098e+07,1.019e+09
"Bloom_Sectorized128_Nonpart_AVX512_2/MTCount/1100/48/1/31622777/100000000/10/iterations:5/manual_time",5,23.5874,3.51045,ms,,,,,,8.60923e+07,8865.71,1.13874e+08,21214.1,1.04653e+08,8.69627e+07,22,6.59627e+06,3.81799e+09,23.5874,0,0.00873202,3.10614e+08,0,8.69627e+07,1.02164e+09
"Bloom_Sectorized128_Nonpart_AVX512_2/MTCount/1150/48/1/31622777/100000000/10/iterations:5/manual_time",5,24.0289,3.35655,ms,,,,,,8.66457e+07,8405.56,1.13672e+08,20625.7,1.05257e+08,9.09155e+07,23,6.61724e+06,3.83329e+09,24.0289,0,0.00808821,3.08722e+08,0,9.09155e+07,1.02642e+09
"Bloom_Sectorized128_Nonpart_AVX512_2/MTCount/1200/48/1/31622777/100000000/10/iterations:5/manual_time",5,23.8505,3.51316,ms,,,,,,8.72412e+07,8635.25,1.13583e+08,20215.1,1.05892e+08,9.48684e+07,24,6.60775e+06,3.84967e+09,23.8505,0,0.00749606,3.06051e+08,0,9.48684e+07,1.03177e+09
"Bloom_Sectorized128_Nonpart_AVX512_2/MTCount/1250/48/1/31622777/100000000/10/iterations:5/manual_time",5,23.9896,3.3451,ms,,,,,,8.76737e+07,7572.74,1.13625e+08,22991.1,1.06421e+08,9.88212e+07,25,6.56626e+06,3.85875e+09,23.9896,0,0.00698972,3.05094e+08,0,9.88212e+07,1.03499e+09
"Bloom_Sectorized128_Nonpart_AVX512_2/MTCount/1300/48/1/31622777/100000000/10/iterations:5/manual_time",5,24.3487,3.43582,ms,,,,,,8.83159e+07,8824.18,1.13813e+08,21690.3,1.06771e+08,1.02774e+08,26,6.49004e+06,3.83061e+09,24.3487,0,0.00651679,3.02406e+08,0,1.02774e+08,1.02798e+09
"Bloom_Sectorized128_Nonpart_AVX512_2/MTCount/200/48/1/56234133/100000000/10/iterations:5/manual_time",5,13.7326,3.25598,ms,,,,,,5.58972e+07,6926.1,1.12731e+08,15853.1,9.87307e+07,2.81171e+07,4.00001,499315,2.01515e+09,13.7326,0,0.157714,3.63646e+08,0,2.81171e+07,5.35623e+08
"Bloom_Sectorized128_Nonpart_AVX512_2/MTCount/250/48/1/56234133/100000000/10/iterations:5/manual_time",5,16.3981,3.29152,ms,,,,,,6.44443e+07,3966.25,1.12477e+08,20776.5,9.97038e+07,3.51464e+07,5,782040,2.48569e+09,16.3981,0,0.111517,3.63041e+08,0,3.51464e+07,6.60244e+08
"Bloom_Sectorized128_Nonpart_AVX512_2/MTCount/300/48/1/56234133/100000000/10/iterations:5/manual_time",5,17.9767,3.08522,ms,,,,,,7.09805e+07,5775.02,1.12891e+08,23884.4,1.00081e+08,4.21756e+07,6,1.10062e+06,2.84462e+09,17.9767,0,0.0830648,3.6042e+08,0,4.21756e+07,7.55085e+08
"Bloom_Sectorized128_Nonpart_AVX512_2/MTCount/350/48/1/56234133/100000000/10/iterations:5/manual_time",5,19.3486,3.08088,ms,,,,,,7.52819e+07,8490.16,1.13336e+08,22646.5,1.00685e+08,4.92049e+07,7.00001,1.51026e+06,3.12825e+09,19.3486,0,0.0643089,3.55918e+08,0,4.92049e+07,8.29996e+08
"Bloom_Sectorized128_Nonpart_AVX512_2/MTCount/400/48/1/56234133/100000000/10/iterations:5/manual_time",5,21.0976,3.15292,ms,,,,,,7.83566e+07,7299.32,1.13474e+08,22953.5,1.01311e+08,5.62342e+07,8.00001,2.02171e+06,3.39246e+09,21.0976,0,0.0513145,3.53554e+08,0,5.62342e+07,8.99866e+08
"Bloom_Sectorized128_Nonpart_AVX512_2/MTCount/450/48/1/56234133/100000000/10/iterations:5/manual_time",5,22.0861,3.34134,ms,,,,,,8.08142e+07,7765.51,1.13629e+08,21417.9,1.01786e+08,6.32634e+07,9,2.47743e+06,3.57442e+09,22.0861,0,0.041943,3.48134e+08,0,6.32634e+07,9.47904e+08
"Bloom_Sectorized128_Nonpart_AVX512_2/MTCount/500/48/1/56234133/100000000/10/iterations:5/manual_time",5,23.4043,3.37386,ms,,,,,,8.27857e+07,7316.7,1.13615e+08,20093.8,1.02164e+08,7.02927e+07,10,2.92715e+06,3.73181e+09,23.4043,0,0.0349564,3.44353e+08,0,7.02927e+07,9.89693e+08
"Bloom_Sectorized128_Nonpart_AVX512_2/MTCount/550/48/1/56234133/100000000/10/iterations:5/manual_time",5,23.9792,3.14731,ms,,,,,,8.43741e+07,6946.75,1.1358e+08,20127.6,1.03179e+08,7.7322e+07,11,3.37797e+06,3.83757e+09,23.9792,0,0.0296164,3.41605e+08,0,7.7322e+07,1.01762e+09
"Bloom_Sectorized128_Nonpart_AVX512_2/MTCount/600/48/1/56234133/100000000/10/iterations:5/manual_time",5,24.1977,3.35155,ms,,,,,,8.5608e+07,6324.4,1.13468e+08,19589,1.0397e+08,8.43512e+07,12,3.80191e+06,3.97099e+09,24.1977,0,0.0254491,3.39992e+08,0,8.43512e+07,1.05298e+09
"Bloom_Sectorized128_Nonpart_AVX512_2/MTCount/650/48/1/56234133/100000000/10/iterations:5/manual_time",5,24.6523,3.40037,ms,,,,,,8.66519e+07,4852.01,1.13484e+08,20951.8,1.04816e+08,9.13805e+07,13,4.25843e+06,4.05096e+09,24.6523,0,0.0221223,3.35594e+08,0,9.13805e+07,1.07423e+09
"Bloom_Sectorized128_Nonpart_AVX512_2/MTCount/700/48/1/56234133/100000000/10/iterations:5/manual_time",5,25.537,3.42545,ms,,,,,,8.76675e+07,5683.93,1.13603e+08,21697.1,1.05729e+08,9.84098e+07,14,4.65462e+06,4.09737e+09,25.537,0,0.0194238,3.33626e+08,0,9.84098e+07,1.08638e+09
"Bloom_Sectorized128_Nonpart_AVX512_2/MTCount/750/48/1/56234133/100000000/10/iterations:5/manual_time",5,25.241,3.07348,ms,,,,,,8.85152e+07,5118.95,1.13508e+08,21640.1,1.0685e+08,1.05439e+08,15,5.05995e+06,4.15631e+09,25.241,0,0.017193,3.31683e+08,0,1.05439e+08,1.10277e+09
"Bloom_Sectorized128_Nonpart_AVX512_2/MTCount/800/48/1/56234133/100000000/10/iterations:5/manual_time",5,25.9658,3.01866,ms,,,,,,8.906e+07,4061.28,1.13607e+08,23917.5,1.07912e+08,1.12468e+08,16,5.41088e+06,4.18374e+09,25.9658,0,0.0153424,3.27349e+08,0,1.12468e+08,1.11117e+09
"Bloom_Sectorized128_Nonpart_AVX512_2/MTCount/850/48/1/56234133/100000000/10/iterations:5/manual_time",5,25.7521,3.17613,ms,,,,,,8.98664e+07,5825.36,1.13733e+08,24301.9,1.0911e+08,1.19498e+08,17,5.75189e+06,4.22831e+09,25.7521,0,0.0137865,3.25335e+08,0,1.19498e+08,1.12437e+09
"Bloom_Sectorized128_Nonpart_AVX512_2/MTCount/900/48/1/56234133/100000000/10/iterations:5/manual_time",5,25.5591,3.12744,ms,,,,,,9.02935e+07,6773.17,1.13797e+08,23923.2,1.09806e+08,1.26527e+08,18,6.02415e+06,4.25359e+09,25.5591,0,0.0124632,3.23643e+08,0,1.26527e+08,1.13282e+09
"Bloom_Sectorized128_Nonpart_AVX512_2/MTCount/950/48/1/56234133/100000000/10/iterations:5/manual_time",5,25.9188,3.18872,ms,,,,,,9.08325e+07,6890.81,1.13624e+08,23388.7,1.11108e+08,1.33556e+08,19,6.26134e+06,4.26108e+09,25.9188,0,0.0113254,3.20692e+08,0,1.33556e+08,1.13707e+09
"Bloom_Sectorized128_Nonpart_AVX512_2/MTCount/1000/48/1/56234133/100000000/10/iterations:5/manual_time",5,25.9465,3.44852,ms,,,,,,9.1285e+07,7523.46,1.13733e+08,22729.7,1.12785e+08,1.40585e+08,20,6.43414e+06,4.25709e+09,25.9465,0,0.0103342,3.18325e+08,0,1.40585e+08,1.13846e+09
"Bloom_Sectorized128_Nonpart_AVX512_2/MTCount/1050/48/1/56234133/100000000/10/iterations:5/manual_time",5,26.5035,3.21935,ms,,,,,,9.17683e+07,6880.29,1.14012e+08,23670,1.13203e+08,1.47615e+08,21,6.51966e+06,4.22253e+09,26.5035,0,0.00948025,3.14505e+08,0,1.47615e+08,1.13048e+09
"Bloom_Sectorized128_Nonpart_AVX512_2/MTCount/1100/48/1/56234133/100000000/10/iterations:5/manual_time",5,26.1457,3.46862,ms,,,,,,9.21118e+07,7760.33,1.13821e+08,23037.3,1.14281e+08,1.54644e+08,22,6.61873e+06,4.23274e+09,26.1457,0,0.00874437,3.12722e+08,0,1.54644e+08,1.13487e+09
"Bloom_Sectorized128_Nonpart_AVX512_2/MTCount/1150/48/1/56234133/100000000/10/iterations:5/manual_time",5,25.9251,3.50272,ms,,,,,,9.24536e+07,7910.88,1.13951e+08,23305.8,1.15136e+08,1.61673e+08,23,6.63277e+06,4.21814e+09,25.9251,0,0.00807697,3.10559e+08,0,1.61673e+08,1.13354e+09
"Bloom_Sectorized128_Nonpart_AVX512_2/MTCount/1200/48/1/56234133/100000000/10/iterations:5/manual_time",5,25.6879,3.27289,ms,,,,,,9.27419e+07,8674.85,1.13923e+08,23286.7,1.16834e+08,1.68702e+08,24,6.6373e+06,4.22475e+09,25.6879,0,0.0074988,3.10862e+08,0,1.68702e+08,1.13663e+09
"Bloom_Sectorized128_Nonpart_AVX512_2/MTCount/1250/48/1/56234133/100000000/10/iterations:5/manual_time",5,25.6445,3.2822,ms,,,,,,9.30553e+07,8729.73,1.13983e+08,22854.9,1.17639e+08,1.75732e+08,25,6.57001e+06,4.21126e+09,25.6445,0,0.00698733,3.07524e+08,0,1.75732e+08,1.13412e+09
"Bloom_Sectorized128_Nonpart_AVX512_2/MTCount/1300/48/1/56234133/100000000/10/iterations:5/manual_time",5,25.8159,3.25258,ms,,,,,,9.33755e+07,8398.54,1.13855e+08,22408,1.18577e+08,1.82761e+08,26,6.50577e+06,4.20859e+09,25.8159,0,0.00652421,3.06791e+08,0,1.82761e+08,1.13427e+09
"Bloom_Sectorized128_Nonpart_AVX512_2/MTCount/200/48/1/100000000/100000000/10/iterations:5/manual_time",5,19.5842,3.26686,ms,,,,,,7.55284e+07,7691.76,1.13355e+08,20761.8,1.00905e+08,5.00001e+07,4.00001,482580,3.12092e+09,19.5842,0,0.157701,3.66065e+08,0,5.00001e+07,8.28086e+08
"Bloom_Sectorized128_Nonpart_AVX512_2/MTCount/250/48/1/100000000/100000000/10/iterations:5/manual_time",5,21.6095,3.33733,ms,,,,,,8.05241e+07,7122.12,1.13588e+08,22069.9,1.01715e+08,6.25e+07,5,807516,3.50734e+09,21.6095,0,0.1115,3.65572e+08,0,6.25e+07,9.30273e+08
"Bloom_Sectorized128_Nonpart_AVX512_2/MTCount/300/48/1/100000000/100000000/10/iterations:5/manual_time",5,23.1646,3.40257,ms,,,,,,8.3918e+07,7821.88,1.13594e+08,19381.9,1.02679e+08,7.50001e+07,6.00001,1.21114e+06,3.77313e+09,23.1646,0,0.0830092,3.60632e+08,0,7.50001e+07,1.00061e+09
"Bloom_Sectorized128_Nonpart_AVX512_2/MTCount/350/48/1/100000000/100000000/10/iterations:5/manual_time",5,24.022,3.41475,ms,,,,,,8.61029e+07,6121.45,1.13614e+08,19494.7,1.04013e+08,8.75e+07,7,1.6689e+06,3.94396e+09,24.022,0,0.0643327,3.57147e+08,0,8.75e+07,1.04567e+09
"Bloom_Sectorized128_Nonpart_AVX512_2/MTCount/400/48/1/100000000/100000000/10/iterations:5/manual_time",5,24.884,3.45504,ms,,,,,,8.77533e+07,4910.55,1.13688e+08,21101.8,1.05511e+08,1e+08,8.00001,2.0822e+06,4.08118e+09,24.884,0,0.0513203,3.54528e+08,0,1e+08,1.08201e+09
"Bloom_Sectorized128_Nonpart_AVX512_2/MTCount/450/48/1/100000000/100000000/10/iterations:5/manual_time",5,25.925,3.40129,ms,,,,,,8.92091e+07,4457.79,1.13664e+08,22101.5,1.07652e+08,1.125e+08,9,2.52606e+06,4.1686e+09,25.925,0,0.0419312,3.50648e+08,0,1.125e+08,1.10517e+09
"Bloom_Sectorized128_Nonpart_AVX512_2/MTCount/500/48/1/100000000/100000000/10/iterations:5/manual_time",5,25.8031,3.34326,ms,,,,,,9.01284e+07,4615.49,1.1372e+08,22574.5,1.091e+08,1.25e+08,10,2.93115e+06,4.26292e+09,25.8031,0,0.0349908,3.4841e+08,0,1.25e+08,1.12999e+09
"Bloom_Sectorized128_Nonpart_AVX512_2/MTCount/550/48/1/100000000/100000000/10/iterations:5/manual_time",5,26.546,3.11078,ms,,,,,,9.11903e+07,4543.39,1.13789e+08,24196.2,1.11153e+08,1.375e+08,11,3.37589e+06,4.32724e+09,26.546,0,0.0296235,3.44049e+08,0,1.375e+08,1.1471e+09
"Bloom_Sectorized128_Nonpart_AVX512_2/MTCount/600/48/1/100000000/100000000/10/iterations:5/manual_time",5,26.9046,3.07902,ms,,,,,,9.20742e+07,5146.61,1.13848e+08,24874.7,1.12752e+08,1.5e+08,12,3.81916e+06,4.39552e+09,26.9046,0,0.0254308,3.417e+08,0,1.5e+08,1.16516e+09
"Bloom_Sectorized128_Nonpart_AVX512_2/MTCount/650/48/1/100000000/100000000/10/iterations:5/manual_time",5,27.2282,3.30187,ms,,,,,,9.26953e+07,5125.38,1.13965e+08,23813.1,1.14569e+08,1.625e+08,13,4.25003e+06,4.43515e+09,27.2282,0,0.022122,3.36013e+08,0,1.625e+08,1.17567e+09
"Bloom_Sectorized128_Nonpart_AVX512_2/MTCount/700/48/1/100000000/100000000/10/iterations:5/manual_time",5,27.1005,3.32632,ms,,,,,,9.31677e+07,5244.08,1.13927e+08,24594.6,1.16745e+08,1.75e+08,14,4.6411e+06,4.45909e+09,27.1005,0,0.0194015,3.32633e+08,0,1.75e+08,1.18262e+09
"Bloom_Sectorized128_Nonpart_AVX512_2/MTCount/750/48/1/100000000/100000000/10/iterations:5/manual_time",5,27.3695,3.13305,ms,,,,,,9.37098e+07,4769.21,1.13942e+08,24609.2,1.18381e+08,1.875e+08,15,5.03015e+06,4.50185e+09,27.3695,0,0.0171944,3.2938e+08,0,1.875e+08,1.19564e+09
"Bloom_Sectorized128_Nonpart_AVX512_2/MTCount/800/48/1/100000000/100000000/10/iterations:5/manual_time",5,27.403,2.85969,ms,,,,,,9.39297e+07,3645.97,1.13589e+08,23774.1,1.21025e+08,2e+08,16,5.40848e+06,4.54335e+09,27.403,0,0.0153436,3.28377e+08,0,2e+08,1.20833e+09
"Bloom_Sectorized128_Nonpart_AVX512_2/MTCount/850/48/1/100000000/100000000/10/iterations:5/manual_time",5,27.6722,3.0752,ms,,,,,,9.43322e+07,4248.92,1.13615e+08,23883,1.24146e+08,2.125e+08,17,5.77665e+06,4.58606e+09,27.6722,0,0.0137897,3.2776e+08,0,2.125e+08,1.22167e+09
"Bloom_Sectorized128_Nonpart_AVX512_2/MTCount/900/48/1/100000000/100000000/10/iterations:5/manual_time",5,27.352,3.26459,ms,,,,,,9.47263e+07,6301.87,1.13779e+08,24293.6,1.25713e+08,2.25e+08,18,6.02318e+06,4.53034e+09,27.352,0,0.0124506,3.22275e+08,0,2.25e+08,1.2094e+09
"Bloom_Sectorized128_Nonpart_AVX512_2/MTCount/950/48/1/100000000/100000000/10/iterations:5/manual_time",5,27.3018,3.27909,ms,,,,,,9.4942e+07,5952.11,1.13749e+08,23556.3,1.28657e+08,2.375e+08,19,6.27249e+06,4.51237e+09,27.3018,0,0.0113262,3.20582e+08,0,2.375e+08,1.20766e+09
"Bloom_Sectorized128_Nonpart_AVX512_2/MTCount/1000/48/1/100000000/100000000/10/iterations:5/manual_time",5,27.2991,3.35492,ms,,,,,,9.52845e+07,6670.05,1.13915e+08,23667.6,1.30308e+08,2.5e+08,20,6.43332e+06,4.4942e+09,27.2991,0,0.0103313,3.1644e+08,0,2.5e+08,1.2049e+09
"Bloom_Sectorized128_Nonpart_AVX512_2/MTCount/1050/48/1/100000000/100000000/10/iterations:5/manual_time",5,27.4473,3.45189,ms,,,,,,9.54635e+07,6273.49,1.13893e+08,23791.1,1.32782e+08,2.625e+08,21,6.55722e+06,4.49093e+09,27.4473,0,0.00948687,3.14037e+08,0,2.625e+08,1.20629e+09
"Bloom_Sectorized128_Nonpart_AVX512_2/MTCount/1100/48/1/100000000/100000000/10/iterations:5/manual_time",5,27.2276,3.41369,ms,,,,,,9.56953e+07,7200.46,1.13953e+08,24106.8,1.34825e+08,2.75e+08,22,6.60256e+06,4.45557e+09,27.2276,0,0.00874471,3.13311e+08,0,2.75e+08,1.1994e+09
"Bloom_Sectorized128_Nonpart_AVX512_2/MTCount/1150/48/1/100000000/100000000/10/iterations:5/manual_time",5,27.5623,3.43556,ms,,,,,,9.56433e+07,6217.49,1.13892e+08,24906.4,1.36819e+08,2.875e+08,23,6.63621e+06,4.50378e+09,27.5623,0,0.00808357,3.11542e+08,0,2.875e+08,1.21328e+09
"Bloom_Sectorized128_Nonpart_AVX512_2/MTCount/1200/48/1/100000000/100000000/10/iterations:5/manual_time",5,27.0168,3.45859,ms,,,,,,9.61097e+07,6716.55,1.14123e+08,23500.2,1.3876e+08,3e+08,24,6.63125e+06,4.3933e+09,27.0168,0,0.00749703,3.0752e+08,0,3e+08,1.18621e+09
"Bloom_Sectorized128_Nonpart_AVX512_2/MTCount/1250/48/1/100000000/100000000/10/iterations:5/manual_time",5,27.1262,3.40811,ms,,,,,,9.60428e+07,6233.51,1.13824e+08,24726.9,1.40842e+08,3.125e+08,25,6.57684e+06,4.41617e+09,27.1262,0,0.00699143,3.08686e+08,0,3.125e+08,1.19411e+09
"Bloom_Sectorized128_Nonpart_AVX512_2/MTCount/1300/48/1/100000000/100000000/10/iterations:5/manual_time",5,26.9233,3.52256,ms,,,,,,9.64652e+07,7012.08,1.1424e+08,23435.6,1.42442e+08,3.25e+08,26,6.52543e+06,4.36093e+09,26.9233,0,0.0065153,3.03558e+08,0,3.25e+08,1.18029e+09
"Bloom_Sectorized128_Nonpart_AVX512_4/MTCount/100/48/1/10000/100000000/10/iterations:5/manual_time",5,4.46441,3.02497,ms,,,,,,206170,4876.78,1.29285e+07,10664.4,411411,5056,4.0448,367716,4.41818e+08,4.46441,0,0.167646,4.32882e+08,0,5056,1.27677e+08
"Bloom_Sectorized128_Nonpart_AVX512_4/MTCount/125/48/1/10000/100000000/10/iterations:5/manual_time",5,4.90767,3.05793,ms,,,,,,205140,4726.66,1.28128e+07,10733.2,416498,6272,5.0176,847715,4.77425e+08,4.90767,0,0.0995389,4.27702e+08,0,6272,1.36919e+08
"Bloom_Sectorized128_Nonpart_AVX512_4/MTCount/150/48/1/10000/100000000/10/iterations:5/manual_time",5,5.13177,2.98698,ms,,,,,,205506,4512.21,1.27268e+07,10862.5,406643,7552,6.0416,1.61858e+06,5.37827e+08,5.13177,0,0.0630605,4.174e+08,0,7552,1.52762e+08
"Bloom_Sectorized128_Nonpart_AVX512_4/MTCount/175/48/1/10000/100000000/10/iterations:5/manual_time",5,5.34668,2.79354,ms,,,,,,204979,4954.05,1.29208e+07,13115.1,423849,8768,7.0144,2.53153e+06,6.06397e+08,5.34668,0,0.0414867,4.07979e+08,0,8768,1.72791e+08
"Bloom_Sectorized128_Nonpart_AVX512_4/MTCount/200/48/1/10000/100000000/10/iterations:5/manual_time",5,5.82023,2.75017,ms,,,,,,203001,4486.95,1.28378e+07,14189.8,447224,10048,8.0384,3.48791e+06,6.805e+08,5.82023,0,0.0286118,4.12363e+08,0,10048,1.93351e+08
"Bloom_Sectorized128_Nonpart_AVX512_4/MTCount/225/48/1/10000/100000000/10/iterations:5/manual_time",5,6.40512,2.73359,ms,,,,,,201928,3972.22,1.31505e+07,17025.9,467220,11264,9.0112,4.51802e+06,7.63146e+08,6.40512,0,0.02071,4.03611e+08,0,11264,2.15926e+08
"Bloom_Sectorized128_Nonpart_AVX512_4/MTCount/250/48/1/10000/100000000/10/iterations:5/manual_time",5,6.89862,2.72604,ms,,,,,,204526,3530.19,1.33412e+07,16944.6,471231,12544,10.0352,5.51455e+06,8.39342e+08,6.89862,0,0.0154421,3.87402e+08,0,12544,2.37409e+08
"Bloom_Sectorized128_Nonpart_AVX512_4/MTCount/275/48/1/10000/100000000/10/iterations:5/manual_time",5,7.3061,2.73404,ms,,,,,,204687,3495.28,1.35435e+07,17592.9,438006,13760,11.008,6.25701e+06,8.95144e+08,7.3061,0,0.0116325,3.76263e+08,0,13760,2.5304e+08
"Bloom_Sectorized128_Nonpart_AVX512_4/MTCount/300/48/1/10000/100000000/10/iterations:5/manual_time",5,7.39691,2.69315,ms,,,,,,204408,3645.4,1.39558e+07,18852.4,461368,15040,12.032,6.48535e+06,9.15461e+08,7.39691,0,0.0089751,3.74342e+08,0,15040,2.56897e+08
"Bloom_Sectorized128_Nonpart_AVX512_4/MTCount/325/48/1/10000/100000000/10/iterations:5/manual_time",5,7.31303,2.77953,ms,,,,,,204067,3684.31,1.41066e+07,18292.4,413928,16256,13.0048,6.44919e+06,9.01782e+08,7.31303,0,0.00720663,3.62268e+08,0,16256,2.53039e+08
"Bloom_Sectorized128_Nonpart_AVX512_4/MTCount/350/48/1/10000/100000000/10/iterations:5/manual_time",5,7.07765,2.95699,ms,,,,,,204936,3725.89,1.49788e+07,16626.3,444849,17536,14.0288,6.06558e+06,8.56157e+08,7.07765,0,0.00578984,3.52209e+08,0,17536,2.40186e+08
"Bloom_Sectorized128_Nonpart_AVX512_4/MTCount/375/48/1/10000/100000000/10/iterations:5/manual_time",5,6.77749,3.07321,ms,,,,,,203833,3448.43,1.56764e+07,16597.2,438799,18752,15.0016,5.58468e+06,8.18768e+08,6.77749,0,0.00464791,3.50213e+08,0,18752,2.27383e+08
"Bloom_Sectorized128_Nonpart_AVX512_4/MTCount/400/48/1/10000/100000000/10/iterations:5/manual_time",5,6.45799,3.02348,ms,,,,,,202890,3982.34,1.64347e+07,15669,396704,20032,16.0256,5.08012e+06,7.6817e+08,6.45799,0,0.00376992,3.44799e+08,0,20032,2.12953e+08
"Bloom_Sectorized128_Nonpart_AVX512_4/MTCount/425/48/1/10000/100000000/10/iterations:5/manual_time",5,6.25355,3.04467,ms,,,,,,204250,4365.84,1.75465e+07,14887,464474,21312,17.0496,4.66522e+06,7.30754e+08,6.25355,0,0.00322265,3.39525e+08,0,21312,2.02417e+08
"Bloom_Sectorized128_Nonpart_AVX512_4/MTCount/450/48/1/10000/100000000/10/iterations:5/manual_time",5,5.99119,3.07235,ms,,,,,,204339,4628.85,1.88641e+07,14527.4,543056,22528,18.0224,4.31218e+06,7.00381e+08,5.99119,0,0.00277305,3.30944e+08,0,22528,1.93879e+08
"Bloom_Sectorized128_Nonpart_AVX512_4/MTCount/475/48/1/10000/100000000/10/iterations:5/manual_time",5,5.84173,3.1296,ms,,,,,,204352,4807.48,2.02166e+07,13674.1,621630,23808,19.0464,3.92937e+06,6.7018e+08,5.84173,0,0.00231236,3.30731e+08,0,23808,1.86152e+08
"Bloom_Sectorized128_Nonpart_AVX512_4/MTCount/500/48/1/10000/100000000/10/iterations:5/manual_time",5,5.70996,3.10885,ms,,,,,,206361,4675.33,2.15784e+07,13846.8,652597,25024,20.0192,3.72199e+06,6.39641e+08,5.70996,0,0.00198337,3.17667e+08,0,25024,1.79467e+08
"Bloom_Sectorized128_Nonpart_AVX512_4/MTCount/525/48/1/10000/100000000/10/iterations:5/manual_time",5,5.59401,3.05837,ms,,,,,,206065,4549.75,2.37059e+07,12782.3,669729,26304,21.0432,3.43145e+06,6.20141e+08,5.59401,0,0.00173502,3.16844e+08,0,26304,1.73001e+08
"Bloom_Sectorized128_Nonpart_AVX512_4/MTCount/550/48/1/10000/100000000/10/iterations:5/manual_time",5,5.42479,3.14249,ms,,,,,,205361,4957.95,2.54098e+07,12707.5,727351,27520,22.016,3.16891e+06,6.12376e+08,5.42479,0,0.00148806,3.18578e+08,0,27520,1.69155e+08
"Bloom_Sectorized128_Nonpart_AVX512_4/MTCount/575/48/1/10000/100000000/10/iterations:5/manual_time",5,5.37678,3.10132,ms,,,,,,204665,5047.44,2.75596e+07,13741,811684,28800,23.04,2.95362e+06,5.97091e+08,5.37678,0,0.00130081,3.20049e+08,0,28800,1.65557e+08
"Bloom_Sectorized128_Nonpart_AVX512_4/MTCount/600/48/1/10000/100000000/10/iterations:5/manual_time",5,5.2968,3.14764,ms,,,,,,207663,4886.63,3.00774e+07,11692.3,881012,30016,24.0128,2.78338e+06,5.9277e+08,5.2968,0,0.0011663,3.13446e+08,0,30016,1.63866e+08
"Bloom_Sectorized128_Nonpart_AVX512_4/MTCount/625/48/1/10000/100000000/10/iterations:5/manual_time",5,5.31003,3.06883,ms,,,,,,206389,4900.22,3.24306e+07,12010.7,961213,31296,25.0368,2.60021e+06,5.85687e+08,5.31003,0,0.0010305,3.07509e+08,0,31296,1.62206e+08
"Bloom_Sectorized128_Nonpart_AVX512_4/MTCount/650/48/1/10000/100000000/10/iterations:5/manual_time",5,5.28022,3.07227,ms,,,,,,206221,4403.73,3.45451e+07,11835.9,1.01505e+06,32512,26.0096,2.43065e+06,5.77369e+08,5.28022,0,0.00092743,3.23443e+08,0,32512,1.60695e+08
"Bloom_Sectorized128_Nonpart_AVX512_4/MTCount/100/48/1/17783/100000000/10/iterations:5/manual_time",5,4.51675,3.12401,ms,,,,,,205236,4978.44,1.29522e+07,11124.6,445316,8896,4.00202,366378,4.47115e+08,4.51675,0,0.166629,4.41248e+08,0,8896,1.28044e+08
"Bloom_Sectorized128_Nonpart_AVX512_4/MTCount/125/48/1/17783/100000000/10/iterations:5/manual_time",5,4.74463,3.05514,ms,,,,,,206006,4843.29,1.31764e+07,11388.6,423402,11136,5.00973,851913,4.78164e+08,4.74463,0,0.0989237,4.32664e+08,0,11136,1.36135e+08
"Bloom_Sectorized128_Nonpart_AVX512_4/MTCount/150/48/1/17783/100000000/10/iterations:5/manual_time",5,5.17098,2.98791,ms,,,,,,203724,4910.93,1.32388e+07,12815.8,412786,13376,6.01743,1.59561e+06,5.40964e+08,5.17098,0,0.0622904,4.31711e+08,0,13376,1.53282e+08
"Bloom_Sectorized128_Nonpart_AVX512_4/MTCount/175/48/1/17783/100000000/10/iterations:5/manual_time",5,5.61169,2.97827,ms,,,,,,204986,4421.88,1.38997e+07,13106.5,421621,15616,7.02514,2.50959e+06,6.11056e+08,5.61169,0,0.04161,4.16595e+08,0,15616,1.72371e+08
"Bloom_Sectorized128_Nonpart_AVX512_4/MTCount/200/48/1/17783/100000000/10/iterations:5/manual_time",5,6.25709,3.04103,ms,,,,,,204843,4514.15,1.49604e+07,15795,413047,17792,8.00405,3.55597e+06,6.94506e+08,6.25709,0,0.0287216,3.99971e+08,0,17792,1.95008e+08
"Bloom_Sectorized128_Nonpart_AVX512_4/MTCount/225/48/1/17783/100000000/10/iterations:5/manual_time",5,6.66983,3.05885,ms,,,,,,204979,3475.44,1.62954e+07,15317.2,441956,20032,9.01175,4.61636e+06,7.79384e+08,6.66983,0,0.0205694,3.91061e+08,0,20032,2.20295e+08
"Bloom_Sectorized128_Nonpart_AVX512_4/MTCount/250/48/1/17783/100000000/10/iterations:5/manual_time",5,7.40735,3.05781,ms,,,,,,205258,3276.77,1.84642e+07,17736.1,533928,22272,10.0195,5.59476e+06,8.66224e+08,7.40735,0,0.0153478,3.83523e+08,0,22272,2.43598e+08
"Bloom_Sectorized128_Nonpart_AVX512_4/MTCount/275/48/1/17783/100000000/10/iterations:5/manual_time",5,7.68672,3.08327,ms,,,,,,204112,3383.76,2.09693e+07,19987.7,639658,24512,11.0272,6.26385e+06,9.35851e+08,7.68672,0,0.0116359,3.83562e+08,0,24512,2.61292e+08
"Bloom_Sectorized128_Nonpart_AVX512_4/MTCount/300/48/1/17783/100000000/10/iterations:5/manual_time",5,7.8431,3.07058,ms,,,,,,206138,3671.85,2.44585e+07,22701.3,729873,26688,12.0061,6.53704e+06,9.57031e+08,7.8431,0,0.00886563,3.71101e+08,0,26688,2.66701e+08
"Bloom_Sectorized128_Nonpart_AVX512_4/MTCount/325/48/1/17783/100000000/10/iterations:5/manual_time",5,7.80466,3.05795,ms,,,,,,204699,3568.25,2.79656e+07,21403.3,832895,28928,13.0138,6.43699e+06,9.49012e+08,7.80466,0,0.00706759,3.64277e+08,0,28928,2.64426e+08
"Bloom_Sectorized128_Nonpart_AVX512_4/MTCount/350/48/1/17783/100000000/10/iterations:5/manual_time",5,7.43515,3.03462,ms,,,,,,204214,3327.51,3.22514e+07,18342.8,971170,31168,14.0215,6.06502e+06,9.11334e+08,7.43515,0,0.00567696,3.59917e+08,0,31168,2.54641e+08
"Bloom_Sectorized128_Nonpart_AVX512_4/MTCount/375/48/1/17783/100000000/10/iterations:5/manual_time",5,7.19834,3.11288,ms,,,,,,204004,3665.41,3.56628e+07,18222,1.00528e+06,33344,15.0004,5.63357e+06,8.74487e+08,7.19834,0,0.00471387,3.53948e+08,0,33344,2.42664e+08
"Bloom_Sectorized128_Nonpart_AVX512_4/MTCount/400/48/1/17783/100000000/10/iterations:5/manual_time",5,6.75036,2.56276,ms,,,,,,205021,2992.82,3.89403e+07,17751.9,1.02198e+06,35584,16.0081,5.09062e+06,8.09746e+08,6.75036,0,0.00379721,3.42191e+08,0,35584,2.27397e+08
"Bloom_Sectorized128_Nonpart_AVX512_4/MTCount/425/48/1/17783/100000000/10/iterations:5/manual_time",5,6.58075,3.05122,ms,,,,,,203716,3954.08,4.23157e+07,17401.1,1.04877e+06,37824,17.0158,4.68481e+06,7.90021e+08,6.58075,0,0.00322623,3.42961e+08,0,37824,2.18274e+08
"Bloom_Sectorized128_Nonpart_AVX512_4/MTCount/450/48/1/17783/100000000/10/iterations:5/manual_time",5,6.38045,3.006,ms,,,,,,204076,4303.58,4.56301e+07,15561.9,1.04882e+06,40064,18.0235,4.28547e+06,7.47193e+08,6.38045,0,0.00272593,3.34822e+08,0,40064,2.08836e+08
"Bloom_Sectorized128_Nonpart_AVX512_4/MTCount/475/48/1/17783/100000000/10/iterations:5/manual_time",5,6.04032,2.93497,ms,,,,,,204984,3968.94,4.83351e+07,14760,1.04553e+06,42240,19.0024,3.93261e+06,7.14064e+08,6.04032,0,0.00227367,3.28331e+08,0,42240,1.98652e+08
"Bloom_Sectorized128_Nonpart_AVX512_4/MTCount/500/48/1/17783/100000000/10/iterations:5/manual_time",5,5.8332,2.95146,ms,,,,,,205178,4660.4,5.17908e+07,13954.2,1.04598e+06,44480,20.0101,3.61173e+06,6.8962e+08,5.8332,0,0.00197068,3.30101e+08,0,44480,1.9234e+08
"Bloom_Sectorized128_Nonpart_AVX512_4/MTCount/525/48/1/17783/100000000/10/iterations:5/manual_time",5,5.7588,3.03426,ms,,,,,,206091,4447.53,5.35887e+07,14174,1.05743e+06,46720,21.0178,3.37928e+06,6.75579e+08,5.7588,0,0.0017072,3.31996e+08,0,46720,1.87862e+08
"Bloom_Sectorized128_Nonpart_AVX512_4/MTCount/550/48/1/17783/100000000/10/iterations:5/manual_time",5,5.59949,3.04802,ms,,,,,,208889,4735.46,5.57055e+07,13280,1.03223e+06,48960,22.0255,3.15747e+06,6.53321e+08,5.59949,0,0.00148368,3.24503e+08,0,48960,1.81461e+08
"Bloom_Sectorized128_Nonpart_AVX512_4/MTCount/575/48/1/17783/100000000/10/iterations:5/manual_time",5,5.5055,3.06397,ms,,,,,,208436,4457.56,5.83726e+07,12594,1.06601e+06,51136,23.0044,2.93835e+06,6.33389e+08,5.5055,0,0.00128027,3.27516e+08,0,51136,1.77705e+08
"Bloom_Sectorized128_Nonpart_AVX512_4/MTCount/600/48/1/17783/100000000/10/iterations:5/manual_time",5,5.34783,2.99418,ms,,,,,,210869,4941.92,6.11137e+07,11621.7,1.02877e+06,53376,24.0121,2.74432e+06,6.13937e+08,5.34783,0,0.00114694,3.23446e+08,0,53376,1.71631e+08
"Bloom_Sectorized128_Nonpart_AVX512_4/MTCount/625/48/1/17783/100000000/10/iterations:5/manual_time",5,5.29593,3.04714,ms,,,,,,206488,4767.61,6.3712e+07,13406.6,1.04922e+06,55616,25.0199,2.55751e+06,5.99481e+08,5.29593,0,0.00102509,3.27245e+08,0,55616,1.68633e+08
"Bloom_Sectorized128_Nonpart_AVX512_4/MTCount/650/48/1/17783/100000000/10/iterations:5/manual_time",5,5.27468,3.03197,ms,,,,,,209194,4922.74,6.33987e+07,12676.8,1.02959e+06,57856,26.0276,2.45586e+06,5.9619e+08,5.27468,0,0.00089459,3.20241e+08,0,57856,1.65245e+08
"Bloom_Sectorized128_Nonpart_AVX512_4/MTCount/100/48/1/31623/100000000/10/iterations:5/manual_time",5,4.43764,2.87589,ms,,,,,,207517,4633.89,1.3933e+07,11076,413590,15872,4.01531,377925,4.33474e+08,4.43764,0,0.165748,4.30095e+08,0,15872,1.28863e+08
"Bloom_Sectorized128_Nonpart_AVX512_4/MTCount/125/48/1/31623/100000000/10/iterations:5/manual_time",5,4.88099,2.86944,ms,,,,,,206587,4850.43,1.61649e+07,11760.5,374595,19776,5.00294,837513,4.93422e+08,4.88099,0,0.0987622,4.4988e+08,0,19776,1.39728e+08
"Bloom_Sectorized128_Nonpart_AVX512_4/MTCount/150/48/1/31623/100000000/10/iterations:5/manual_time",5,5.1965,3.11753,ms,,,,,,206814,4976.02,1.96984e+07,12853.1,506934,23744,6.00677,1.61106e+06,5.82123e+08,5.1965,0,0.0631565,4.32263e+08,0,23744,1.63161e+08
"Bloom_Sectorized128_Nonpart_AVX512_4/MTCount/175/48/1/31623/100000000/10/iterations:5/manual_time",5,5.80402,2.91524,ms,,,,,,205014,4761.64,2.58231e+07,14998.6,634519,27712,7.01059,2.50365e+06,6.63276e+08,5.80402,0,0.0419852,4.16391e+08,0,27712,1.84486e+08
"Bloom_Sectorized128_Nonpart_AVX512_4/MTCount/200/48/1/31623/100000000/10/iterations:5/manual_time",5,6.34125,2.47388,ms,,,,,,204742,4153.5,3.24724e+07,16036.1,796897,31680,8.01442,3.45975e+06,7.43083e+08,6.34125,0,0.0290644,4.05203e+08,0,31680,2.10916e+08
"Bloom_Sectorized128_Nonpart_AVX512_4/MTCount/225/48/1/31623/100000000/10/iterations:5/manual_time",5,7.06968,2.92894,ms,,,,,,203895,3765.82,3.92912e+07,20692,871755,35584,9.00206,4.54602e+06,8.53882e+08,7.06968,0,0.0207152,4.0639e+08,0,35584,2.38152e+08
"Bloom_Sectorized128_Nonpart_AVX512_4/MTCount/250/48/1/31623/100000000/10/iterations:5/manual_time",5,7.6225,3.00772,ms,,,,,,204838,3571.51,4.56738e+07,21473.8,885054,39552,10.0059,5.49545e+06,9.27869e+08,7.6225,0,0.015312,3.93659e+08,0,39552,2.59134e+08
"Bloom_Sectorized128_Nonpart_AVX512_4/MTCount/275/48/1/31623/100000000/10/iterations:5/manual_time",5,7.89207,2.95542,ms,,,,,,206102,4004.3,5.08892e+07,23815,891557,43520,11.0097,6.2215e+06,9.81311e+08,7.89207,0,0.0116523,3.84641e+08,0,43520,2.75391e+08
"Bloom_Sectorized128_Nonpart_AVX512_4/MTCount/300/48/1/31623/100000000/10/iterations:5/manual_time",5,8.26968,3.02308,ms,,,,,,204920,3827.39,5.60797e+07,20948.5,940838,47488,12.0135,6.45164e+06,9.87349e+08,8.26968,0,0.00901225,3.7767e+08,0,47488,2.77771e+08
"Bloom_Sectorized128_Nonpart_AVX512_4/MTCount/325/48/1/31623/100000000/10/iterations:5/manual_time",5,7.88127,3.06696,ms,,,,,,206159,3514.73,5.98515e+07,21539.5,995307,51392,13.0012,6.3784e+06,9.72149e+08,7.88127,0,0.00703613,3.69555e+08,0,51392,2.7227e+08
"Bloom_Sectorized128_Nonpart_AVX512_4/MTCount/350/48/1/31623/100000000/10/iterations:5/manual_time",5,7.52858,2.49829,ms,,,,,,205614,3195.68,6.19597e+07,19765.7,1.02942e+06,55360,14.005,6.0657e+06,9.19002e+08,7.52858,0,0.00569424,3.5409e+08,0,55360,2.60498e+08
"Bloom_Sectorized128_Nonpart_AVX512_4/MTCount/375/48/1/31623/100000000/10/iterations:5/manual_time",5,7.1496,3.00178,ms,,,,,,205672,3623.11,6.47496e+07,19922.9,1.04298e+06,59328,15.0088,5.60003e+06,8.8042e+08,7.1496,0,0.00463519,3.49465e+08,0,59328,2.45258e+08
"Bloom_Sectorized128_Nonpart_AVX512_4/MTCount/400/48/1/31623/100000000/10/iterations:5/manual_time",5,6.93682,3.0419,ms,,,,,,203658,3635.04,6.80972e+07,18249.2,1.04329e+06,63296,16.0126,5.09869e+06,8.33414e+08,6.93682,0,0.0038627,3.48216e+08,0,63296,2.33133e+08
"Bloom_Sectorized128_Nonpart_AVX512_4/MTCount/425/48/1/31623/100000000/10/iterations:5/manual_time",5,6.69812,3.07462,ms,,,,,,205840,4041.64,6.96104e+07,15571.1,1.04772e+06,67200,17.0003,4.68078e+06,7.93458e+08,6.69812,0,0.00318392,3.4273e+08,0,67200,2.21213e+08
"Bloom_Sectorized128_Nonpart_AVX512_4/MTCount/450/48/1/31623/100000000/10/iterations:5/manual_time",5,6.44769,3.09302,ms,,,,,,205068,3993.7,6.99739e+07,15988.8,1.04695e+06,71168,18.0041,4.33298e+06,7.59751e+08,6.44769,0,0.00268798,3.29246e+08,0,71168,2.11892e+08
"Bloom_Sectorized128_Nonpart_AVX512_4/MTCount/475/48/1/31623/100000000/10/iterations:5/manual_time",5,6.2905,2.96161,ms,,,,,,205995,4639.49,7.35622e+07,15253.1,1.04908e+06,75136,19.0079,3.9441e+06,7.21688e+08,6.2905,0,0.00227886,3.28258e+08,0,75136,2.02267e+08
"Bloom_Sectorized128_Nonpart_AVX512_4/MTCount/500/48/1/31623/100000000/10/iterations:5/manual_time",5,5.94462,2.93981,ms,,,,,,207057,4547.74,7.54874e+07,14172.8,1.02416e+06,79104,20.0118,3.63111e+06,6.96995e+08,5.94462,0,0.00198545,3.30101e+08,0,79104,1.94999e+08
"Bloom_Sectorized128_Nonpart_AVX512_4/MTCount/525/48/1/31623/100000000/10/iterations:5/manual_time",5,5.77348,3.01049,ms,,,,,,207050,4636.24,7.71609e+07,14390,1.04766e+06,83072,21.0156,3.33541e+06,6.73973e+08,5.77348,0,0.00168372,3.32582e+08,0,83072,1.8882e+08
"Bloom_Sectorized128_Nonpart_AVX512_4/MTCount/550/48/1/31623/100000000/10/iterations:5/manual_time",5,5.63277,2.99447,ms,,,,,,205371,4586.27,7.87181e+07,14873.8,1.06198e+06,86976,22.0032,3.11258e+06,6.51702e+08,5.63277,0,0.00147644,3.29139e+08,0,86976,1.82966e+08
"Bloom_Sectorized128_Nonpart_AVX512_4/MTCount/575/48/1/31623/100000000/10/iterations:5/manual_time",5,5.5057,3.04144,ms,,,,,,208952,4861.06,7.97955e+07,12808.7,1.03544e+06,90944,23.0071,2.95426e+06,6.35994e+08,5.5057,0,0.00128761,3.17856e+08,0,90944,1.78395e+08
"Bloom_Sectorized128_Nonpart_AVX512_4/MTCount/600/48/1/31623/100000000/10/iterations:5/manual_time",5,5.39859,2.99097,ms,,,,,,212434,4902.49,8.26397e+07,12467.6,1.04312e+06,94912,24.0109,2.72657e+06,6.21202e+08,5.39859,0,0.00115689,3.24785e+08,0,94912,1.73496e+08
"Bloom_Sectorized128_Nonpart_AVX512_4/MTCount/625/48/1/31623/100000000/10/iterations:5/manual_time",5,5.31168,3.06364,ms,,,,,,207277,5035.17,8.32353e+07,14026.9,1.05971e+06,98880,25.0147,2.57237e+06,6.03938e+08,5.31168,0,0.00100349,3.19713e+08,0,98880,1.69496e+08
"Bloom_Sectorized128_Nonpart_AVX512_4/MTCount/650/48/1/31623/100000000/10/iterations:5/manual_time",5,5.43968,2.87282,ms,,,,,,210533,4841.02,8.32516e+07,12776.8,1.02895e+06,102784,26.0023,2.41442e+06,5.98699e+08,5.43968,0,0.00089207,3.24189e+08,0,102784,1.65785e+08
"Bloom_Sectorized128_Nonpart_AVX512_4/MTCount/100/48/1/56234/100000000/10/iterations:5/manual_time",5,4.95367,3.02337,ms,,,,,,204174,4702.37,2.63177e+07,11265.6,570156,28160,4.00612,332268,5.10972e+08,4.95367,0,0.168617,4.50716e+08,0,28160,1.44344e+08
"Bloom_Sectorized128_Nonpart_AVX512_4/MTCount/125/48/1/56234/100000000/10/iterations:5/manual_time",5,5.34722,2.65906,ms,,,,,,208406,4916.92,3.83449e+07,13589.1,810310,35200,5.00765,821979,5.76134e+08,5.34722,0,0.100162,4.31484e+08,0,35200,1.64782e+08
"Bloom_Sectorized128_Nonpart_AVX512_4/MTCount/150/48/1/56234/100000000/10/iterations:5/manual_time",5,5.57152,2.60771,ms,,,,,,205116,4965.4,4.81046e+07,15368,845803,42176,6.00007,1.54473e+06,6.49029e+08,5.57152,0,0.063388,4.41498e+08,0,42176,1.82781e+08
"Bloom_Sectorized128_Nonpart_AVX512_4/MTCount/175/48/1/56234/100000000/10/iterations:5/manual_time",5,6.13771,2.78024,ms,,,,,,203930,3867.1,5.57839e+07,16241.2,866429,49216,7.0016,2.46481e+06,7.15706e+08,6.13771,0,0.0422335,4.29489e+08,0,49216,2.01815e+08
"Bloom_Sectorized128_Nonpart_AVX512_4/MTCount/200/48/1/56234/100000000/10/iterations:5/manual_time",5,6.7663,2.95796,ms,,,,,,201801,4105.6,6.4016e+07,17238.8,877081,56256,8.00313,3.445e+06,7.79478e+08,6.7663,0,0.0289951,4.23049e+08,0,56256,2.22191e+08
"Bloom_Sectorized128_Nonpart_AVX512_4/MTCount/225/48/1/56234/100000000/10/iterations:5/manual_time",5,7.09621,2.97675,ms,,,,,,206105,3411.09,6.6411e+07,19168.3,904164,63296,9.00466,4.54626e+06,8.60161e+08,7.09621,0,0.0210029,3.93351e+08,0,63296,2.43242e+08
"Bloom_Sectorized128_Nonpart_AVX512_4/MTCount/250/48/1/56234/100000000/10/iterations:5/manual_time",5,7.55006,2.9701,ms,,,,,,206879,3393.79,7.17759e+07,21407.2,929823,70336,10.0062,5.49393e+06,9.34129e+08,7.55006,0,0.0155135,3.91702e+08,0,70336,2.63053e+08
"Bloom_Sectorized128_Nonpart_AVX512_4/MTCount/275/48/1/56234/100000000/10/iterations:5/manual_time",5,7.95046,3.02259,ms,,,,,,206538,2715.03,7.54087e+07,18748.4,914319,77376,11.0077,6.21476e+06,9.7514e+08,7.95046,0,0.0117159,3.79422e+08,0,77376,2.7614e+08
"Bloom_Sectorized128_Nonpart_AVX512_4/MTCount/300/48/1/56234/100000000/10/iterations:5/manual_time",5,8.09366,2.55889,ms,,,,,,206917,2878.65,7.7732e+07,20836.5,964331,84352,12.0001,6.52333e+06,9.89855e+08,8.09366,0,0.00903556,3.70241e+08,0,84352,2.81326e+08
"Bloom_Sectorized128_Nonpart_AVX512_4/MTCount/325/48/1/56234/100000000/10/iterations:5/manual_time",5,7.70891,2.59664,ms,,,,,,206838,3296.08,8.04211e+07,21692.1,966344,91392,13.0017,6.40023e+06,9.72375e+08,7.70891,0,0.0071205,3.67563e+08,0,91392,2.75449e+08
"Bloom_Sectorized128_Nonpart_AVX512_4/MTCount/350/48/1/56234/100000000/10/iterations:5/manual_time",5,7.42914,2.59911,ms,,,,,,206598,3601.74,8.24517e+07,20861.4,993962,98432,14.0032,6.03258e+06,9.26786e+08,7.42914,0,0.00573507,3.6012e+08,0,98432,2.62361e+08
"Bloom_Sectorized128_Nonpart_AVX512_4/MTCount/375/48/1/56234/100000000/10/iterations:5/manual_time",5,7.27383,3.00497,ms,,,,,,205273,3379.38,8.42401e+07,19088.1,1.03836e+06,105472,15.0047,5.58802e+06,8.85922e+08,7.27383,0,0.00464262,3.55527e+08,0,105472,2.4788e+08
"Bloom_Sectorized128_Nonpart_AVX512_4/MTCount/400/48/1/56234/100000000/10/iterations:5/manual_time",5,6.99188,3.08731,ms,,,,,,204223,3687.15,8.63682e+07,17687.9,1.04789e+06,112512,16.0063,5.0753e+06,8.34294e+08,6.99188,0,0.00384442,3.50355e+08,0,112512,2.33786e+08
"Bloom_Sectorized128_Nonpart_AVX512_4/MTCount/425/48/1/56234/100000000/10/iterations:5/manual_time",5,6.77277,3.07631,ms,,,,,,206718,3714.27,8.58504e+07,15268.2,1.02603e+06,119552,17.0078,4.73907e+06,7.89263e+08,6.77277,0,0.00321971,3.33272e+08,0,119552,2.22917e+08
"Bloom_Sectorized128_Nonpart_AVX512_4/MTCount/450/48/1/56234/100000000/10/iterations:5/manual_time",5,6.43707,3.08925,ms,,,,,,204869,3674.26,8.71973e+07,15860.7,1.05361e+06,126528,18.0002,4.26787e+06,7.57801e+08,6.43707,0,0.00270712,3.38633e+08,0,126528,2.11926e+08
"Bloom_Sectorized128_Nonpart_AVX512_4/MTCount/475/48/1/56234/100000000/10/iterations:5/manual_time",5,6.27058,3.12476,ms,,,,,,207182,4246.23,8.85022e+07,13640.7,1.01817e+06,133568,19.0017,3.94115e+06,7.22988e+08,6.27058,0,0.00230091,3.24185e+08,0,133568,2.0318e+08
"Bloom_Sectorized128_Nonpart_AVX512_4/MTCount/500/48/1/56234/100000000/10/iterations:5/manual_time",5,6.05549,3.14134,ms,,,,,,205083,4526.1,9.05068e+07,14184.3,1.05609e+06,140608,20.0033,3.60109e+06,6.96996e+08,6.05549,0,0.00196457,3.33198e+08,0,140608,1.96517e+08
"Bloom_Sectorized128_Nonpart_AVX512_4/MTCount/525/48/1/56234/100000000/10/iterations:5/manual_time",5,5.99629,3.1711,ms,,,,,,209302,4758.53,8.97674e+07,15128.3,1.06046e+06,147648,21.0048,3.40687e+06,6.8709e+08,5.99629,0,0.00170192,3.27538e+08,0,147648,1.90465e+08
"Bloom_Sectorized128_Nonpart_AVX512_4/MTCount/550/48/1/56234/100000000/10/iterations:5/manual_time",5,5.78019,2.99433,ms,,,,,,216281,4343.89,9.24775e+07,12139.6,1.0268e+06,154688,22.0063,3.13e+06,6.50597e+08,5.78019,0,0.00148246,3.1921e+08,0,154688,1.84761e+08
"Bloom_Sectorized128_Nonpart_AVX512_4/MTCount/575/48/1/56234/100000000/10/iterations:5/manual_time",5,5.53862,3.00898,ms,,,,,,214463,4825.92,9.22652e+07,13329.6,1.06596e+06,161728,23.0079,2.98204e+06,6.37642e+08,5.53862,0,0.00130061,3.13735e+08,0,161728,1.79923e+08
"Bloom_Sectorized128_Nonpart_AVX512_4/MTCount/600/48/1/56234/100000000/10/iterations:5/manual_time",5,5.75821,3.10376,ms,,,,,,215133,4443.9,9.26574e+07,13386.7,1.03918e+06,168704,24.0003,2.84596e+06,6.27974e+08,5.75821,0,0.00114173,3.13709e+08,0,168704,1.76588e+08
"Bloom_Sectorized128_Nonpart_AVX512_4/MTCount/625/48/1/56234/100000000/10/iterations:5/manual_time",5,5.58097,3.14842,ms,,,,,,214694,4929.11,9.37589e+07,12604.8,1.07303e+06,175744,25.0018,2.59488e+06,6.1511e+08,5.58097,0,0.00101321,3.12964e+08,0,175744,1.71457e+08
"Bloom_Sectorized128_Nonpart_AVX512_4/MTCount/650/48/1/56234/100000000/10/iterations:5/manual_time",5,5.35553,3.20662,ms,,,,,,214986,4958.96,9.55298e+07,12194.9,1.06643e+06,182784,26.0033,2.46184e+06,5.9872e+08,5.35553,0,0.00089881,3.10236e+08,0,182784,1.66684e+08
"Bloom_Sectorized128_Nonpart_AVX512_4/MTCount/100/48/1/100000/100000000/10/iterations:5/manual_time",5,5.39782,2.86286,ms,,,,,,209377,4019.5,5.79346e+07,11717.4,868720,50048,4.00384,350071,5.63646e+08,5.39782,0,0.168213,4.45614e+08,0,50048,1.60989e+08
"Bloom_Sectorized128_Nonpart_AVX512_4/MTCount/125/48/1/100000/100000000/10/iterations:5/manual_time",5,5.76537,2.88112,ms,,,,,,204752,4272.44,7.04108e+07,18717.7,840312,62528,5.00224,808309,5.93705e+08,5.76537,0,0.100352,4.4688e+08,0,62528,1.7007e+08
"Bloom_Sectorized128_Nonpart_AVX512_4/MTCount/150/48/1/100000/100000000/10/iterations:5/manual_time",5,5.97518,3.00383,ms,,,,,,207778,4036.05,7.32331e+07,13167.3,859118,75008,6.00064,1.59889e+06,6.51e+08,5.97518,0,0.0634265,4.19566e+08,0,75008,1.85544e+08
"Bloom_Sectorized128_Nonpart_AVX512_4/MTCount/175/48/1/100000/100000000/10/iterations:5/manual_time",5,6.43308,3.025,ms,,,,,,207563,4152.65,7.87013e+07,14409.1,881099,87552,7.00416,2.51115e+06,7.08438e+08,6.43308,0,0.0418831,4.13553e+08,0,87552,2.0235e+08
"Bloom_Sectorized128_Nonpart_AVX512_4/MTCount/200/48/1/100000/100000000/10/iterations:5/manual_time",5,6.73799,2.97684,ms,,,,,,203430,3582.83,8.24221e+07,16365.5,866785,100032,8.00256,3.43365e+06,7.87043e+08,6.73799,0,0.0291622,4.17876e+08,0,100032,2.22567e+08
"Bloom_Sectorized128_Nonpart_AVX512_4/MTCount/225/48/1/100000/100000000/10/iterations:5/manual_time",5,7.30808,3.00673,ms,,,,,,206784,3595.39,8.44324e+07,17057.9,892604,112512,9.00096,4.55582e+06,8.61095e+08,7.30808,0,0.0208242,3.9237e+08,0,112512,2.44827e+08
"Bloom_Sectorized128_Nonpart_AVX512_4/MTCount/250/48/1/100000/100000000/10/iterations:5/manual_time",5,7.68401,3.04489,ms,,,,,,206104,3584.39,8.94033e+07,21323.8,911395,125056,10.0045,5.45726e+06,9.36976e+08,7.68401,0,0.015372,3.9658e+08,0,125056,2.6558e+08
"Bloom_Sectorized128_Nonpart_AVX512_4/MTCount/275/48/1/100000/100000000/10/iterations:5/manual_time",5,8.10815,2.52866,ms,,,,,,209298,3481.54,8.9457e+07,22066.7,894601,137536,11.0029,6.21972e+06,9.76362e+08,8.10815,0,0.0116682,3.79193e+08,0,137536,2.77898e+08
"Bloom_Sectorized128_Nonpart_AVX512_4/MTCount/300/48/1/100000/100000000/10/iterations:5/manual_time",5,8.04463,2.99865,ms,,,,,,209881,3411.95,9.14405e+07,21175.4,930674,150016,12.0013,6.49065e+06,9.91386e+08,8.04463,0,0.00903035,3.69965e+08,0,150016,2.79994e+08
"Bloom_Sectorized128_Nonpart_AVX512_4/MTCount/325/48/1/100000/100000000/10/iterations:5/manual_time",5,7.95741,2.50455,ms,,,,,,208832,3412.04,9.21787e+07,21475.4,982644,162560,13.0048,6.45575e+06,9.73274e+08,7.95741,0,0.00711054,3.6174e+08,0,162560,2.77686e+08
"Bloom_Sectorized128_Nonpart_AVX512_4/MTCount/350/48/1/100000/100000000/10/iterations:5/manual_time",5,7.55171,2.60498,ms,,,,,,207605,3380.44,9.4464e+07,20118.7,992088,175040,14.0032,6.02871e+06,9.30812e+08,7.55171,0,0.00566473,3.60077e+08,0,175040,2.64078e+08
"Bloom_Sectorized128_Nonpart_AVX512_4/MTCount/375/48/1/100000/100000000/10/iterations:5/manual_time",5,7.17489,2.69853,ms,,,,,,206681,3535.46,9.52443e+07,20460.6,1.04176e+06,187520,15.0016,5.58269e+06,8.84606e+08,7.17489,0,0.00463747,3.56806e+08,0,187520,2.50256e+08
"Bloom_Sectorized128_Nonpart_AVX512_4/MTCount/400/48/1/100000/100000000/10/iterations:5/manual_time",5,6.88719,2.64107,ms,,,,,,206816,3584.21,9.4888e+07,19872.1,1.06917e+06,200064,16.0051,5.12194e+06,8.41122e+08,6.88719,0,0.00382148,3.4862e+08,0,200064,2.37945e+08
"Bloom_Sectorized128_Nonpart_AVX512_4/MTCount/425/48/1/100000/100000000/10/iterations:5/manual_time",5,6.62762,2.6371,ms,,,,,,205730,3842.68,9.57092e+07,17904,1.08973e+06,212544,17.0035,4.66142e+06,7.96778e+08,6.62762,0,0.00318936,3.44708e+08,0,212544,2.25091e+08
"Bloom_Sectorized128_Nonpart_AVX512_4/MTCount/450/48/1/100000/100000000/10/iterations:5/manual_time",5,6.33834,2.64141,ms,,,,,,208768,3729.79,9.64115e+07,16028.1,1.12176e+06,225024,18.0019,4.2629e+06,7.55969e+08,6.33834,0,0.00269309,3.41811e+08,0,225024,2.13567e+08
"Bloom_Sectorized128_Nonpart_AVX512_4/MTCount/475/48/1/100000/100000000/10/iterations:5/manual_time",5,6.118,2.67946,ms,,,,,,208343,4112.92,9.62574e+07,17171.3,1.14736e+06,237504,19.0003,3.92103e+06,7.26075e+08,6.118,0,0.00227229,3.36938e+08,0,237504,2.05128e+08
"Bloom_Sectorized128_Nonpart_AVX512_4/MTCount/500/48/1/100000/100000000/10/iterations:5/manual_time",5,5.87586,2.76187,ms,,,,,,215279,4659.71,9.84119e+07,15320,1.28536e+06,250048,20.0038,3.62463e+06,6.92159e+08,5.87586,0,0.00195357,3.2536e+08,0,250048,1.96221e+08
"Bloom_Sectorized128_Nonpart_AVX512_4/MTCount/525/48/1/100000/100000000/10/iterations:5/manual_time",5,5.78035,2.85336,ms,,,,,,211002,4202.3,9.83252e+07,14330.4,1.31291e+06,262528,21.0022,3.36897e+06,6.79576e+08,5.78036,0,0.00169986,3.29317e+08,0,262528,1.90668e+08
"Bloom_Sectorized128_Nonpart_AVX512_4/MTCount/550/48/1/100000/100000000/10/iterations:5/manual_time",5,5.57616,2.81257,ms,,,,,,214532,4799.51,9.74016e+07,14118.4,1.31966e+06,275008,22.0006,3.12834e+06,6.51052e+08,5.57616,0,0.00147213,3.25069e+08,0,275008,1.83608e+08
"Bloom_Sectorized128_Nonpart_AVX512_4/MTCount/575/48/1/100000/100000000/10/iterations:5/manual_time",5,5.7859,3.05011,ms,,,,,,213995,4812.98,9.93418e+07,14506.9,1.42318e+06,287552,23.0042,2.94517e+06,6.37402e+08,5.7859,0,0.00127639,3.15561e+08,0,287552,1.81453e+08
"Bloom_Sectorized128_Nonpart_AVX512_4/MTCount/600/48/1/100000/100000000/10/iterations:5/manual_time",5,5.75948,3.19064,ms,,,,,,220234,4469.73,9.93708e+07,13124.2,1.50578e+06,300032,24.0026,2.82707e+06,6.34272e+08,5.75948,0,0.0011421,3.12193e+08,0,300032,1.77058e+08
"Bloom_Sectorized128_Nonpart_AVX512_4/MTCount/625/48/1/100000/100000000/10/iterations:5/manual_time",5,5.45845,2.82575,ms,,,,,,218548,4618.56,9.98611e+07,13552.6,1.73977e+06,312512,25.001,2.56637e+06,6.09995e+08,5.45845,0,0.00100257,3.22792e+08,0,312512,1.72024e+08
"Bloom_Sectorized128_Nonpart_AVX512_4/MTCount/650/48/1/100000/100000000/10/iterations:5/manual_time",5,5.26906,2.75761,ms,,,,,,229850,4580.45,1.00231e+08,12999.2,3.09544e+06,325056,26.0045,2.4459e+06,6.0852e+08,5.26906,0,0.00089859,3.19661e+08,0,325056,1.71637e+08
"Bloom_Sectorized128_Nonpart_AVX512_4/MTCount/100/48/1/177828/100000000/10/iterations:5/manual_time",5,5.06644,2.77107,ms,,,,,,212004,4800.34,7.96276e+07,12557,857225,88960,4.00207,350550,5.67432e+08,5.06644,0,0.168055,4.55224e+08,0,88960,1.64114e+08
"Bloom_Sectorized128_Nonpart_AVX512_4/MTCount/125/48/1/177828/100000000/10/iterations:5/manual_time",5,5.31328,2.77546,ms,,,,,,213410,4877.14,8.55639e+07,12556.7,839757,111168,5.00115,848356,6.02481e+08,5.31328,0,0.0997219,4.41359e+08,0,111168,1.73269e+08
"Bloom_Sectorized128_Nonpart_AVX512_4/MTCount/150/48/1/177828/100000000/10/iterations:5/manual_time",5,5.63567,2.78989,ms,,,,,,211554,4779.76,8.95058e+07,13795.7,850318,133376,6.00022,1.58476e+06,6.47277e+08,5.63567,0,0.0630172,4.26083e+08,0,133376,1.86793e+08
"Bloom_Sectorized128_Nonpart_AVX512_4/MTCount/175/48/1/177828/100000000/10/iterations:5/manual_time",5,6.27136,2.97431,ms,,,,,,208429,3843.28,9.11405e+07,15429.5,875378,155648,7.00218,2.50186e+06,7.13117e+08,6.27136,0,0.0418,4.14092e+08,0,155648,2.02885e+08
"Bloom_Sectorized128_Nonpart_AVX512_4/MTCount/200/48/1/177828/100000000/10/iterations:5/manual_time",5,6.83596,3.10274,ms,,,,,,208435,3838.33,9.36223e+07,15878.7,895416,177856,8.00126,3.46967e+06,7.91528e+08,6.83596,0,0.0289715,4.13136e+08,0,177856,2.2356e+08
"Bloom_Sectorized128_Nonpart_AVX512_4/MTCount/225/48/1/177828/100000000/10/iterations:5/manual_time",5,7.34056,3.11159,ms,,,,,,208726,3500.64,9.59269e+07,18625.3,930393,200064,9.00034,4.51585e+06,8.73185e+08,7.34056,0,0.0207192,4.04875e+08,0,200064,2.46913e+08
"Bloom_Sectorized128_Nonpart_AVX512_4/MTCount/250/48/1/177828/100000000/10/iterations:5/manual_time",5,7.7171,3.03472,ms,,,,,,209374,3141.79,9.7149e+07,20449.7,976038,222336,10.0023,5.51483e+06,9.40253e+08,7.7171,0,0.0153836,3.89788e+08,0,222336,2.66101e+08
"Bloom_Sectorized128_Nonpart_AVX512_4/MTCount/275/48/1/177828/100000000/10/iterations:5/manual_time",5,8.1907,2.86465,ms,,,,,,210797,3023.96,9.92718e+07,19931.3,969044,244544,11.0014,6.20645e+06,9.87006e+08,8.1907,0,0.0116064,3.86895e+08,0,244544,2.80981e+08
"Bloom_Sectorized128_Nonpart_AVX512_4/MTCount/300/48/1/177828/100000000/10/iterations:5/manual_time",5,8.0145,2.75382,ms,,,,,,214186,3884.44,9.98252e+07,23620.5,1.22288e+06,266752,12.0004,6.482e+06,9.9679e+08,8.0145,0,0.00898989,3.72885e+08,0,266752,2.82644e+08
"Bloom_Sectorized128_Nonpart_AVX512_4/MTCount/325/48/1/177828/100000000/10/iterations:5/manual_time",5,7.90818,2.5063,ms,,,,,,210807,3568.11,1.01572e+08,21918.5,1.34207e+06,289024,13.0024,6.37668e+06,9.81998e+08,7.90818,0,0.0070856,3.7069e+08,0,289024,2.78769e+08
"Bloom_Sectorized128_Nonpart_AVX512_4/MTCount/350/48/1/177828/100000000/10/iterations:5/manual_time",5,7.71129,2.94789,ms,,,,,,211659,3501.92,1.00631e+08,20423.6,1.6195e+06,311232,14.0015,6.06141e+06,9.40976e+08,7.71129,0,0.00570519,3.54404e+08,0,311232,2.64888e+08
"Bloom_Sectorized128_Nonpart_AVX512_4/MTCount/375/48/1/177828/100000000/10/iterations:5/manual_time",5,7.60298,3.12535,ms,,,,,,211034,3111.57,9.95784e+07,19258.2,3.20237e+06,333440,15.0006,5.67669e+06,9.05546e+08,7.60298,0,0.00461899,3.46304e+08,0,333440,2.54764e+08
"Bloom_Sectorized128_Nonpart_AVX512_4/MTCount/400/48/1/177828/100000000/10/iterations:5/manual_time",5,7.15584,3.06104,ms,,,,,,209616,3419.11,1.01988e+08,16510.7,3.31129e+06,355712,16.0025,5.08116e+06,8.56054e+08,7.15584,0,0.00379932,3.49059e+08,0,355712,2.39646e+08
"Bloom_Sectorized128_Nonpart_AVX512_4/MTCount/425/48/1/177828/100000000/10/iterations:5/manual_time",5,6.86695,3.10926,ms,,,,,,208688,3595.2,1.02796e+08,18211.8,4.52457e+06,377920,17.0016,4.65072e+06,8.13686e+08,6.86695,0,0.00318477,3.45948e+08,0,377920,2.28349e+08
"Bloom_Sectorized128_Nonpart_AVX512_4/MTCount/450/48/1/177828/100000000/10/iterations:5/manual_time",5,6.61462,3.14489,ms,,,,,,209788,3693.42,1.0174e+08,14632.8,4.48628e+06,400128,18.0007,4.25365e+06,7.78811e+08,6.61462,0,0.00267831,3.3768e+08,0,400128,2.17224e+08
"Bloom_Sectorized128_Nonpart_AVX512_4/MTCount/475/48/1/177828/100000000/10/iterations:5/manual_time",5,6.55053,3.17339,ms,,,,,,216200,4188.31,1.01591e+08,15266.4,4.50094e+06,422400,19.0026,3.95084e+06,7.4134e+08,6.55053,0,0.00226266,3.25394e+08,0,422400,2.07641e+08
"Bloom_Sectorized128_Nonpart_AVX512_4/MTCount/500/48/1/177828/100000000/10/iterations:5/manual_time",5,6.28747,3.18283,ms,,,,,,215005,4547.67,1.00896e+08,16086.5,5.73805e+06,444608,20.0017,3.63244e+06,7.28567e+08,6.28747,0,0.00195682,3.26454e+08,0,444608,2.02253e+08
"Bloom_Sectorized128_Nonpart_AVX512_4/MTCount/525/48/1/177828/100000000/10/iterations:5/manual_time",5,6.12243,3.17318,ms,,,,,,211232,4298.04,1.01833e+08,15630.6,5.93183e+06,466816,21.0008,3.35283e+06,7.06263e+08,6.12243,0,0.00169509,3.25139e+08,0,466816,1.96546e+08
"Bloom_Sectorized128_Nonpart_AVX512_4/MTCount/550/48/1/177828/100000000/10/iterations:5/manual_time",5,6.07594,2.78605,ms,,,,,,220017,4319.73,1.02493e+08,15658.5,6.16677e+06,489088,22.0027,3.12327e+06,6.81895e+08,6.07594,0,0.00147435,3.25252e+08,0,489088,1.90701e+08
"Bloom_Sectorized128_Nonpart_AVX512_4/MTCount/575/48/1/177828/100000000/10/iterations:5/manual_time",5,5.83579,3.13912,ms,,,,,,211272,4579.82,1.03409e+08,13297.6,4.25977e+06,511296,23.0018,2.91845e+06,6.62288e+08,5.83579,0,0.00129676,3.20603e+08,0,511296,1.8483e+08
"Bloom_Sectorized128_Nonpart_AVX512_4/MTCount/600/48/1/177828/100000000/10/iterations:5/manual_time",5,5.74387,2.88329,ms,,,,,,228412,4026.14,1.04518e+08,13880,5.06747e+06,533504,24.0009,2.76067e+06,6.31246e+08,5.74387,0,0.0011348,3.07568e+08,0,533504,1.79108e+08
"Bloom_Sectorized128_Nonpart_AVX512_4/MTCount/625/48/1/177828/100000000/10/iterations:5/manual_time",5,5.8338,3.08304,ms,,,,,,226821,4886.86,1.01372e+08,14653.2,5.39526e+06,555776,25.0029,2.5979e+06,6.3918e+08,5.8338,0,0.00101565,3.19646e+08,0,555776,1.78095e+08
"Bloom_Sectorized128_Nonpart_AVX512_4/MTCount/650/48/1/177828/100000000/10/iterations:5/manual_time",5,5.56911,2.70929,ms,,,,,,237836,4043.31,1.04766e+08,13897.3,5.56516e+06,577984,26.0019,2.44918e+06,6.14548e+08,5.56911,0,0.00089119,3.02872e+08,0,577984,1.74365e+08
"Bloom_Sectorized128_Nonpart_AVX512_4/MTCount/100/48/1/316228/100000000/10/iterations:5/manual_time",5,5.51979,2.89313,ms,,,,,,213114,4498.01,9.20699e+07,12812.7,854752,158144,4.00076,346492,5.81337e+08,5.51979,0,0.167914,4.41696e+08,0,158144,1.65281e+08
"Bloom_Sectorized128_Nonpart_AVX512_4/MTCount/125/48/1/316228/100000000/10/iterations:5/manual_time",5,5.69525,3.12204,ms,,,,,,211924,4712.71,9.55618e+07,14148.4,907701,197696,5.00135,818438,6.13814e+08,5.69525,0,0.100076,4.52168e+08,0,197696,1.7407e+08
"Bloom_Sectorized128_Nonpart_AVX512_4/MTCount/150/48/1/316228/100000000/10/iterations:5/manual_time",5,5.83245,2.87829,ms,,,,,,214011,4012.08,9.70502e+07,15238,924250,237184,6.00033,1.58145e+06,6.6158e+08,5.83245,0,0.0628904,4.28189e+08,0,237184,1.8708e+08
"Bloom_Sectorized128_Nonpart_AVX512_4/MTCount/175/48/1/316228/100000000/10/iterations:5/manual_time",5,6.30744,3.02319,ms,,,,,,210790,4431.17,1.00346e+08,13635.4,1.18028e+06,276736,7.00092,2.45869e+06,7.21495e+08,6.30744,0,0.0418432,4.28912e+08,0,276736,2.04988e+08
"Bloom_Sectorized128_Nonpart_AVX512_4/MTCount/200/48/1/316228/100000000/10/iterations:5/manual_time",5,6.9451,3.04141,ms,,,,,,208662,3633.31,1.0095e+08,18166.2,2.44749e+06,316288,8.00152,3.46946e+06,8.09925e+08,6.9451,0,0.0289874,4.15558e+08,0,316288,2.283e+08
"Bloom_Sectorized128_Nonpart_AVX512_4/MTCount/225/48/1/316228/100000000/10/iterations:5/manual_time",5,7.49966,3.00918,ms,,,,,,208674,3538.18,1.03457e+08,20074.3,3.19936e+06,355776,9.00049,4.46889e+06,8.91576e+08,7.49966,0,0.0207774,4.07063e+08,0,355776,2.51825e+08
"Bloom_Sectorized128_Nonpart_AVX512_4/MTCount/250/48/1/316228/100000000/10/iterations:5/manual_time",5,8.02291,3.01546,ms,,,,,,215320,3620.57,1.02917e+08,21921.5,4.45126e+06,395328,10.0011,5.48976e+06,9.76938e+08,8.02291,0,0.0153206,3.91355e+08,0,395328,2.73501e+08
"Bloom_Sectorized128_Nonpart_AVX512_4/MTCount/275/48/1/316228/100000000/10/iterations:5/manual_time",5,8.45177,2.88817,ms,,,,,,215193,3345.53,1.03303e+08,20866.6,4.81562e+06,434816,11.0001,6.22107e+06,1.01826e+09,8.45177,0,0.011589,3.78929e+08,0,434816,2.87017e+08
"Bloom_Sectorized128_Nonpart_AVX512_4/MTCount/300/48/1/316228/100000000/10/iterations:5/manual_time",5,8.44758,3.08893,ms,,,,,,224029,3802.51,1.0411e+08,21657.6,5.88171e+06,474368,12.0007,6.52068e+06,1.04222e+09,8.44758,0,0.00897785,3.7275e+08,0,474368,2.92285e+08
"Bloom_Sectorized128_Nonpart_AVX512_4/MTCount/325/48/1/316228/100000000/10/iterations:5/manual_time",5,8.14295,2.78001,ms,,,,,,215720,3194.89,1.04274e+08,20669.8,4.1366e+06,513920,13.0013,6.40831e+06,1.00387e+09,8.14295,0,0.00710666,3.62639e+08,0,513920,2.85214e+08
"Bloom_Sectorized128_Nonpart_AVX512_4/MTCount/350/48/1/316228/100000000/10/iterations:5/manual_time",5,7.70977,2.63708,ms,,,,,,219321,3661.19,1.05011e+08,22555.3,5.34356e+06,553408,14.0002,6.04965e+06,9.67169e+08,7.70977,0,0.00569916,3.59052e+08,0,553408,2.73799e+08
"Bloom_Sectorized128_Nonpart_AVX512_4/MTCount/375/48/1/316228/100000000/10/iterations:5/manual_time",5,7.40512,2.57155,ms,,,,,,215354,3456.26,1.04997e+08,20956.1,6.16536e+06,592960,15.0008,5.56991e+06,9.18216e+08,7.40512,0,0.00464221,3.51117e+08,0,592960,2.59797e+08
"Bloom_Sectorized128_Nonpart_AVX512_4/MTCount/400/48/1/316228/100000000/10/iterations:5/manual_time",5,7.19854,3.0078,ms,,,,,,217222,3259.64,1.04527e+08,16601.9,7.73961e+06,632512,16.0014,5.13459e+06,8.68163e+08,7.19854,0,0.00382736,3.40368e+08,0,632512,2.45403e+08
"Bloom_Sectorized128_Nonpart_AVX512_4/MTCount/425/48/1/316228/100000000/10/iterations:5/manual_time",5,7.02895,3.14895,ms,,,,,,218238,3649.67,1.05715e+08,17558.4,9.2552e+06,672000,17.0004,4.62652e+06,8.35828e+08,7.02895,0,0.00316026,3.43296e+08,0,672000,2.34262e+08
"Bloom_Sectorized128_Nonpart_AVX512_4/MTCount/450/48/1/316228/100000000/10/iterations:5/manual_time",5,6.77151,3.22474,ms,,,,,,216427,3542.85,1.05251e+08,18019.6,1.0886e+07,711552,18.001,4.24602e+06,8.00962e+08,6.77151,0,0.00269104,3.36699e+08,0,711552,2.24526e+08
"Bloom_Sectorized128_Nonpart_AVX512_4/MTCount/475/48/1/316228/100000000/10/iterations:5/manual_time",5,6.64522,3.12083,ms,,,,,,225683,3787.23,1.03898e+08,15430.3,1.23832e+07,751104,19.0016,3.96858e+06,7.6653e+08,6.64522,0,0.00228346,3.22982e+08,0,751104,2.15907e+08
"Bloom_Sectorized128_Nonpart_AVX512_4/MTCount/500/48/1/316228/100000000/10/iterations:5/manual_time",5,6.44111,3.15595,ms,,,,,,226919,4011.72,1.05678e+08,16136.9,1.36453e+07,790592,20.0006,3.60719e+06,7.452e+08,6.44111,0,0.00196198,3.3562e+08,0,790592,2.09163e+08
"Bloom_Sectorized128_Nonpart_AVX512_4/MTCount/525/48/1/316228/100000000/10/iterations:5/manual_time",5,6.47939,2.64936,ms,,,,,,233239,3999.12,1.05868e+08,16272.2,1.4716e+07,830144,21.0012,3.37125e+06,7.18928e+08,6.47939,0,0.00169202,3.22025e+08,0,830144,2.0249e+08
"Bloom_Sectorized128_Nonpart_AVX512_4/MTCount/550/48/1/316228/100000000/10/iterations:5/manual_time",5,6.16068,2.93502,ms,,,,,,237486,4166.96,1.0467e+08,13549.8,1.62544e+07,869632,22.0001,3.18938e+06,6.97946e+08,6.16068,0,0.00147551,3.13245e+08,0,869632,1.98913e+08
"Bloom_Sectorized128_Nonpart_AVX512_4/MTCount/575/48/1/316228/100000000/10/iterations:5/manual_time",5,6.00246,2.55461,ms,,,,,,234501,4386.84,1.04865e+08,16415.7,1.86684e+07,909184,23.0007,2.90126e+06,6.75096e+08,6.00246,0,0.00129474,3.24765e+08,0,909184,1.91518e+08
"Bloom_Sectorized128_Nonpart_AVX512_4/MTCount/600/48/1/316228/100000000/10/iterations:5/manual_time",5,5.75168,2.64226,ms,,,,,,238838,4692.35,1.05426e+08,15945.1,2.06513e+07,948736,24.0013,2.74106e+06,6.58187e+08,5.75168,0,0.00114186,3.20313e+08,0,948736,1.87136e+08
"Bloom_Sectorized128_Nonpart_AVX512_4/MTCount/625/48/1/316228/100000000/10/iterations:5/manual_time",5,5.61815,3.07352,ms,,,,,,259868,4800.66,1.05643e+08,13343.3,2.26215e+07,988224,25.0003,2.58119e+06,6.4108e+08,5.61815,0,0.00101129,3.15767e+08,0,988224,1.8164e+08
"Bloom_Sectorized128_Nonpart_AVX512_4/MTCount/650/48/1/316228/100000000/10/iterations:5/manual_time",5,5.49297,3.03636,ms,,,,,,254657,4215.88,1.07807e+08,13148.6,2.47858e+07,1.02778e+06,26.0009,2.42237e+06,6.22576e+08,5.49297,0,0.00090104,3.20702e+08,0,1.02778e+06,1.78292e+08
"Bloom_Sectorized128_Nonpart_AVX512_4/MTCount/100/48/1/562341/100000000/10/iterations:5/manual_time",5,5.23082,2.9979,ms,,,,,,226315,4679.52,1.01151e+08,12164.4,1.13215e+06,281216,4.00065,349763,5.81541e+08,5.23082,0,0.167583,4.4997e+08,0,281216,1.65864e+08
"Bloom_Sectorized128_Nonpart_AVX512_4/MTCount/125/48/1/562341/100000000/10/iterations:5/manual_time",5,5.58179,2.99596,ms,,,,,,216860,4765.42,1.01015e+08,14434.8,2.96271e+06,351488,5.00035,831667,6.38999e+08,5.58179,0,0.0998689,4.4734e+08,0,351488,1.80366e+08
"Bloom_Sectorized128_Nonpart_AVX512_4/MTCount/150/48/1/562341/100000000/10/iterations:5/manual_time",5,5.9297,2.83016,ms,,,,,,219874,4202.98,1.03232e+08,13366.7,4.2113e+06,421760,6.00006,1.57318e+06,6.95468e+08,5.9297,0,0.0630102,4.39021e+08,0,421760,1.96947e+08
"Bloom_Sectorized128_Nonpart_AVX512_4/MTCount/175/48/1/562341/100000000/10/iterations:5/manual_time",5,6.33565,2.8262,ms,,,,,,211576,3967.71,1.01966e+08,16429.8,2.93301e+06,492096,7.00068,2.4914e+06,7.52647e+08,6.33565,0,0.0417797,4.2068e+08,0,492096,2.13856e+08
"Bloom_Sectorized128_Nonpart_AVX512_4/MTCount/200/48/1/562341/100000000/10/iterations:5/manual_time",5,6.91913,2.88797,ms,,,,,,212603,3800.01,1.04793e+08,18138.3,5.32768e+06,562368,8.00038,3.47886e+06,8.36565e+08,6.91913,0,0.0289077,4.15718e+08,0,562368,2.3865e+08
"Bloom_Sectorized128_Nonpart_AVX512_4/MTCount/225/48/1/562341/100000000/10/iterations:5/manual_time",5,7.51543,2.82383,ms,,,,,,217099,3296.38,1.04833e+08,19045,7.63518e+06,632640,9.00009,4.54376e+06,9.24722e+08,7.51543,0,0.0207239,3.98235e+08,0,632640,2.63322e+08
"Bloom_Sectorized128_Nonpart_AVX512_4/MTCount/250/48/1/562341/100000000/10/iterations:5/manual_time",5,8.28429,2.87752,ms,,,,,,228947,3606.38,1.05251e+08,21196.1,1.04728e+07,702976,10.0007,5.5496e+06,1.01747e+09,8.28429,0,0.0152824,3.91352e+08,0,702976,2.85914e+08
"Bloom_Sectorized128_Nonpart_AVX512_4/MTCount/275/48/1/562341/100000000/10/iterations:5/manual_time",5,8.56499,2.99005,ms,,,,,,229203,3303.23,1.06086e+08,22841.2,1.28125e+07,773248,11.0004,6.25733e+06,1.06023e+09,8.56499,0,0.011594,3.79279e+08,0,773248,2.99634e+08
"Bloom_Sectorized128_Nonpart_AVX512_4/MTCount/300/48/1/562341/100000000/10/iterations:5/manual_time",5,8.68009,3.127,ms,,,,,,255552,4098.68,1.07634e+08,20711.8,1.53308e+07,843520,12.0001,6.49403e+06,1.07612e+09,8.68009,0,0.00896995,3.75061e+08,0,843520,3.03054e+08
"Bloom_Sectorized128_Nonpart_AVX512_4/MTCount/325/48/1/562341/100000000/10/iterations:5/manual_time",5,8.57518,2.95319,ms,,,,,,227741,3438.2,1.05668e+08,22172,1.90896e+07,913856,13.0007,6.47291e+06,1.05097e+09,8.57518,0,0.0070837,3.59302e+08,0,913856,2.99633e+08
"Bloom_Sectorized128_Nonpart_AVX512_4/MTCount/350/48/1/562341/100000000/10/iterations:5/manual_time",5,8.1721,2.99621,ms,,,,,,231130,3436.97,1.05566e+08,22053.7,2.25741e+07,984128,14.0004,6.12526e+06,1.00593e+09,8.1721,0,0.00567932,3.51707e+08,0,984128,2.8587e+08
"Bloom_Sectorized128_Nonpart_AVX512_4/MTCount/375/48/1/562341/100000000/10/iterations:5/manual_time",5,7.76043,3.06206,ms,,,,,,240283,3695.97,1.07218e+08,23083.6,2.6596e+07,1.0544e+06,15.0002,5.54978e+06,9.58417e+08,7.76043,0,0.00462487,3.50641e+08,0,1.0544e+06,2.7074e+08
"Bloom_Sectorized128_Nonpart_AVX512_4/MTCount/400/48/1/562341/100000000/10/iterations:5/manual_time",5,7.71892,3.21014,ms,,,,,,231368,3635.41,1.0612e+08,18278.7,3.03103e+07,1.12474e+06,16.0008,5.1485e+06,9.08026e+08,7.71892,0,0.00382293,3.42672e+08,0,1.12474e+06,2.56485e+08
"Bloom_Sectorized128_Nonpart_AVX512_4/MTCount/425/48/1/562341/100000000/10/iterations:5/manual_time",5,7.33618,3.24311,ms,,,,,,225733,3548.86,1.05838e+08,17578.2,3.36994e+07,1.19501e+06,17.0005,4.69324e+06,8.68163e+08,7.33618,0,0.00318295,3.41623e+08,0,1.19501e+06,2.44991e+08
"Bloom_Sectorized128_Nonpart_AVX512_4/MTCount/450/48/1/562341/100000000/10/iterations:5/manual_time",5,7.06457,2.70469,ms,,,,,,235075,3394.01,1.06363e+08,17965.3,3.72835e+07,1.26528e+06,18.0002,4.29519e+06,8.23421e+08,7.06457,0,0.00267665,3.33484e+08,0,1.26528e+06,2.35861e+08
"Bloom_Sectorized128_Nonpart_AVX512_4/MTCount/475/48/1/562341/100000000/10/iterations:5/manual_time",5,6.83655,3.11945,ms,,,,,,226388,3564.11,1.0676e+08,16745.1,3.98432e+07,1.33562e+06,19.0008,3.92024e+06,7.93454e+08,6.83655,0,0.00227513,3.35601e+08,0,1.33562e+06,2.25963e+08
"Bloom_Sectorized128_Nonpart_AVX512_4/MTCount/500/48/1/562341/100000000/10/iterations:5/manual_time",5,6.46003,3.04969,ms,,,,,,236334,3976.08,1.061e+08,14969.5,4.29495e+07,1.40589e+06,20.0005,3.6292e+06,7.56408e+08,6.46003,0,0.00195549,3.23431e+08,0,1.40589e+06,2.16573e+08
"Bloom_Sectorized128_Nonpart_AVX512_4/MTCount/525/48/1/562341/100000000/10/iterations:5/manual_time",5,6.28963,2.98767,ms,,,,,,235366,3939.4,1.0628e+08,17660.5,4.49868e+07,1.47616e+06,21.0002,3.3538e+06,7.3434e+08,6.28963,0,0.00169069,3.29625e+08,0,1.47616e+06,2.09596e+08
"Bloom_Sectorized128_Nonpart_AVX512_4/MTCount/550/48/1/562341/100000000/10/iterations:5/manual_time",5,6.23571,3.04265,ms,,,,,,235268,4519.52,1.06273e+08,16405.3,4.71821e+07,1.5465e+06,22.0008,3.1321e+06,7.16655e+08,6.23571,0,0.00147357,3.24062e+08,0,1.5465e+06,2.04563e+08
"Bloom_Sectorized128_Nonpart_AVX512_4/MTCount/575/48/1/562341/100000000/10/iterations:5/manual_time",5,6.36074,3.12052,ms,,,,,,243789,3649.41,1.09644e+08,18294.6,4.92289e+07,1.61677e+06,23.0005,2.90859e+06,6.86343e+08,6.36074,0,0.00129448,3.1795e+08,0,1.61677e+06,1.97075e+08
"Bloom_Sectorized128_Nonpart_AVX512_4/MTCount/600/48/1/562341/100000000/10/iterations:5/manual_time",5,6.14787,3.19475,ms,,,,,,239388,4331.43,1.04409e+08,15913.9,5.17799e+07,1.68704e+06,24.0002,2.78054e+06,6.8265e+08,6.14787,0,0.00113807,3.09042e+08,0,1.68704e+06,1.92938e+08
"Bloom_Sectorized128_Nonpart_AVX512_4/MTCount/625/48/1/562341/100000000/10/iterations:5/manual_time",5,6.02201,2.78762,ms,,,,,,298268,4448.53,1.07219e+08,14671.9,5.41003e+07,1.75738e+06,25.0009,2.59391e+06,6.62388e+08,6.02201,0,0.0010086,3.06844e+08,0,1.75738e+06,1.90779e+08
"Bloom_Sectorized128_Nonpart_AVX512_4/MTCount/650/48/1/562341/100000000/10/iterations:5/manual_time",5,5.67437,2.75742,ms,,,,,,256905,4596.83,1.07637e+08,15383.4,5.56032e+07,1.82765e+06,26.0006,2.41256e+06,6.40744e+08,5.67437,0,0.00089066,3.02461e+08,0,1.82765e+06,1.85853e+08
"Bloom_Sectorized128_Nonpart_AVX512_4/MTCount/100/48/1/1000000/100000000/10/iterations:5/manual_time",5,5.30764,2.70042,ms,,,,,,237253,4758.15,1.0494e+08,12583,3.18204e+06,500032,4.00026,364468,6.04861e+08,5.30764,0,0.167716,4.42343e+08,0,500032,1.74485e+08
"Bloom_Sectorized128_Nonpart_AVX512_4/MTCount/125/48/1/1000000/100000000/10/iterations:5/manual_time",5,5.728,2.50739,ms,,,,,,224128,4785.86,1.04361e+08,15284.8,7.35814e+06,625024,5.00019,824642,6.62533e+08,5.728,0,0.0997448,4.30787e+08,0,625024,1.89496e+08
"Bloom_Sectorized128_Nonpart_AVX512_4/MTCount/150/48/1/1000000/100000000/10/iterations:5/manual_time",5,6.38034,3.13434,ms,,,,,,225558,4515.1,1.03601e+08,16039.4,1.21935e+07,750016,6.00013,1.63136e+06,7.43462e+08,6.38034,0,0.0629804,4.18987e+08,0,750016,2.09328e+08
"Bloom_Sectorized128_Nonpart_AVX512_4/MTCount/175/48/1/1000000/100000000/10/iterations:5/manual_time",5,6.94602,3.18871,ms,,,,,,218067,3885.95,1.07216e+08,17260.7,1.64123e+07,875008,7.00006,2.48497e+06,8.1161e+08,6.94602,0,0.0417967,4.30741e+08,0,875008,2.30319e+08
"Bloom_Sectorized128_Nonpart_AVX512_4/MTCount/200/48/1/1000000/100000000/10/iterations:5/manual_time",5,7.44915,3.15721,ms,,,,,,223282,3560.79,1.05713e+08,20599,2.30303e+07,1.00006e+06,8.00051,3.49304e+06,8.97213e+08,7.44915,0,0.0289214,4.12899e+08,0,1.00006e+06,2.52588e+08
"Bloom_Sectorized128_Nonpart_AVX512_4/MTCount/225/48/1/1000000/100000000/10/iterations:5/manual_time",5,8.04267,2.97485,ms,,,,,,239474,3586.07,1.06508e+08,21814.7,2.99017e+07,1.12506e+06,9.00045,4.52349e+06,9.85645e+08,8.04267,0,0.0207814,4.01421e+08,0,1.12506e+06,2.78929e+08
"Bloom_Sectorized128_Nonpart_AVX512_4/MTCount/250/48/1/1000000/100000000/10/iterations:5/manual_time",5,8.5668,3.03916,ms,,,,,,270046,3928.13,1.07126e+08,22667.2,3.62276e+07,1.25005e+06,10.0004,5.54152e+06,1.06791e+09,8.5668,0,0.0153273,3.91531e+08,0,1.25005e+06,3.01614e+08
"Bloom_Sectorized128_Nonpart_AVX512_4/MTCount/275/48/1/1000000/100000000/10/iterations:5/manual_time",5,9.01558,3.15797,ms,,,,,,291989,4640.27,1.07693e+08,22498.3,4.147e+07,1.37504e+06,11.0003,6.28203e+06,1.11858e+09,9.01558,0,0.0116279,3.82577e+08,0,1.37504e+06,3.16014e+08
"Bloom_Sectorized128_Nonpart_AVX512_4/MTCount/300/48/1/1000000/100000000/10/iterations:5/manual_time",5,8.99475,3.12681,ms,,,,,,294589,4607.54,1.09782e+08,21309,4.53886e+07,1.50003e+06,12.0003,6.48094e+06,1.11606e+09,8.99475,0,0.00901198,3.7629e+08,0,1.50003e+06,3.17584e+08
"Bloom_Sectorized128_Nonpart_AVX512_4/MTCount/325/48/1/1000000/100000000/10/iterations:5/manual_time",5,8.84148,3.06228,ms,,,,,,286678,3851.33,1.09322e+08,21738.5,4.94748e+07,1.62502e+06,13.0002,6.39005e+06,1.08798e+09,8.84148,0,0.00712016,3.66566e+08,0,1.62502e+06,3.09596e+08
"Bloom_Sectorized128_Nonpart_AVX512_4/MTCount/350/48/1/1000000/100000000/10/iterations:5/manual_time",5,8.55643,3.23945,ms,,,,,,316469,3888.08,1.09662e+08,20951.9,5.27374e+07,1.75002e+06,14.0001,6.03992e+06,1.04323e+09,8.55643,0,0.00570383,3.62077e+08,0,1.75002e+06,2.96431e+08
"Bloom_Sectorized128_Nonpart_AVX512_4/MTCount/375/48/1/1000000/100000000/10/iterations:5/manual_time",5,8.17983,3.1615,ms,,,,,,259125,3594.44,1.06698e+08,23403.1,5.66598e+07,1.87501e+06,15.0001,5.63981e+06,9.8515e+08,8.17983,0,0.00463473,3.46608e+08,0,1.87501e+06,2.78973e+08
"Bloom_Sectorized128_Nonpart_AVX512_4/MTCount/400/48/1/1000000/100000000/10/iterations:5/manual_time",5,7.95717,2.52933,ms,,,,,,251796,2482.75,1.06507e+08,24981,5.9304e+07,2.00006e+06,16.0005,5.13675e+06,9.30255e+08,7.95717,0,0.00381294,3.41689e+08,0,2.00006e+06,2.63958e+08
"Bloom_Sectorized128_Nonpart_AVX512_4/MTCount/425/48/1/1000000/100000000/10/iterations:5/manual_time",5,7.35365,2.44904,ms,,,,,,245196,3456.89,1.07195e+08,22081.1,6.18145e+07,2.12506e+06,17.0004,4.65767e+06,8.75966e+08,7.35365,0,0.00318954,3.3543e+08,0,2.12506e+06,2.53586e+08
"Bloom_Sectorized128_Nonpart_AVX512_4/MTCount/450/48/1/1000000/100000000/10/iterations:5/manual_time",5,7.14987,3.13797,ms,,,,,,258071,3339.29,1.07286e+08,19077.9,6.41393e+07,2.25005e+06,18.0004,4.28157e+06,8.47342e+08,7.14987,0,0.00269351,3.35113e+08,0,2.25005e+06,2.41044e+08
"Bloom_Sectorized128_Nonpart_AVX512_4/MTCount/475/48/1/1000000/100000000/10/iterations:5/manual_time",5,7.00205,3.18514,ms,,,,,,245080,3766.4,1.04838e+08,18468.2,6.64692e+07,2.37504e+06,19.0003,3.96024e+06,8.13582e+08,7.00205,0,0.00228099,3.24315e+08,0,2.37504e+06,2.3209e+08
"Bloom_Sectorized128_Nonpart_AVX512_4/MTCount/500/48/1/1000000/100000000/10/iterations:5/manual_time",5,6.96233,3.12971,ms,,,,,,268069,3602.66,1.07577e+08,16857.9,6.74965e+07,2.50003e+06,20.0003,3.6123e+06,7.83615e+08,6.96233,0,0.00195951,3.33409e+08,0,2.50003e+06,2.23679e+08
"Bloom_Sectorized128_Nonpart_AVX512_4/MTCount/525/48/1/1000000/100000000/10/iterations:5/manual_time",5,6.67936,3.21665,ms,,,,,,267107,3756.77,1.0505e+08,17338.7,6.9972e+07,2.62502e+06,21.0002,3.43232e+06,7.61366e+08,6.67936,0,0.0016955,3.18725e+08,0,2.62502e+06,2.16581e+08
"Bloom_Sectorized128_Nonpart_AVX512_4/MTCount/550/48/1/1000000/100000000/10/iterations:5/manual_time",5,6.52168,3.22963,ms,,,,,,262126,4258.8,1.09758e+08,17396.5,7.08281e+07,2.75002e+06,22.0001,3.11148e+06,7.3201e+08,6.52168,0,0.00147252,3.26764e+08,0,2.75002e+06,2.10283e+08
"Bloom_Sectorized128_Nonpart_AVX512_4/MTCount/575/48/1/1000000/100000000/10/iterations:5/manual_time",5,6.49213,3.21422,ms,,,,,,295406,4022.76,1.06672e+08,13880.9,7.32283e+07,2.87501e+06,23.0001,2.97405e+06,7.16995e+08,6.49213,0,0.00128541,3.12569e+08,0,2.87501e+06,2.04707e+08
"Bloom_Sectorized128_Nonpart_AVX512_4/MTCount/600/48/1/1000000/100000000/10/iterations:5/manual_time",5,6.29922,3.26567,ms,,,,,,257381,4182.71,1.05254e+08,14906.1,7.39899e+07,3.00006e+06,24.0005,2.78589e+06,7.02624e+08,6.29922,0,0.00113274,3.09349e+08,0,3.00006e+06,2.00032e+08
"Bloom_Sectorized128_Nonpart_AVX512_4/MTCount/625/48/1/1000000/100000000/10/iterations:5/manual_time",5,6.17433,3.26833,ms,,,,,,298913,4297.36,1.06006e+08,14049.7,7.56362e+07,3.12506e+06,25.0004,2.62138e+06,6.82147e+08,6.17433,0,0.0010046,3.03641e+08,0,3.12506e+06,1.95627e+08
"Bloom_Sectorized128_Nonpart_AVX512_4/MTCount/650/48/1/1000000/100000000/10/iterations:5/manual_time",5,6.18033,3.33968,ms,,,,,,355631,4338.06,1.06865e+08,13007.1,7.78668e+07,3.25005e+06,26.0004,2.48325e+06,6.68882e+08,6.18033,0,0.00089984,2.99532e+08,0,3.25005e+06,1.92679e+08
"Bloom_Sectorized128_Nonpart_AVX512_4/MTCount/100/48/1/1778279/100000000/10/iterations:5/manual_time",5,5.91551,3.17377,ms,,,,,,224636,4422.9,1.02524e+08,15873.2,1.72693e+07,889152,4.00006,353946,6.69349e+08,5.91551,0,0.167766,4.49445e+08,0,889152,1.88851e+08
"Bloom_Sectorized128_Nonpart_AVX512_4/MTCount/125/48/1/1778279/100000000/10/iterations:5/manual_time",5,6.01337,2.56427,ms,,,,,,256743,4581.41,1.07271e+08,14583.3,2.92626e+07,1.11149e+06,5.00029,827237,6.89575e+08,6.01337,0,0.0998563,4.36352e+08,0,1.11149e+06,1.99877e+08
"Bloom_Sectorized128_Nonpart_AVX512_4/MTCount/150/48/1/1778279/100000000/10/iterations:5/manual_time",5,6.47218,2.53034,ms,,,,,,227668,4263.43,1.07284e+08,17421.4,3.967e+07,1.33376e+06,6.00023,1.55508e+06,7.63603e+08,6.47218,0,0.0629913,4.35052e+08,0,1.33376e+06,2.19964e+08
"Bloom_Sectorized128_Nonpart_AVX512_4/MTCount/175/48/1/1778279/100000000/10/iterations:5/manual_time",5,6.94848,2.52134,ms,,,,,,232160,3895.09,1.06749e+08,22076.8,4.72198e+07,1.55603e+06,7.00017,2.46543e+06,8.45009e+08,6.94848,0,0.0418204,4.27346e+08,0,1.55603e+06,2.42829e+08
"Bloom_Sectorized128_Nonpart_AVX512_4/MTCount/200/48/1/1778279/100000000/10/iterations:5/manual_time",5,7.52932,2.4845,ms,,,,,,239374,2998.12,1.06869e+08,21592.5,5.4037e+07,1.7783e+06,8.00011,3.46905e+06,9.25408e+08,7.52932,0,0.0289464,4.06141e+08,0,1.7783e+06,2.66564e+08
"Bloom_Sectorized128_Nonpart_AVX512_4/MTCount/225/48/1/1778279/100000000/10/iterations:5/manual_time",5,8.13255,2.5256,ms,,,,,,247347,2710.84,1.07999e+08,23431.6,5.9347e+07,2.00058e+06,9.00005,4.5036e+06,1.0109e+09,8.13255,0,0.02077,3.97598e+08,0,2.00058e+06,2.91545e+08
"Bloom_Sectorized128_Nonpart_AVX512_4/MTCount/250/48/1/1778279/100000000/10/iterations:5/manual_time",5,8.87705,3.0645,ms,,,,,,299476,3822.31,1.095e+08,22147.6,6.30182e+07,2.22291e+06,10.0003,5.50205e+06,1.09511e+09,8.87705,0,0.0153076,3.9478e+08,0,2.22291e+06,3.11132e+08
"Bloom_Sectorized128_Nonpart_AVX512_4/MTCount/275/48/1/1778279/100000000/10/iterations:5/manual_time",5,9.17305,3.21438,ms,,,,,,337239,4206.3,1.09416e+08,21513.5,6.6836e+07,2.44518e+06,11.0002,6.23577e+06,1.13516e+09,9.17305,0,0.0116077,3.81268e+08,0,2.44518e+06,3.23781e+08
"Bloom_Sectorized128_Nonpart_AVX512_4/MTCount/300/48/1/1778279/100000000/10/iterations:5/manual_time",5,9.24262,3.17278,ms,,,,,,388692,5002.03,1.08589e+08,21094.8,7.00427e+07,2.66746e+06,12.0002,6.57963e+06,1.14327e+09,9.24262,0,0.00898127,3.71398e+08,0,2.66746e+06,3.2458e+08
"Bloom_Sectorized128_Nonpart_AVX512_4/MTCount/325/48/1/1778279/100000000/10/iterations:5/manual_time",5,9.06653,3.18178,ms,,,,,,364887,4999.47,1.10677e+08,20932.4,7.18191e+07,2.88973e+06,13.0001,6.38781e+06,1.10678e+09,9.06653,0,0.00707462,3.67621e+08,0,2.88973e+06,3.16098e+08
"Bloom_Sectorized128_Nonpart_AVX512_4/MTCount/350/48/1/1778279/100000000/10/iterations:5/manual_time",5,8.73844,3.19413,ms,,,,,,321131,4000.86,1.10125e+08,20654,7.40558e+07,3.112e+06,14.0001,6.05729e+06,1.06573e+09,8.73844,0,0.00568768,3.59144e+08,0,3.112e+06,3.04197e+08
"Bloom_Sectorized128_Nonpart_AVX512_4/MTCount/375/48/1/1778279/100000000/10/iterations:5/manual_time",5,8.31889,3.18142,ms,,,,,,311521,3827.88,1.07698e+08,22524.9,7.66353e+07,3.33434e+06,15.0003,5.61812e+06,1.00312e+09,8.31889,0,0.00462706,3.48589e+08,0,3.33434e+06,2.85644e+08
"Bloom_Sectorized128_Nonpart_AVX512_4/MTCount/400/48/1/1778279/100000000/10/iterations:5/manual_time",5,7.97668,3.27059,ms,,,,,,361462,3408.06,1.0945e+08,20517.1,7.75035e+07,3.55661e+06,16.0002,5.09794e+06,9.46358e+08,7.97668,0,0.00381462,3.4964e+08,0,3.55661e+06,2.7084e+08
"Bloom_Sectorized128_Nonpart_AVX512_4/MTCount/425/48/1/1778279/100000000/10/iterations:5/manual_time",5,8.03171,3.13843,ms,,,,,,481668,4490.58,1.13184e+08,19163.9,7.76568e+07,3.77888e+06,17.0002,4.60182e+06,8.90543e+08,8.03171,0,0.00319001,3.41885e+08,0,3.77888e+06,2.57261e+08
"Bloom_Sectorized128_Nonpart_AVX512_4/MTCount/450/48/1/1778279/100000000/10/iterations:5/manual_time",5,7.29332,3.15567,ms,,,,,,288294,3138.92,1.06202e+08,19758.5,8.13683e+07,4.00115e+06,18.0001,4.30998e+06,8.6416e+08,7.29332,0,0.00268902,3.32424e+08,0,4.00115e+06,2.46784e+08
"Bloom_Sectorized128_Nonpart_AVX512_4/MTCount/475/48/1/1778279/100000000/10/iterations:5/manual_time",5,7.16397,3.1866,ms,,,,,,304226,3422.14,1.06012e+08,18464.9,8.36651e+07,4.22342e+06,19.0001,3.99273e+06,8.26584e+08,7.16397,0,0.00228734,3.21188e+08,0,4.22342e+06,2.38078e+08
"Bloom_Sectorized128_Nonpart_AVX512_4/MTCount/500/48/1/1778279/100000000/10/iterations:5/manual_time",5,6.99563,3.31665,ms,,,,,,295841,3639.38,1.06578e+08,17906.7,8.31409e+07,4.44576e+06,20.0003,3.6622e+06,8.0655e+08,6.99563,0,0.00195178,3.29164e+08,0,4.44576e+06,2.28702e+08
"Bloom_Sectorized128_Nonpart_AVX512_4/MTCount/525/48/1/1778279/100000000/10/iterations:5/manual_time",5,6.79465,3.2625,ms,,,,,,283631,3738.48,1.06325e+08,16002.1,8.44001e+07,4.66803e+06,21.0002,3.3763e+06,7.73605e+08,6.79465,0,0.00168342,3.2104e+08,0,4.66803e+06,2.20998e+08
"Bloom_Sectorized128_Nonpart_AVX512_4/MTCount/550/48/1/1778279/100000000/10/iterations:5/manual_time",5,6.64914,2.59454,ms,,,,,,363769,3617.42,1.07744e+08,15874.5,8.60907e+07,4.8903e+06,22.0002,3.15689e+06,7.44446e+08,6.64914,0,0.00147255,3.18026e+08,0,4.8903e+06,2.1797e+08
"Bloom_Sectorized128_Nonpart_AVX512_4/MTCount/575/48/1/1778279/100000000/10/iterations:5/manual_time",5,6.67645,3.23412,ms,,,,,,407300,3903.22,1.07053e+08,14877.5,8.71569e+07,5.11258e+06,23.0001,2.97567e+06,7.34659e+08,6.67645,0,0.00128644,3.10337e+08,0,5.11258e+06,2.11164e+08
"Bloom_Sectorized128_Nonpart_AVX512_4/MTCount/600/48/1/1778279/100000000/10/iterations:5/manual_time",5,6.44129,3.2535,ms,,,,,,308480,3891.14,1.05963e+08,16824.9,8.65068e+07,5.33485e+06,24,2.75357e+06,7.18303e+08,6.44129,0,0.00113436,3.14901e+08,0,5.33485e+06,2.05765e+08
"Bloom_Sectorized128_Nonpart_AVX512_4/MTCount/625/48/1/1778279/100000000/10/iterations:5/manual_time",5,6.43512,3.3137,ms,,,,,,313412,4298.55,1.06564e+08,16592.8,8.74565e+07,5.55718e+06,25.0003,2.61044e+06,7.11187e+08,6.43512,0,0.00100508,3.11869e+08,0,5.55718e+06,2.03819e+08
"Bloom_Sectorized128_Nonpart_AVX512_4/MTCount/650/48/1/1778279/100000000/10/iterations:5/manual_time",5,6.40771,2.86055,ms,,,,,,384602,3943.71,1.06738e+08,17644,8.88573e+07,5.77946e+06,26.0002,2.47485e+06,6.92414e+08,6.40771,0,0.00089725,3.07371e+08,0,5.77946e+06,1.99947e+08
"Bloom_Sectorized128_Nonpart_AVX512_4/MTCount/100/48/1/3162278/100000000/10/iterations:5/manual_time",5,6.08023,3.29458,ms,,,,,,258838,4705.61,1.06338e+08,14767.1,4.82426e+07,1.58118e+06,4.00011,343849,6.77008e+08,6.08023,0,0.167952,4.45459e+08,0,1.58118e+06,1.94534e+08
"Bloom_Sectorized128_Nonpart_AVX512_4/MTCount/125/48/1/3162278/100000000/10/iterations:5/manual_time",5,6.40932,3.21053,ms,,,,,,243033,4089.9,1.05152e+08,14670.1,5.88511e+07,1.97645e+06,5.00006,843945,7.28901e+08,6.40932,0,0.0999807,4.2906e+08,0,1.97645e+06,2.09011e+08
"Bloom_Sectorized128_Nonpart_AVX512_4/MTCount/150/48/1/3162278/100000000/10/iterations:5/manual_time",5,6.86079,3.21135,ms,,,,,,255155,3895.93,1.0551e+08,16347.2,6.62213e+07,2.37171e+06,6.00001,1.5847e+06,7.96164e+08,6.86079,0,0.0630165,4.26937e+08,0,2.37171e+06,2.28364e+08
"Bloom_Sectorized128_Nonpart_AVX512_4/MTCount/175/48/1/3162278/100000000/10/iterations:5/manual_time",5,7.45309,3.24889,ms,,,,,,258354,3665.1,1.06882e+08,19201.7,7.12594e+07,2.76704e+06,7.00012,2.51535e+06,8.78852e+08,7.45309,0,0.0417739,4.21085e+08,0,2.76704e+06,2.49731e+08
"Bloom_Sectorized128_Nonpart_AVX512_4/MTCount/200/48/1/3162278/100000000/10/iterations:5/manual_time",5,7.98179,3.26478,ms,,,,,,308571,3534.32,1.05885e+08,19976.2,7.54363e+07,3.1623e+06,8.00007,3.514e+06,9.65052e+08,7.98179,0,0.0289422,4.05275e+08,0,3.1623e+06,2.72418e+08
"Bloom_Sectorized128_Nonpart_AVX512_4/MTCount/225/48/1/3162278/100000000/10/iterations:5/manual_time",5,8.63224,3.01752,ms,,,,,,312748,3416.54,1.07948e+08,22256.3,7.85019e+07,3.55757e+06,9.00001,4.54219e+06,1.03596e+09,8.63224,0,0.020768,3.97398e+08,0,3.55757e+06,2.98525e+08
"Bloom_Sectorized128_Nonpart_AVX512_4/MTCount/250/48/1/3162278/100000000/10/iterations:5/manual_time",5,8.95717,2.91914,ms,,,,,,360919,4618.02,1.09576e+08,22716.9,8.06418e+07,3.9529e+06,10.0001,5.53488e+06,1.1169e+09,8.95717,0,0.0153204,3.91275e+08,0,3.9529e+06,3.18599e+08
"Bloom_Sectorized128_Nonpart_AVX512_4/MTCount/275/48/1/3162278/100000000/10/iterations:5/manual_time",5,9.229,2.89076,ms,,,,,,441561,4716.6,1.09359e+08,22445.9,8.2677e+07,4.34816e+06,11.0001,6.25708e+06,1.15407e+09,9.229,0,0.0116177,3.81038e+08,0,4.34816e+06,3.30414e+08
"Bloom_Sectorized128_Nonpart_AVX512_4/MTCount/300/48/1/3162278/100000000/10/iterations:5/manual_time",5,9.23828,2.92799,ms,,,,,,488246,4357.59,1.08973e+08,22729.4,8.4673e+07,4.74342e+06,12,6.54838e+06,1.15117e+09,9.23828,0,0.00898434,3.70508e+08,0,4.74342e+06,3.30966e+08
"Bloom_Sectorized128_Nonpart_AVX512_4/MTCount/325/48/1/3162278/100000000/10/iterations:5/manual_time",5,9.02357,2.85671,ms,,,,,,432996,3449.88,1.09465e+08,23800.6,8.57555e+07,5.13875e+06,13.0001,6.44022e+06,1.12595e+09,9.02357,0,0.00710229,3.66275e+08,0,5.13875e+06,3.22925e+08
"Bloom_Sectorized128_Nonpart_AVX512_4/MTCount/350/48/1/3162278/100000000/10/iterations:5/manual_time",5,8.6477,2.64342,ms,,,,,,432471,2718.59,1.09275e+08,23840.2,8.73837e+07,5.53402e+06,14.0001,6.05285e+06,1.06327e+09,8.6477,0,0.00569383,3.55707e+08,0,5.53402e+06,3.07267e+08
"Bloom_Sectorized128_Nonpart_AVX512_4/MTCount/375/48/1/3162278/100000000/10/iterations:5/manual_time",5,8.28681,2.99461,ms,,,,,,391780,3393.9,1.09517e+08,23282.7,8.80695e+07,5.92928e+06,15,5.58079e+06,1.02165e+09,8.28681,0,0.00463916,3.50684e+08,0,5.92928e+06,2.9135e+08
"Bloom_Sectorized128_Nonpart_AVX512_4/MTCount/400/48/1/3162278/100000000/10/iterations:5/manual_time",5,8.01627,3.04858,ms,,,,,,458837,3703.88,1.09115e+08,24163.6,8.9247e+07,6.32461e+06,16.0001,5.11614e+06,9.64938e+08,8.01627,0,0.00382492,3.45931e+08,0,6.32461e+06,2.77105e+08
"Bloom_Sectorized128_Nonpart_AVX512_4/MTCount/425/48/1/3162278/100000000/10/iterations:5/manual_time",5,7.68047,3.06572,ms,,,,,,378723,3309.7,1.07471e+08,19926,9.08154e+07,6.71987e+06,17.0001,4.69352e+06,9.11768e+08,7.68047,0,0.00318128,3.34302e+08,0,6.71987e+06,2.63687e+08
"Bloom_Sectorized128_Nonpart_AVX512_4/MTCount/450/48/1/3162278/100000000/10/iterations:5/manual_time",5,7.42222,3.05814,ms,,,,,,383194,3332.18,1.06121e+08,20409.6,9.16328e+07,7.11514e+06,18,4.33278e+06,8.76245e+08,7.42222,0,0.00268383,3.30144e+08,0,7.11514e+06,2.53069e+08
"Bloom_Sectorized128_Nonpart_AVX512_4/MTCount/475/48/1/3162278/100000000/10/iterations:5/manual_time",5,7.15329,2.56157,ms,,,,,,406795,3502.04,1.06372e+08,22848.3,9.18499e+07,7.51046e+06,19.0001,3.95754e+06,8.45797e+08,7.15329,0,0.00228492,3.30122e+08,0,7.51046e+06,2.44916e+08
"Bloom_Sectorized128_Nonpart_AVX512_4/MTCount/500/48/1/3162278/100000000/10/iterations:5/manual_time",5,7.07369,3.18043,ms,,,,,,435454,3479.89,1.04718e+08,18414.4,9.30764e+07,7.90573e+06,20.0001,3.67555e+06,8.15597e+08,7.07369,0,0.00196232,3.18888e+08,0,7.90573e+06,2.34739e+08
"Bloom_Sectorized128_Nonpart_AVX512_4/MTCount/525/48/1/3162278/100000000/10/iterations:5/manual_time",5,7.01654,2.62842,ms,,,,,,544742,3260.35,1.13364e+08,21603.1,9.16754e+07,8.30099e+06,21,3.32442e+06,7.80628e+08,7.01654,0,0.00169185,3.35433e+08,0,8.30099e+06,2.28874e+08
"Bloom_Sectorized128_Nonpart_AVX512_4/MTCount/550/48/1/3162278/100000000/10/iterations:5/manual_time",5,6.92412,3.29282,ms,,,,,,501945,3460.2,1.04584e+08,19812.7,9.35269e+07,8.69632e+06,22.0001,3.21545e+06,7.81658e+08,6.92412,0,0.00147216,3.19748e+08,0,8.69632e+06,2.21759e+08
"Bloom_Sectorized128_Nonpart_AVX512_4/MTCount/575/48/1/3162278/100000000/10/iterations:5/manual_time",5,6.83878,3.3031,ms,,,,,,588210,3870.85,1.06633e+08,16215.1,9.41193e+07,9.09158e+06,23.0001,2.94902e+06,7.52227e+08,6.83878,0,0.00128854,3.15852e+08,0,9.09158e+06,2.15989e+08
"Bloom_Sectorized128_Nonpart_AVX512_4/MTCount/600/48/1/3162278/100000000/10/iterations:5/manual_time",5,6.60161,3.24706,ms,,,,,,614811,3774.64,1.08824e+08,19576.7,9.38195e+07,9.48685e+06,24,2.76894e+06,7.40391e+08,6.60161,0,0.00113823,3.22875e+08,0,9.48685e+06,2.12815e+08
"Bloom_Sectorized128_Nonpart_AVX512_4/MTCount/625/48/1/3162278/100000000/10/iterations:5/manual_time",5,6.61936,3.234,ms,,,,,,706871,3914.11,1.0486e+08,15509,9.6302e+07,9.88218e+06,25.0001,2.64777e+06,7.28249e+08,6.61936,0,0.00100033,3.01247e+08,0,9.88218e+06,2.08289e+08
"Bloom_Sectorized128_Nonpart_AVX512_4/MTCount/650/48/1/3162278/100000000/10/iterations:5/manual_time",5,6.35654,3.09582,ms,,,,,,880201,4089.23,1.06576e+08,14095,9.80197e+07,1.02774e+07,26.0001,2.47786e+06,7.01835e+08,6.35654,0,0.00089234,2.91808e+08,0,1.02774e+07,2.03672e+08
"Bloom_Sectorized128_Nonpart_AVX512_4/MTCount/100/48/1/5623413/100000000/10/iterations:5/manual_time",5,6.32914,2.78784,ms,,,,,,317369,3362.91,1.08563e+08,15055.6,7.31465e+07,2.81171e+06,4.00001,336459,6.8227e+08,6.32914,0,0.167958,4.32219e+08,0,2.81171e+06,2.00271e+08
"Bloom_Sectorized128_Nonpart_AVX512_4/MTCount/125/48/1/5623413/100000000/10/iterations:5/manual_time",5,6.49437,3.11101,ms,,,,,,278987,4007.51,1.05758e+08,14054.2,7.83356e+07,3.51469e+06,5.00008,837978,7.4859e+08,6.49437,0,0.0999187,4.31624e+08,0,3.51469e+06,2.17789e+08
"Bloom_Sectorized128_Nonpart_AVX512_4/MTCount/150/48/1/5623413/100000000/10/iterations:5/manual_time",5,6.89603,3.10495,ms,,,,,,288022,3387.51,1.10291e+08,17888.5,8.15038e+07,4.2176e+06,6.00006,1.55525e+06,8.10855e+08,6.89603,0,0.0630322,4.41436e+08,0,4.2176e+06,2.36216e+08
"Bloom_Sectorized128_Nonpart_AVX512_4/MTCount/175/48/1/5623413/100000000/10/iterations:5/manual_time",5,7.5185,3.13954,ms,,,,,,312271,3376.66,1.06553e+08,20764.5,8.48026e+07,4.92051e+06,7.00004,2.51878e+06,8.97576e+08,7.5185,0,0.0418425,4.2312e+08,0,4.92051e+06,2.57579e+08
"Bloom_Sectorized128_Nonpart_AVX512_4/MTCount/200/48/1/5623413/100000000/10/iterations:5/manual_time",5,8.01695,3.03883,ms,,,,,,369523,3632.03,1.08416e+08,23153.5,8.71839e+07,5.62342e+06,8.00002,3.47647e+06,9.71616e+08,8.01696,0,0.0289556,4.11175e+08,0,5.62342e+06,2.78386e+08
"Bloom_Sectorized128_Nonpart_AVX512_4/MTCount/225/48/1/5623413/100000000/10/iterations:5/manual_time",5,8.63314,3.01478,ms,,,,,,488311,3661.35,1.09155e+08,23380.5,8.87052e+07,6.3264e+06,9.00009,4.53555e+06,1.06005e+09,8.63314,0,0.0207538,4.03426e+08,0,6.3264e+06,3.03788e+08
"Bloom_Sectorized128_Nonpart_AVX512_4/MTCount/250/48/1/5623413/100000000/10/iterations:5/manual_time",5,9.14409,3.07099,ms,,,,,,571375,4917.59,1.08629e+08,22912.8,9.08924e+07,7.02931e+06,10.0001,5.59533e+06,1.13651e+09,9.14409,0,0.0153296,3.91203e+08,0,7.02931e+06,3.24597e+08
"Bloom_Sectorized128_Nonpart_AVX512_4/MTCount/275/48/1/5623413/100000000/10/iterations:5/manual_time",5,9.55932,3.17497,ms,,,,,,690265,5049.68,1.09564e+08,22941,9.18151e+07,7.73222e+06,11,6.29775e+06,1.17492e+09,9.55932,0,0.0116282,3.81331e+08,0,7.73222e+06,3.35052e+08
"Bloom_Sectorized128_Nonpart_AVX512_4/MTCount/300/48/1/5623413/100000000/10/iterations:5/manual_time",5,9.49037,2.94495,ms,,,,,,749942,4392.42,1.10039e+08,22231.1,9.26219e+07,8.43514e+06,12,6.53673e+06,1.17339e+09,9.49037,0,0.00899924,3.74541e+08,0,8.43514e+06,3.37299e+08
"Bloom_Sectorized128_Nonpart_AVX512_4/MTCount/325/48/1/5623413/100000000/10/iterations:5/manual_time",5,9.2341,2.97003,ms,,,,,,897827,4768.65,1.09888e+08,23244.9,9.41554e+07,9.13805e+06,13,6.45474e+06,1.14219e+09,9.2341,0,0.00710729,3.62991e+08,0,9.13805e+06,3.28109e+08
"Bloom_Sectorized128_Nonpart_AVX512_4/MTCount/350/48/1/5623413/100000000/10/iterations:5/manual_time",5,8.86951,2.96559,ms,,,,,,816547,4858.69,1.1008e+08,23425.2,9.41584e+07,9.84102e+06,14.0001,6.07623e+06,1.09601e+09,8.86951,0,0.00570422,3.60111e+08,0,9.84102e+06,3.14847e+08
"Bloom_Sectorized128_Nonpart_AVX512_4/MTCount/375/48/1/5623413/100000000/10/iterations:5/manual_time",5,8.46047,2.92812,ms,,,,,,1.00826e+06,3864.41,1.08113e+08,24787.3,9.59216e+07,1.05439e+07,15.0001,5.63845e+06,1.03772e+09,8.46047,0,0.00463237,3.48347e+08,0,1.05439e+07,2.99191e+08
"Bloom_Sectorized128_Nonpart_AVX512_4/MTCount/400/48/1/5623413/100000000/10/iterations:5/manual_time",5,8.30684,3.1354,ms,,,,,,1.38773e+06,3538.05,1.07521e+08,21932.9,9.65081e+07,1.12468e+07,16,5.18148e+06,9.95539e+08,8.30684,0,0.00382517,3.44303e+08,0,1.12468e+07,2.8435e+08
"Bloom_Sectorized128_Nonpart_AVX512_4/MTCount/425/48/1/5623413/100000000/10/iterations:5/manual_time",5,7.96288,3.31299,ms,,,,,,1.68775e+06,3418.12,1.07061e+08,22505.3,9.67387e+07,1.19498e+07,17,4.71909e+06,9.55165e+08,7.96288,0,0.00318711,3.37276e+08,0,1.19498e+07,2.72911e+08
"Bloom_Sectorized128_Nonpart_AVX512_4/MTCount/450/48/1/5623413/100000000/10/iterations:5/manual_time",5,7.71792,3.34317,ms,,,,,,2.60617e+06,3643.89,1.08718e+08,22074.2,9.73717e+07,1.26527e+07,18.0001,4.30148e+06,9.15566e+08,7.71792,0,0.00268962,3.36454e+08,0,1.26527e+07,2.61826e+08
"Bloom_Sectorized128_Nonpart_AVX512_4/MTCount/475/48/1/5623413/100000000/10/iterations:5/manual_time",5,7.64834,3.11358,ms,,,,,,7.39632e+06,3288.29,1.05866e+08,20517.7,9.85035e+07,1.33556e+07,19.0001,4.00472e+06,8.94872e+08,7.64834,0,0.00228586,3.25796e+08,0,1.33556e+07,2.57525e+08
"Bloom_Sectorized128_Nonpart_AVX512_4/MTCount/500/48/1/5623413/100000000/10/iterations:5/manual_time",5,7.32041,3.07129,ms,,,,,,1.16613e+07,3254.2,1.07118e+08,21292.1,9.83184e+07,1.40586e+07,20,3.67332e+06,8.81332e+08,7.32041,0,0.00195754,3.2807e+08,0,1.40586e+07,2.53698e+08
"Bloom_Sectorized128_Nonpart_AVX512_4/MTCount/525/48/1/5623413/100000000/10/iterations:5/manual_time",5,7.25282,3.12064,ms,,,,,,1.56764e+07,3243.47,1.06592e+08,22092.1,9.82678e+07,1.47615e+07,21,3.41535e+06,8.70373e+08,7.25282,0,0.00169237,3.25699e+08,0,1.47615e+07,2.4974e+08
"Bloom_Sectorized128_Nonpart_AVX512_4/MTCount/550/48/1/5623413/100000000/10/iterations:5/manual_time",5,7.32236,2.57687,ms,,,,,,1.93498e+07,3434.2,1.11447e+08,20892.9,9.83244e+07,1.54644e+07,22.0001,3.13453e+06,8.45843e+08,7.32236,0,0.00147103,3.2385e+08,0,1.54644e+07,2.47472e+08
"Bloom_Sectorized128_Nonpart_AVX512_4/MTCount/575/48/1/5623413/100000000/10/iterations:5/manual_time",5,7.05794,2.56192,ms,,,,,,2.31865e+07,3067.62,1.06427e+08,19145.5,9.97803e+07,1.61674e+07,23.0001,2.95262e+06,8.43712e+08,7.05794,0,0.00128846,3.14013e+08,0,1.61674e+07,2.43731e+08
"Bloom_Sectorized128_Nonpart_AVX512_4/MTCount/600/48/1/5623413/100000000/10/iterations:5/manual_time",5,7.20696,3.07256,ms,,,,,,2.60796e+07,3374.87,1.06285e+08,20268,9.93616e+07,1.68703e+07,24,2.77287e+06,8.64337e+08,7.20696,0,0.0011298,3.14442e+08,0,1.68703e+07,2.46221e+08
"Bloom_Sectorized128_Nonpart_AVX512_4/MTCount/625/48/1/5623413/100000000/10/iterations:5/manual_time",5,7.2607,3.07644,ms,,,,,,2.8951e+07,3413.33,1.06974e+08,19320.6,1.00008e+08,1.75732e+07,25,2.62235e+06,8.77404e+08,7.2607,0,0.00100209,3.12815e+08,0,1.75732e+07,2.49079e+08
"Bloom_Sectorized128_Nonpart_AVX512_4/MTCount/650/48/1/5623413/100000000/10/iterations:5/manual_time",5,7.34953,2.99115,ms,,,,,,3.15038e+07,3202.87,1.06032e+08,22315.5,9.97687e+07,1.82761e+07,26,2.46877e+06,8.97191e+08,7.34953,0,0.00089343,3.12594e+08,0,1.82761e+07,2.53162e+08
"Bloom_Sectorized128_Nonpart_AVX512_4/MTCount/100/48/1/10000000/100000000/10/iterations:5/manual_time",5,6.79223,3.00852,ms,,,,,,442191,4252.59,1.08479e+08,13669.4,8.71438e+07,5.00006e+06,4.00005,352241,7.04978e+08,6.79223,0,0.167972,4.23516e+08,0,5.00006e+06,2.05969e+08
"Bloom_Sectorized128_Nonpart_AVX512_4/MTCount/125/48/1/10000000/100000000/10/iterations:5/manual_time",5,6.65491,3.04153,ms,,,,,,363717,3888.59,1.08427e+08,16386.4,8.87339e+07,6.25005e+06,5.00004,831417,7.6513e+08,6.65491,0,0.0999156,4.44514e+08,0,6.25005e+06,2.23064e+08
"Bloom_Sectorized128_Nonpart_AVX512_4/MTCount/150/48/1/10000000/100000000/10/iterations:5/manual_time",5,7.04424,3.04394,ms,,,,,,413765,3235.84,1.05314e+08,17775.6,9.30892e+07,7.50003e+06,6.00003,1.59707e+06,8.33811e+08,7.04424,0,0.0630903,4.14265e+08,0,7.50003e+06,2.40659e+08
"Bloom_Sectorized128_Nonpart_AVX512_4/MTCount/175/48/1/10000000/100000000/10/iterations:5/manual_time",5,7.58243,2.926,ms,,,,,,489940,3588.83,1.06139e+08,21788.9,9.39134e+07,8.75002e+06,7.00001,2.50203e+06,9.10423e+08,7.58243,0,0.0418986,4.17296e+08,0,8.75002e+06,2.62641e+08
"Bloom_Sectorized128_Nonpart_AVX512_4/MTCount/200/48/1/10000000/100000000/10/iterations:5/manual_time",5,8.28406,3.00512,ms,,,,,,730734,3445.7,1.07474e+08,22793.2,9.49147e+07,1.00001e+07,8.00005,3.52276e+06,1.00422e+09,8.28406,0,0.0289714,4.11772e+08,0,1.00001e+07,2.8807e+08
"Bloom_Sectorized128_Nonpart_AVX512_4/MTCount/225/48/1/10000000/100000000/10/iterations:5/manual_time",5,8.85471,2.96706,ms,,,,,,1.40027e+06,3310.98,1.07688e+08,24072.5,9.67516e+07,1.125e+07,9.00004,4.57671e+06,1.08998e+09,8.85471,0,0.0207954,3.9757e+08,0,1.125e+07,3.12689e+08
"Bloom_Sectorized128_Nonpart_AVX512_4/MTCount/250/48/1/10000000/100000000/10/iterations:5/manual_time",5,9.29938,2.49483,ms,,,,,,2.27649e+06,4258.25,1.08283e+08,24564.8,9.80533e+07,1.25e+07,10,5.59566e+06,1.16847e+09,9.29938,0,0.0153399,3.87774e+08,0,1.25e+07,3.35584e+08
"Bloom_Sectorized128_Nonpart_AVX512_4/MTCount/275/48/1/10000000/100000000/10/iterations:5/manual_time",5,9.84414,2.94763,ms,,,,,,1.02043e+07,5205.07,1.09552e+08,22736.5,9.75733e+07,1.375e+07,11,6.30748e+06,1.24461e+09,9.84414,0,0.0116302,3.83155e+08,0,1.375e+07,3.55842e+08
"Bloom_Sectorized128_Nonpart_AVX512_4/MTCount/300/48/1/10000000/100000000/10/iterations:5/manual_time",5,9.97586,2.83536,ms,,,,,,1.74517e+07,4475.38,1.1075e+08,22138.1,9.80232e+07,1.50001e+07,12.0001,6.54098e+06,1.2632e+09,9.97586,0,0.00901357,3.76116e+08,0,1.50001e+07,3.62195e+08
"Bloom_Sectorized128_Nonpart_AVX512_4/MTCount/325/48/1/10000000/100000000/10/iterations:5/manual_time",5,9.88398,3.14423,ms,,,,,,2.41389e+07,4850.92,1.09128e+08,22359.9,9.98071e+07,1.625e+07,13,6.51314e+06,1.24889e+09,9.88398,0,0.00710654,3.62822e+08,0,1.625e+07,3.57381e+08
"Bloom_Sectorized128_Nonpart_AVX512_4/MTCount/350/48/1/10000000/100000000/10/iterations:5/manual_time",5,9.92823,3.30341,ms,,,,,,2.888e+07,5878.81,1.10175e+08,20911.5,9.86562e+07,1.75e+07,14,6.18458e+06,1.25068e+09,9.92823,0,0.00570019,3.5968e+08,0,1.75e+07,3.52835e+08
"Bloom_Sectorized128_Nonpart_AVX512_4/MTCount/375/48/1/10000000/100000000/10/iterations:5/manual_time",5,9.83638,3.1891,ms,,,,,,3.33111e+07,5477.51,1.11398e+08,21658.7,9.8401e+07,1.875e+07,15,5.62447e+06,1.23411e+09,9.83638,0,0.00464524,3.573e+08,0,1.875e+07,3.48922e+08
"Bloom_Sectorized128_Nonpart_AVX512_4/MTCount/400/48/1/10000000/100000000/10/iterations:5/manual_time",5,9.7399,2.93863,ms,,,,,,3.73834e+07,4837.33,1.10012e+08,22342.2,9.9948e+07,2.00001e+07,16.0001,5.20781e+06,1.25441e+09,9.7399,0,0.00382696,3.48307e+08,0,2.00001e+07,3.50778e+08
"Bloom_Sectorized128_Nonpart_AVX512_4/MTCount/425/48/1/10000000/100000000/10/iterations:5/manual_time",5,9.92154,3.11924,ms,,,,,,4.08027e+07,5816.39,1.11842e+08,21859.5,9.86337e+07,2.125e+07,17,4.68566e+06,1.26579e+09,9.92154,0,0.00319857,3.46656e+08,0,2.125e+07,3.53412e+08
"Bloom_Sectorized128_Nonpart_AVX512_4/MTCount/450/48/1/10000000/100000000/10/iterations:5/manual_time",5,9.99011,3.12526,ms,,,,,,4.40892e+07,6358.15,1.12227e+08,20769.5,9.87856e+07,2.25e+07,18,4.29936e+06,1.30863e+09,9.99011,0,0.00268385,3.42713e+08,0,2.25e+07,3.62235e+08
"Bloom_Sectorized128_Nonpart_AVX512_4/MTCount/475/48/1/10000000/100000000/10/iterations:5/manual_time",5,10.1634,2.8459,ms,,,,,,4.69316e+07,5221.71,1.10921e+08,21273.1,1.00026e+08,2.375e+07,19,3.96359e+06,1.34854e+09,10.1634,0,0.0022762,3.37347e+08,0,2.375e+07,3.71244e+08
"Bloom_Sectorized128_Nonpart_AVX512_4/MTCount/500/48/1/10000000/100000000/10/iterations:5/manual_time",5,10.5668,2.98243,ms,,,,,,4.95619e+07,6217.95,1.11549e+08,20912,9.97267e+07,2.50001e+07,20.0001,3.66066e+06,1.41036e+09,10.5668,0,0.00195479,3.34592e+08,0,2.50001e+07,3.85772e+08
"Bloom_Sectorized128_Nonpart_AVX512_4/MTCount/525/48/1/10000000/100000000/10/iterations:5/manual_time",5,10.7096,2.88997,ms,,,,,,5.20621e+07,5445.32,1.11512e+08,20856.1,1.00321e+08,2.625e+07,21,3.38196e+06,1.45349e+09,10.7096,0,0.00168287,3.30736e+08,0,2.625e+07,3.9649e+08
"Bloom_Sectorized128_Nonpart_AVX512_4/MTCount/550/48/1/10000000/100000000/10/iterations:5/manual_time",5,11.1835,2.79139,ms,,,,,,5.43108e+07,5745.2,1.11945e+08,19910.1,1.00035e+08,2.75e+07,22,3.13352e+06,1.50288e+09,11.1835,0,0.00147257,3.30039e+08,0,2.75e+07,4.09367e+08
"Bloom_Sectorized128_Nonpart_AVX512_4/MTCount/575/48/1/10000000/100000000/10/iterations:5/manual_time",5,11.2915,2.84416,ms,,,,,,5.65244e+07,6186.24,1.12074e+08,19703,1.00465e+08,2.875e+07,23,2.91899e+06,1.55148e+09,11.2915,0,0.00128389,3.26429e+08,0,2.875e+07,4.20933e+08
"Bloom_Sectorized128_Nonpart_AVX512_4/MTCount/600/48/1/10000000/100000000/10/iterations:5/manual_time",5,11.3067,3.22569,ms,,,,,,5.90107e+07,8192.18,1.12418e+08,20163.5,9.98852e+07,3.00001e+07,24.0001,2.76092e+06,1.61445e+09,11.3067,0,0.0011279,3.26307e+08,0,3.00001e+07,4.37157e+08
"Bloom_Sectorized128_Nonpart_AVX512_4/MTCount/625/48/1/10000000/100000000/10/iterations:5/manual_time",5,11.5964,2.89534,ms,,,,,,6.00622e+07,6509.58,1.12433e+08,19154.9,1.00119e+08,3.125e+07,25,2.57059e+06,1.63625e+09,11.5964,0,0.0010052,3.2234e+08,0,3.125e+07,4.41728e+08
"Bloom_Sectorized128_Nonpart_AVX512_4/MTCount/650/48/1/10000000/100000000/10/iterations:5/manual_time",5,12.044,3.2932,ms,,,,,,6.1889e+07,7666.45,1.13263e+08,17825.6,9.94516e+07,3.25e+07,26,2.47954e+06,1.69775e+09,12.044,0,0.00089454,3.19756e+08,0,3.25e+07,4.57434e+08
"Bloom_Sectorized128_Nonpart_AVX512_4/MTCount/100/48/1/17782794/100000000/10/iterations:5/manual_time",5,6.57006,3.15577,ms,,,,,,625961,3739.81,1.0503e+08,14963.5,9.55311e+07,8.89146e+06,4.00003,375945,7.43325e+08,6.57006,0,0.167996,4.21041e+08,0,8.89146e+06,2.15511e+08
"Bloom_Sectorized128_Nonpart_AVX512_4/MTCount/125/48/1/17782794/100000000/10/iterations:5/manual_time",5,7.02073,3.28945,ms,,,,,,1.18831e+06,3583.69,1.06089e+08,18245.6,9.55472e+07,1.11143e+07,5.00003,837544,8.03331e+08,7.02073,0,0.0999498,4.39955e+08,0,1.11143e+07,2.31921e+08
"Bloom_Sectorized128_Nonpart_AVX512_4/MTCount/150/48/1/17782794/100000000/10/iterations:5/manual_time",5,7.73576,3.30518,ms,,,,,,7.22707e+06,3599.55,1.05715e+08,22508.6,9.74798e+07,1.33372e+07,6.00003,1.60294e+06,9.14592e+08,7.73576,0,0.0630787,4.35232e+08,0,1.33372e+07,2.58821e+08
"Bloom_Sectorized128_Nonpart_AVX512_4/MTCount/175/48/1/17782794/100000000/10/iterations:5/manual_time",5,8.58152,3.29704,ms,,,,,,2.02093e+07,3522.34,1.07153e+08,20872.2,9.88185e+07,1.556e+07,7.00002,2.53466e+06,1.0451e+09,8.58152,0,0.0418816,4.22734e+08,0,1.556e+07,2.9587e+08
"Bloom_Sectorized128_Nonpart_AVX512_4/MTCount/200/48/1/17782794/100000000/10/iterations:5/manual_time",5,9.43132,2.52513,ms,,,,,,2.9863e+07,3922.72,1.09126e+08,24132.8,9.93722e+07,1.77828e+07,8.00002,3.50829e+06,1.20422e+09,9.43132,0,0.0290065,4.15407e+08,0,1.77828e+07,3.40465e+08
"Bloom_Sectorized128_Nonpart_AVX512_4/MTCount/225/48/1/17782794/100000000/10/iterations:5/manual_time",5,11.0205,2.89195,ms,,,,,,3.78695e+07,6372.7,1.10111e+08,20930.5,9.95226e+07,2.00057e+07,9.00002,4.61512e+06,1.44707e+09,11.0205,0,0.0207788,4.05956e+08,0,2.00057e+07,4.01132e+08
"Bloom_Sectorized128_Nonpart_AVX512_4/MTCount/250/48/1/17782794/100000000/10/iterations:5/manual_time",5,12.0121,3.38012,ms,,,,,,4.44746e+07,7813.46,1.11697e+08,19726.7,9.89104e+07,2.22285e+07,10,5.62834e+06,1.65996e+09,12.0121,0,0.015345,3.98614e+08,0,2.22285e+07,4.56485e+08
"Bloom_Sectorized128_Nonpart_AVX512_4/MTCount/275/48/1/17782794/100000000/10/iterations:5/manual_time",5,12.9362,3.12054,ms,,,,,,4.94497e+07,7720.17,1.1242e+08,18768.3,9.92039e+07,2.44514e+07,11,6.34714e+06,1.8353e+09,12.9362,0,0.0116326,3.88971e+08,0,2.44514e+07,5.02401e+08
"Bloom_Sectorized128_Nonpart_AVX512_4/MTCount/300/48/1/17782794/100000000/10/iterations:5/manual_time",5,13.5608,3.44203,ms,,,,,,5.39014e+07,8628.39,1.1273e+08,17925,9.9409e+07,2.66742e+07,12,6.59733e+06,1.94791e+09,13.5608,0,0.00902812,3.8211e+08,0,2.66742e+07,5.33222e+08
"Bloom_Sectorized128_Nonpart_AVX512_4/MTCount/325/48/1/17782794/100000000/10/iterations:5/manual_time",5,14.0007,3.45939,ms,,,,,,5.72305e+07,8687.58,1.12799e+08,16261,9.96436e+07,2.88971e+07,13,6.50401e+06,2.03555e+09,14.0007,0,0.00712173,3.74022e+08,0,2.88971e+07,5.56304e+08
"Bloom_Sectorized128_Nonpart_AVX512_4/MTCount/350/48/1/17782794/100000000/10/iterations:5/manual_time",5,14.0888,3.44004,ms,,,,,,6.02672e+07,7987.3,1.12905e+08,17587.2,9.9913e+07,3.11199e+07,14,6.13856e+06,2.05782e+09,14.0888,0,0.0057065,3.66331e+08,0,3.11199e+07,5.60755e+08
"Bloom_Sectorized128_Nonpart_AVX512_4/MTCount/375/48/1/17782794/100000000/10/iterations:5/manual_time",5,14.233,3.4272,ms,,,,,,6.27487e+07,7503.9,1.13038e+08,17926.1,9.99568e+07,3.33428e+07,15,5.64498e+06,2.06436e+09,14.233,0,0.00463939,3.60312e+08,0,3.33428e+07,5.62056e+08
"Bloom_Sectorized128_Nonpart_AVX512_4/MTCount/400/48/1/17782794/100000000/10/iterations:5/manual_time",5,14.2389,3.2332,ms,,,,,,6.49774e+07,6631.02,1.12774e+08,17199.4,1.00325e+08,3.55656e+07,16,5.16116e+06,2.07045e+09,14.2389,0,0.00382501,3.5275e+08,0,3.55656e+07,5.6214e+08
"Bloom_Sectorized128_Nonpart_AVX512_4/MTCount/425/48/1/17782794/100000000/10/iterations:5/manual_time",5,14.7055,3.16153,ms,,,,,,6.72287e+07,5750.77,1.12704e+08,18392.6,1.00809e+08,3.77885e+07,17,4.71578e+06,2.14195e+09,14.7055,0,0.00320043,3.48952e+08,0,3.77885e+07,5.81386e+08
"Bloom_Sectorized128_Nonpart_AVX512_4/MTCount/450/48/1/17782794/100000000/10/iterations:5/manual_time",5,15.069,3.28956,ms,,,,,,6.92407e+07,6123.93,1.1319e+08,19543.4,1.00868e+08,4.00113e+07,18,4.31341e+06,2.25786e+09,15.069,0,0.00268485,3.46807e+08,0,4.00113e+07,6.09721e+08
"Bloom_Sectorized128_Nonpart_AVX512_4/MTCount/475/48/1/17782794/100000000/10/iterations:5/manual_time",5,15.6793,3.30172,ms,,,,,,7.07766e+07,6159.96,1.13115e+08,19290.6,1.00892e+08,4.22342e+07,19,3.97063e+06,2.34258e+09,15.6793,0,0.00228274,3.41255e+08,0,4.22342e+07,6.30941e+08
"Bloom_Sectorized128_Nonpart_AVX512_4/MTCount/500/48/1/17782794/100000000/10/iterations:5/manual_time",5,15.6193,3.414,ms,,,,,,7.22639e+07,5987.11,1.13559e+08,19711.5,1.00819e+08,4.4457e+07,20,3.64601e+06,2.3136e+09,15.6193,0,0.00196847,3.39431e+08,0,4.4457e+07,6.2376e+08
"Bloom_Sectorized128_Nonpart_AVX512_4/MTCount/525/48/1/17782794/100000000/10/iterations:5/manual_time",5,15.8898,3.12268,ms,,,,,,7.32855e+07,5430.83,1.13393e+08,19338.7,1.00912e+08,4.66799e+07,21,3.41209e+06,2.42346e+09,15.8898,0,0.00169943,3.36343e+08,0,4.66799e+07,6.51838e+08
"Bloom_Sectorized128_Nonpart_AVX512_4/MTCount/550/48/1/17782794/100000000/10/iterations:5/manual_time",5,16.431,3.65853,ms,,,,,,7.46067e+07,6023.78,1.1355e+08,19163.6,1.00685e+08,4.89027e+07,22,3.19545e+06,2.48674e+09,16.431,0,0.00148075,3.33066e+08,0,4.89027e+07,6.68225e+08
"Bloom_Sectorized128_Nonpart_AVX512_4/MTCount/575/48/1/17782794/100000000/10/iterations:5/manual_time",5,16.7199,3.23877,ms,,,,,,7.56137e+07,5671.2,1.13423e+08,18958.6,1.01108e+08,5.11256e+07,23,2.97874e+06,2.55817e+09,16.7199,0,0.00129448,3.32727e+08,0,5.11256e+07,6.86836e+08
"Bloom_Sectorized128_Nonpart_AVX512_4/MTCount/600/48/1/17782794/100000000/10/iterations:5/manual_time",5,17.0954,3.22423,ms,,,,,,7.67001e+07,5598.97,1.13858e+08,19878.3,1.0069e+08,5.33484e+07,24,2.81746e+06,2.62422e+09,17.0954,0,0.00113924,3.28491e+08,0,5.33484e+07,7.03636e+08
"Bloom_Sectorized128_Nonpart_AVX512_4/MTCount/625/48/1/17782794/100000000/10/iterations:5/manual_time",5,17.3911,3.27577,ms,,,,,,7.75475e+07,5147.59,1.13422e+08,18765,1.01071e+08,5.55713e+07,25,2.63122e+06,2.68986e+09,17.3911,0,0.00101125,3.28997e+08,0,5.55713e+07,7.21414e+08
"Bloom_Sectorized128_Nonpart_AVX512_4/MTCount/650/48/1/17782794/100000000/10/iterations:5/manual_time",5,17.7601,3.59575,ms,,,,,,7.86396e+07,5756.37,1.13416e+08,19468.6,1.01301e+08,5.77941e+07,26,2.49572e+06,2.74431e+09,17.7601,0,0.00090224,3.26487e+08,0,5.77941e+07,7.35261e+08
"Bloom_Sectorized128_Nonpart_AVX512_4/MTCount/100/48/1/31622777/100000000/10/iterations:5/manual_time",5,7.52748,3.31303,ms,,,,,,2.13011e+07,3294.58,1.03875e+08,18522.1,1.00301e+08,1.58114e+07,4,363276,8.9026e+08,7.52748,0,0.168005,4.3558e+08,0,1.58114e+07,2.51432e+08
"Bloom_Sectorized128_Nonpart_AVX512_4/MTCount/125/48/1/31622777/100000000/10/iterations:5/manual_time",5,9.10262,3.12674,ms,,,,,,3.63613e+07,4196.67,1.0912e+08,22495.2,9.90526e+07,1.97643e+07,5.00001,832098,1.18607e+09,9.10262,0,0.0999371,4.5247e+08,0,1.97643e+07,3.27082e+08
"Bloom_Sectorized128_Nonpart_AVX512_4/MTCount/150/48/1/31622777/100000000/10/iterations:5/manual_time",5,11.4915,2.95405,ms,,,,,,4.75283e+07,7459.28,1.11538e+08,20078.2,9.8782e+07,2.37171e+07,6.00001,1.58679e+06,1.61661e+09,11.4915,0,0.0631479,4.46531e+08,0,2.37171e+07,4.35947e+08
"Bloom_Sectorized128_Nonpart_AVX512_4/MTCount/175/48/1/31622777/100000000/10/iterations:5/manual_time",5,13.4834,3.22065,ms,,,,,,5.53769e+07,7663.48,1.12616e+08,17561.6,9.90355e+07,2.767e+07,7.00001,2.58096e+06,2.02242e+09,13.4834,0,0.0418369,4.36379e+08,0,2.767e+07,5.4044e+08
"Bloom_Sectorized128_Nonpart_AVX512_4/MTCount/200/48/1/31622777/100000000/10/iterations:5/manual_time",5,15.3714,3.27928,ms,,,,,,6.06319e+07,5094.71,1.12373e+08,19316,9.96079e+07,3.16228e+07,8,3.56889e+06,2.37465e+09,15.3714,0,0.0289897,4.25511e+08,0,3.16228e+07,6.32513e+08
"Bloom_Sectorized128_Nonpart_AVX512_4/MTCount/225/48/1/31622777/100000000/10/iterations:5/manual_time",5,17.1113,3.23039,ms,,,,,,6.50745e+07,4020.12,1.12584e+08,22759.7,9.99333e+07,3.55757e+07,9.00001,4.58147e+06,2.64382e+09,17.1113,0,0.0207657,4.13236e+08,0,3.55757e+07,7.04324e+08
"Bloom_Sectorized128_Nonpart_AVX512_4/MTCount/250/48/1/31622777/100000000/10/iterations:5/manual_time",5,17.7274,3.17362,ms,,,,,,6.8876e+07,5941.23,1.12902e+08,23732.1,1.00332e+08,3.95285e+07,10,5.56944e+06,2.8123e+09,17.7274,0,0.0153504,4.02514e+08,0,3.95285e+07,7.50998e+08
"Bloom_Sectorized128_Nonpart_AVX512_4/MTCount/275/48/1/31622777/100000000/10/iterations:5/manual_time",5,18.523,3.28894,ms,,,,,,7.17645e+07,8475.29,1.13235e+08,22268.6,1.00659e+08,4.34813e+07,11,6.27078e+06,2.8886e+09,18.523,0,0.0116376,3.91697e+08,0,4.34813e+07,7.76538e+08
"Bloom_Sectorized128_Nonpart_AVX512_4/MTCount/300/48/1/31622777/100000000/10/iterations:5/manual_time",5,19.5711,3.19863,ms,,,,,,7.40467e+07,7862.87,1.13405e+08,22523.8,1.00822e+08,4.74342e+07,12,6.50007e+06,2.92911e+09,19.5711,0,0.00900616,3.83201e+08,0,4.74342e+07,7.90859e+08
"Bloom_Sectorized128_Nonpart_AVX512_4/MTCount/325/48/1/31622777/100000000/10/iterations:5/manual_time",5,19.2334,3.39211,ms,,,,,,7.62594e+07,9197.49,1.13679e+08,21689.9,1.01031e+08,5.13871e+07,13,6.44603e+06,2.92693e+09,19.2334,0,0.00711152,3.7242e+08,0,5.13871e+07,7.93112e+08
"Bloom_Sectorized128_Nonpart_AVX512_4/MTCount/350/48/1/31622777/100000000/10/iterations:5/manual_time",5,19.3151,3.17695,ms,,,,,,7.7972e+07,5766.66,1.13702e+08,23169.3,1.01309e+08,5.53399e+07,14,6.0717e+06,2.96031e+09,19.3151,0,0.00571123,3.69557e+08,0,5.53399e+07,8.02507e+08
"Bloom_Sectorized128_Nonpart_AVX512_4/MTCount/375/48/1/31622777/100000000/10/iterations:5/manual_time",5,19.3006,3.47474,ms,,,,,,7.93197e+07,5440.23,1.13802e+08,22627.4,1.01279e+08,5.92927e+07,15,5.6144e+06,2.99798e+09,19.3006,0,0.00464667,3.61551e+08,0,5.92927e+07,8.11994e+08
"Bloom_Sectorized128_Nonpart_AVX512_4/MTCount/400/48/1/31622777/100000000/10/iterations:5/manual_time",5,19.422,3.22995,ms,,,,,,8.06429e+07,5009.23,1.13773e+08,23896.5,1.01596e+08,6.32456e+07,16,5.12751e+06,3.03406e+09,19.422,0,0.00382671,3.56488e+08,0,6.32456e+07,8.20296e+08
"Bloom_Sectorized128_Nonpart_AVX512_4/MTCount/425/48/1/31622777/100000000/10/iterations:5/manual_time",5,19.707,3.56837,ms,,,,,,8.17661e+07,5338.18,1.13841e+08,21929.4,1.01921e+08,6.71985e+07,17,4.71344e+06,3.05311e+09,19.707,0,0.00319478,3.51973e+08,0,6.71985e+07,8.26183e+08
"Bloom_Sectorized128_Nonpart_AVX512_4/MTCount/450/48/1/31622777/100000000/10/iterations:5/manual_time",5,19.9729,3.57601,ms,,,,,,8.28175e+07,5625.14,1.13837e+08,22624.2,1.01862e+08,7.11513e+07,18,4.29383e+06,3.11006e+09,19.9729,0,0.00268898,3.478e+08,0,7.11513e+07,8.41116e+08
"Bloom_Sectorized128_Nonpart_AVX512_4/MTCount/475/48/1/31622777/100000000/10/iterations:5/manual_time",5,20.3139,3.30391,ms,,,,,,8.40385e+07,5004.77,1.13847e+08,22404,1.02424e+08,7.51041e+07,19,3.95352e+06,3.09437e+09,20.3139,0,0.00228636,3.41572e+08,0,7.51041e+07,8.36822e+08
"Bloom_Sectorized128_Nonpart_AVX512_4/MTCount/500/48/1/31622777/100000000/10/iterations:5/manual_time",5,20.4642,3.46988,ms,,,,,,8.45173e+07,4382.49,1.13775e+08,20785.2,1.02852e+08,7.9057e+07,20,3.69146e+06,3.20334e+09,20.4642,0,0.0019573,3.41946e+08,0,7.9057e+07,8.64465e+08
"Bloom_Sectorized128_Nonpart_AVX512_4/MTCount/525/48/1/31622777/100000000/10/iterations:5/manual_time",5,20.8459,3.66909,ms,,,,,,8.55823e+07,6347.19,1.14081e+08,21529.6,1.02785e+08,8.30098e+07,21,3.43013e+06,3.19848e+09,20.8459,0,0.00169603,3.35918e+08,0,8.30098e+07,8.62681e+08
"Bloom_Sectorized128_Nonpart_AVX512_4/MTCount/550/48/1/31622777/100000000/10/iterations:5/manual_time",5,20.9031,3.28506,ms,,,,,,8.58806e+07,4581.93,1.13709e+08,21895.4,1.03403e+08,8.69627e+07,22,3.19352e+06,3.28409e+09,20.9031,0,0.00147677,3.35621e+08,0,8.69627e+07,8.85073e+08
"Bloom_Sectorized128_Nonpart_AVX512_4/MTCount/575/48/1/31622777/100000000/10/iterations:5/manual_time",5,21.0392,3.45467,ms,,,,,,8.68366e+07,5956.86,1.13898e+08,21082.7,1.03758e+08,9.09155e+07,23,2.9866e+06,3.2742e+09,21.0392,0,0.00129381,3.3126e+08,0,9.09155e+07,8.82499e+08
"Bloom_Sectorized128_Nonpart_AVX512_4/MTCount/600/48/1/31622777/100000000/10/iterations:5/manual_time",5,21.3439,3.76733,ms,,,,,,8.73372e+07,5414.54,1.13861e+08,20598.1,1.04166e+08,9.48684e+07,24,2.84042e+06,3.36014e+09,21.3439,0,0.00113817,3.29912e+08,0,9.48684e+07,9.05273e+08
"Bloom_Sectorized128_Nonpart_AVX512_4/MTCount/625/48/1/31622777/100000000/10/iterations:5/manual_time",5,21.7007,3.70029,ms,,,,,,8.79834e+07,5725.46,1.13957e+08,20431,1.05096e+08,9.88212e+07,25,2.66935e+06,3.36592e+09,21.7007,0,0.00101195,3.2774e+08,0,9.88212e+07,9.06208e+08
"Bloom_Sectorized128_Nonpart_AVX512_4/MTCount/650/48/1/31622777/100000000/10/iterations:5/manual_time",5,22.075,3.41096,ms,,,,,,8.83011e+07,4591.3,1.13628e+08,22582,1.06137e+08,1.02774e+08,26,2.54402e+06,3.4956e+09,22.075,0,0.00089959,3.28374e+08,0,1.02774e+08,9.41284e+08
"Bloom_Sectorized128_Nonpart_AVX512_4/MTCount/100/48/1/56234133/100000000/10/iterations:5/manual_time",5,13.193,3.09122,ms,,,,,,5.62194e+07,6584.21,1.12782e+08,17427.6,9.93414e+07,2.81171e+07,4.00001,459569,1.98357e+09,13.193,0,0.167942,4.63755e+08,0,2.81171e+07,5.27414e+08
"Bloom_Sectorized128_Nonpart_AVX512_4/MTCount/125/48/1/56234133/100000000/10/iterations:5/manual_time",5,16.4655,3.02626,ms,,,,,,6.44908e+07,3449.36,1.12441e+08,21707.4,9.97861e+07,3.51464e+07,5,935538,2.50178e+09,16.4655,0,0.0999712,4.57609e+08,0,3.51464e+07,6.64734e+08
"Bloom_Sectorized128_Nonpart_AVX512_4/MTCount/150/48/1/56234133/100000000/10/iterations:5/manual_time",5,18.2179,3.00394,ms,,,,,,7.09667e+07,5501.01,1.12839e+08,24022.7,1.00354e+08,4.21756e+07,6,1.62176e+06,2.84714e+09,18.2179,0,0.0630817,4.50891e+08,0,4.21756e+07,7.55923e+08
"Bloom_Sectorized128_Nonpart_AVX512_4/MTCount/175/48/1/56234133/100000000/10/iterations:5/manual_time",5,19.9729,3.18989,ms,,,,,,7.52045e+07,7639.28,1.13233e+08,21406.1,1.00531e+08,4.92049e+07,7.00001,2.53946e+06,3.12896e+09,19.9729,0,0.0418623,4.3726e+08,0,4.92049e+07,8.30462e+08
"Bloom_Sectorized128_Nonpart_AVX512_4/MTCount/200/48/1/56234133/100000000/10/iterations:5/manual_time",5,21.5786,3.31507,ms,,,,,,7.82771e+07,7178.17,1.13522e+08,21568.7,1.00878e+08,5.62342e+07,8.00001,3.59517e+06,3.39836e+09,21.5786,0,0.0289843,4.2424e+08,0,5.62342e+07,9.01679e+08
"Bloom_Sectorized128_Nonpart_AVX512_4/MTCount/225/48/1/56234133/100000000/10/iterations:5/manual_time",5,22.4082,3.32617,ms,,,,,,8.08419e+07,7265.9,1.13656e+08,21767.2,1.01313e+08,6.32634e+07,9,4.62666e+06,3.56616e+09,22.4082,0,0.0207718,4.13479e+08,0,6.32634e+07,9.47022e+08
"Bloom_Sectorized128_Nonpart_AVX512_4/MTCount/250/48/1/56234133/100000000/10/iterations:5/manual_time",5,23.1631,3.30158,ms,,,,,,8.28038e+07,7668.71,1.13775e+08,21955.8,1.01905e+08,7.02927e+07,10,5.59106e+06,3.70008e+09,23.1631,0,0.015348,4.04678e+08,0,7.02927e+07,9.86242e+08
"Bloom_Sectorized128_Nonpart_AVX512_4/MTCount/275/48/1/56234133/100000000/10/iterations:5/manual_time",5,23.0748,3.41292,ms,,,,,,8.4401e+07,8780.48,1.13904e+08,20930.2,1.02596e+08,7.7322e+07,11,6.33897e+06,3.72016e+09,23.0748,0,0.0116271,3.93693e+08,0,7.7322e+07,9.97626e+08
"Bloom_Sectorized128_Nonpart_AVX512_4/MTCount/300/48/1/56234133/100000000/10/iterations:5/manual_time",5,23.0436,3.14328,ms,,,,,,8.5868e+07,10241.5,1.13784e+08,21842,1.03487e+08,8.43512e+07,12,6.57851e+06,3.68201e+09,23.0436,0,0.00900897,3.85521e+08,0,8.43512e+07,9.92999e+08
"Bloom_Sectorized128_Nonpart_AVX512_4/MTCount/325/48/1/56234133/100000000/10/iterations:5/manual_time",5,23.0033,3.51938,ms,,,,,,8.68723e+07,9295.81,1.13582e+08,19911.2,1.04445e+08,9.13805e+07,13,6.49491e+06,3.6625e+09,23.0033,0,0.00710269,3.76899e+08,0,9.13805e+07,9.8997e+08
"Bloom_Sectorized128_Nonpart_AVX512_4/MTCount/350/48/1/56234133/100000000/10/iterations:5/manual_time",5,23.4737,3.32645,ms,,,,,,8.78682e+07,8836.29,1.1383e+08,21359.3,1.05678e+08,9.84098e+07,14,6.14941e+06,3.60819e+09,23.4737,0,0.00570815,3.67611e+08,0,9.84098e+07,9.77468e+08
"Bloom_Sectorized128_Nonpart_AVX512_4/MTCount/375/48/1/56234133/100000000/10/iterations:5/manual_time",5,23.3182,2.96943,ms,,,,,,8.86089e+07,7040.3,1.13943e+08,23578.8,1.06832e+08,1.05439e+08,15,5.64456e+06,3.58733e+09,23.3182,0,0.00464285,3.63143e+08,0,1.05439e+08,9.72552e+08
"Bloom_Sectorized128_Nonpart_AVX512_4/MTCount/400/48/1/56234133/100000000/10/iterations:5/manual_time",5,22.9531,3.28139,ms,,,,,,8.91485e+07,7110.79,1.13748e+08,23993.4,1.08191e+08,1.12468e+08,16,5.18652e+06,3.62967e+09,22.9531,0,0.00382327,3.56974e+08,0,1.12468e+08,9.83722e+08
"Bloom_Sectorized128_Nonpart_AVX512_4/MTCount/425/48/1/56234133/100000000/10/iterations:5/manual_time",5,22.2971,3.59207,ms,,,,,,9.02593e+07,7804.68,1.13971e+08,19766.5,1.09136e+08,1.19498e+08,17,4.74529e+06,3.46386e+09,22.2971,0,0.00318654,3.50166e+08,0,1.19498e+08,9.39496e+08
"Bloom_Sectorized128_Nonpart_AVX512_4/MTCount/450/48/1/56234133/100000000/10/iterations:5/manual_time",5,23.2264,3.66228,ms,,,,,,9.05629e+07,7252.49,1.13899e+08,22735.9,1.10254e+08,1.26527e+08,18,4.33263e+06,3.65445e+09,23.2264,0,0.00268567,3.4805e+08,0,1.26527e+08,9.90226e+08
"Bloom_Sectorized128_Nonpart_AVX512_4/MTCount/475/48/1/56234133/100000000/10/iterations:5/manual_time",5,23.3641,3.39357,ms,,,,,,9.10509e+07,7163.72,1.13643e+08,23412.8,1.10897e+08,1.33556e+08,19,3.98945e+06,3.67009e+09,23.3641,0,0.00228333,3.4735e+08,0,1.33556e+08,9.94049e+08
"Bloom_Sectorized128_Nonpart_AVX512_4/MTCount/500/48/1/56234133/100000000/10/iterations:5/manual_time",5,23.0378,3.30523,ms,,,,,,9.16748e+07,8269.26,1.1379e+08,23217.6,1.12078e+08,1.40585e+08,20,3.69577e+06,3.71088e+09,23.0378,0,0.00195911,3.42269e+08,0,1.40585e+08,1.00395e+09
"Bloom_Sectorized128_Nonpart_AVX512_4/MTCount/525/48/1/56234133/100000000/10/iterations:5/manual_time",5,23.5608,3.65172,ms,,,,,,9.23595e+07,7324.79,1.14023e+08,22580.6,1.13709e+08,1.47615e+08,21,3.41418e+06,3.69099e+09,23.5608,0,0.00169088,3.40373e+08,0,1.47615e+08,9.98558e+08
"Bloom_Sectorized128_Nonpart_AVX512_4/MTCount/550/48/1/56234133/100000000/10/iterations:5/manual_time",5,23.4203,3.35293,ms,,,,,,9.25378e+07,7845.72,1.13907e+08,23554.7,1.15079e+08,1.54644e+08,22,3.20707e+06,3.73431e+09,23.4203,0,0.00146981,3.35948e+08,0,1.54644e+08,1.00954e+09
"Bloom_Sectorized128_Nonpart_AVX512_4/MTCount/575/48/1/56234133/100000000/10/iterations:5/manual_time",5,23.6382,3.74448,ms,,,,,,9.29337e+07,6907.24,1.13962e+08,22203.4,1.16005e+08,1.61673e+08,23,3.03547e+06,3.77186e+09,23.6382,0,0.00129054,3.31653e+08,0,1.61673e+08,1.01839e+09
"Bloom_Sectorized128_Nonpart_AVX512_4/MTCount/600/48/1/56234133/100000000/10/iterations:5/manual_time",5,23.8277,3.71819,ms,,,,,,9.34557e+07,7960.65,1.14155e+08,21992.7,1.1683e+08,1.68702e+08,24,2.83615e+06,3.75121e+09,23.8277,0,0.00113907,3.28916e+08,0,1.68702e+08,1.01329e+09
"Bloom_Sectorized128_Nonpart_AVX512_4/MTCount/625/48/1/56234133/100000000/10/iterations:5/manual_time",5,23.7774,3.59796,ms,,,,,,9.36597e+07,7426.18,1.13874e+08,21878.7,1.18028e+08,1.75732e+08,25,2.6591e+06,3.79949e+09,23.7774,0,0.00101272,3.2971e+08,0,1.75732e+08,1.02636e+09
"Bloom_Sectorized128_Nonpart_AVX512_4/MTCount/650/48/1/56234133/100000000/10/iterations:5/manual_time",5,24.6751,3.50357,ms,,,,,,9.38457e+07,7435.12,1.13845e+08,20854.1,1.19794e+08,1.82761e+08,26,2.59159e+06,3.86859e+09,24.6751,0,0.00089707,3.23573e+08,0,1.82761e+08,1.04209e+09
"Bloom_Sectorized128_Nonpart_AVX512_4/MTCount/100/48/1/100000000/100000000/10/iterations:5/manual_time",5,19.6132,3.10437,ms,,,,,,7.56236e+07,5525.62,1.1325e+08,22493.2,1.0048e+08,5.00001e+07,4.00001,435969,3.09407e+09,19.6132,0,0.168066,4.67742e+08,0,5.00001e+07,8.21397e+08
"Bloom_Sectorized128_Nonpart_AVX512_4/MTCount/125/48/1/100000000/100000000/10/iterations:5/manual_time",5,22.028,3.35818,ms,,,,,,8.06987e+07,7432.12,1.13578e+08,21257,1.01058e+08,6.25e+07,5,961463,3.52884e+09,22.028,0,0.0998999,4.59699e+08,0,6.25e+07,9.35804e+08
"Bloom_Sectorized128_Nonpart_AVX512_4/MTCount/150/48/1/100000000/100000000/10/iterations:5/manual_time",5,23.3821,3.39102,ms,,,,,,8.3895e+07,7299.27,1.13668e+08,20419.5,1.02103e+08,7.50001e+07,6.00001,1.74822e+06,3.75872e+09,23.3821,0,0.06307,4.49564e+08,0,7.50001e+07,9.96676e+08
"Bloom_Sectorized128_Nonpart_AVX512_4/MTCount/175/48/1/100000000/100000000/10/iterations:5/manual_time",5,24.5016,3.15669,ms,,,,,,8.60468e+07,6274.27,1.13526e+08,20771.8,1.03301e+08,8.75e+07,7,2.63202e+06,3.94664e+09,24.5016,0,0.0418862,4.40854e+08,0,8.75e+07,1.04658e+09
"Bloom_Sectorized128_Nonpart_AVX512_4/MTCount/200/48/1/100000000/100000000/10/iterations:5/manual_time",5,25.2355,3.30475,ms,,,,,,8.77183e+07,6016.75,1.13504e+08,21229.9,1.05538e+08,1e+08,8.00001,3.62032e+06,4.06209e+09,25.2355,0,0.0289877,4.29424e+08,0,1e+08,1.07738e+09
"Bloom_Sectorized128_Nonpart_AVX512_4/MTCount/225/48/1/100000000/100000000/10/iterations:5/manual_time",5,25.3737,3.3418,ms,,,,,,8.90086e+07,4815.67,1.1358e+08,22612,1.07898e+08,1.125e+08,9,4.64357e+06,4.17605e+09,25.3737,0,0.0207721,4.17773e+08,0,1.125e+08,1.11029e+09
"Bloom_Sectorized128_Nonpart_AVX512_4/MTCount/250/48/1/100000000/100000000/10/iterations:5/manual_time",5,26.2016,3.11807,ms,,,,,,9.03413e+07,6029.28,1.13881e+08,24286.4,1.09946e+08,1.25e+08,10,5.64601e+06,4.18753e+09,26.2016,0,0.0153464,4.07711e+08,0,1.25e+08,1.11801e+09
"Bloom_Sectorized128_Nonpart_AVX512_4/MTCount/275/48/1/100000000/100000000/10/iterations:5/manual_time",5,25.6547,3.16626,ms,,,,,,9.10585e+07,7709.87,1.13876e+08,24020.8,1.11555e+08,1.375e+08,11,6.33293e+06,4.19977e+09,25.6547,0,0.0116324,3.98929e+08,0,1.375e+08,1.12926e+09
"Bloom_Sectorized128_Nonpart_AVX512_4/MTCount/300/48/1/100000000/100000000/10/iterations:5/manual_time",5,25.5399,3.27078,ms,,,,,,9.19754e+07,8782.7,1.14111e+08,23176.8,1.14635e+08,1.5e+08,12,6.59066e+06,4.11544e+09,25.5399,0,0.00900598,3.87815e+08,0,1.5e+08,1.11306e+09
"Bloom_Sectorized128_Nonpart_AVX512_4/MTCount/325/48/1/100000000/100000000/10/iterations:5/manual_time",5,25.3565,3.2514,ms,,,,,,9.26334e+07,8669.14,1.13884e+08,22223.3,1.16459e+08,1.625e+08,13,6.51668e+06,4.06312e+09,25.3565,0,0.00710911,3.79326e+08,0,1.625e+08,1.10274e+09
"Bloom_Sectorized128_Nonpart_AVX512_4/MTCount/350/48/1/100000000/100000000/10/iterations:5/manual_time",5,25.1154,3.51096,ms,,,,,,9.32237e+07,8503.25,1.13941e+08,20809.9,1.18249e+08,1.75e+08,14,6.1678e+06,4.02082e+09,25.1154,0,0.00570406,3.70751e+08,0,1.75e+08,1.09312e+09
"Bloom_Sectorized128_Nonpart_AVX512_4/MTCount/375/48/1/100000000/100000000/10/iterations:5/manual_time",5,24.8016,3.50571,ms,,,,,,9.37301e+07,7737.86,1.13982e+08,21862.1,1.20914e+08,1.875e+08,15,5.69659e+06,3.96825e+09,24.8016,0,0.00463253,3.63423e+08,0,1.875e+08,1.07948e+09
"Bloom_Sectorized128_Nonpart_AVX512_4/MTCount/400/48/1/100000000/100000000/10/iterations:5/manual_time",5,24.9689,3.54682,ms,,,,,,9.42796e+07,7746.78,1.13572e+08,21109,1.23146e+08,2e+08,16,5.21505e+06,3.95747e+09,24.9689,0,0.00382439,3.58852e+08,0,2e+08,1.07741e+09
"Bloom_Sectorized128_Nonpart_AVX512_4/MTCount/425/48/1/100000000/100000000/10/iterations:5/manual_time",5,25.0002,3.6212,ms,,,,,,9.47502e+07,7764.41,1.13804e+08,21201.8,1.2492e+08,2.125e+08,17,4.79077e+06,3.93178e+09,25.0002,0,0.00318772,3.53455e+08,0,2.125e+08,1.06926e+09
"Bloom_Sectorized128_Nonpart_AVX512_4/MTCount/450/48/1/100000000/100000000/10/iterations:5/manual_time",5,24.7286,3.29402,ms,,,,,,9.5117e+07,7469.25,1.13708e+08,20674.9,1.27521e+08,2.25e+08,18,4.38872e+06,3.94204e+09,24.7286,0,0.00267954,3.494e+08,0,2.25e+08,1.07316e+09
"Bloom_Sectorized128_Nonpart_AVX512_4/MTCount/475/48/1/100000000/100000000/10/iterations:5/manual_time",5,25.0233,3.33924,ms,,,,,,9.55009e+07,7061.86,1.13883e+08,21428.4,1.2907e+08,2.375e+08,19,4.0205e+06,3.92183e+09,25.0233,0,0.00227916,3.45957e+08,0,2.375e+08,1.06674e+09
"Bloom_Sectorized128_Nonpart_AVX512_4/MTCount/500/48/1/100000000/100000000/10/iterations:5/manual_time",5,25.0748,3.59783,ms,,,,,,9.55611e+07,6844.67,1.13706e+08,20041.7,1.31266e+08,2.5e+08,20,3.76448e+06,3.98393e+09,25.0748,0,0.00195778,3.41134e+08,0,2.5e+08,1.08195e+09
"Bloom_Sectorized128_Nonpart_AVX512_4/MTCount/525/48/1/100000000/100000000/10/iterations:5/manual_time",5,24.7557,3.05274,ms,,,,,,9.58263e+07,5817,1.13542e+08,21284.6,1.33167e+08,2.625e+08,21,3.49712e+06,3.95281e+09,24.7557,0,0.00168831,3.3893e+08,0,2.625e+08,1.07467e+09
"Bloom_Sectorized128_Nonpart_AVX512_4/MTCount/550/48/1/100000000/100000000/10/iterations:5/manual_time",5,24.9652,3.28482,ms,,,,,,9.61322e+07,6065.11,1.13437e+08,20407.8,1.35228e+08,2.75e+08,22,3.27295e+06,3.99137e+09,24.9652,0,0.00147259,3.35818e+08,0,2.75e+08,1.08334e+09
"Bloom_Sectorized128_Nonpart_AVX512_4/MTCount/575/48/1/100000000/100000000/10/iterations:5/manual_time",5,24.9605,3.13787,ms,,,,,,9.65385e+07,6263.42,1.13459e+08,20479.8,1.3688e+08,2.875e+08,23,3.07501e+06,3.9656e+09,24.9605,0,0.00129177,3.32439e+08,0,2.875e+08,1.07676e+09
"Bloom_Sectorized128_Nonpart_AVX512_4/MTCount/600/48/1/100000000/100000000/10/iterations:5/manual_time",5,25.1757,3.30588,ms,,,,,,9.65718e+07,7101.98,1.13782e+08,20971.3,1.39037e+08,3e+08,24,2.91033e+06,3.99687e+09,25.1757,0,0.00113253,3.29603e+08,0,3e+08,1.08342e+09
"Bloom_Sectorized128_Nonpart_AVX512_4/MTCount/625/48/1/100000000/100000000/10/iterations:5/manual_time",5,24.8484,3.3522,ms,,,,,,9.68523e+07,7506.53,1.13661e+08,20601.9,1.40985e+08,3.125e+08,25,2.72118e+06,3.96875e+09,24.8484,0,0.00100834,3.30513e+08,0,3.125e+08,1.07787e+09
"Bloom_Sectorized128_Nonpart_AVX512_4/MTCount/650/48/1/100000000/100000000/10/iterations:5/manual_time",5,25.0334,3.60598,ms,,,,,,9.67346e+07,7120.43,1.1382e+08,19769.4,1.43008e+08,3.25e+08,26,2.59172e+06,4.01272e+09,25.0334,0,0.00089552,3.27603e+08,0,3.25e+08,1.0878e+09
