name,iterations,real_time,cpu_time,time_unit,bytes_per_second,items_per_second,label,error_occurred,error_message,"DTLB-misses","ITLB-misses","L1D-misses","L1I-misses","LLC-misses","avg_size","bits","branch-misses","cycles","duration","failures","fpr","instructions","retries","size","task-clock"
"PeterBloom_Nonpart_Scalar_7/MTCount/100/48/1/10000/100000000/10/iterations:5/manual_time",5,9.96753,2.72017,ms,,,,,,204923,3893.49,1.47273e+07,20064.6,429417,16384,13.1072,121026,1.37225e+09,9.96753,0,0.00473288,5.09446e+09,0,16384,3.64702e+08
"PeterBloom_Nonpart_Scalar_7/MTCount/114/48/1/10000/100000000/10/iterations:5/manual_time",5,10.0165,2.80346,ms,,,,,,204994,5198.06,1.48234e+07,18540.7,506684,16384,13.1072,121748,1.37351e+09,10.0165,0,0.00473288,5.11447e+09,0,16384,3.64596e+08
"PeterBloom_Nonpart_Scalar_7/MTCount/128/48/1/10000/100000000/10/iterations:5/manual_time",5,10.0176,2.79688,ms,,,,,,204575,4345.13,1.47904e+07,18677.8,492471,16384,13.1072,120294,1.37315e+09,10.0176,0,0.00473288,5.09706e+09,0,16384,3.65108e+08
"PeterBloom_Nonpart_Scalar_7/MTCount/142/48/1/10000/100000000/10/iterations:5/manual_time",5,10.0055,2.69189,ms,,,,,,205302,3394.68,1.46967e+07,19547.6,438098,16384,13.1072,122499,1.37359e+09,10.0055,0,0.00473288,5.07472e+09,0,16384,3.65914e+08
"PeterBloom_Nonpart_Scalar_7/MTCount/157/48/1/10000/100000000/10/iterations:5/manual_time",5,10.0941,2.72124,ms,,,,,,204749,2827.67,1.47933e+07,19120,434202,16384,13.1072,116954,1.37288e+09,10.0941,0,0.00473288,5.0993e+09,0,16384,3.65219e+08
"PeterBloom_Nonpart_Scalar_7/MTCount/171/48/1/10000/100000000/10/iterations:5/manual_time",5,10.0026,2.78839,ms,,,,,,204294,4422.98,1.47648e+07,18339.5,462097,16384,13.1072,123097,1.37402e+09,10.0026,0,0.00473288,5.08914e+09,0,16384,3.65256e+08
"PeterBloom_Nonpart_Scalar_7/MTCount/185/48/1/10000/100000000/10/iterations:5/manual_time",5,10.0229,2.84521,ms,,,,,,205564,3723.8,1.47852e+07,18471.6,416515,16384,13.1072,124812,1.37487e+09,10.0229,0,0.00473288,5.07243e+09,0,16384,3.65762e+08
"PeterBloom_Nonpart_Scalar_7/MTCount/200/48/1/10000/100000000/10/iterations:5/manual_time",5,10.2308,2.71819,ms,,,,,,206499,3748.48,4.14379e+07,18477.2,865817,32768,26.2144,130921,1.40124e+09,10.2308,0,0.00027391,5.07895e+09,0,32768,3.73487e+08
"PeterBloom_Nonpart_Scalar_7/MTCount/214/48/1/10000/100000000/10/iterations:5/manual_time",5,10.1979,2.83147,ms,,,,,,205751,4252.87,4.15144e+07,18639.5,840984,32768,26.2144,121500,1.40159e+09,10.1979,0,0.00027391,5.09287e+09,0,32768,3.72658e+08
"PeterBloom_Nonpart_Scalar_7/MTCount/228/48/1/10000/100000000/10/iterations:5/manual_time",5,10.2306,2.83359,ms,,,,,,206695,4784.28,4.15965e+07,17901.2,852980,32768,26.2144,117391,1.40459e+09,10.2306,0,0.00027391,5.112e+09,0,32768,3.73149e+08
"PeterBloom_Nonpart_Scalar_7/MTCount/242/48/1/10000/100000000/10/iterations:5/manual_time",5,10.1889,2.82402,ms,,,,,,206365,4674.84,4.15462e+07,18022.5,833995,32768,26.2144,122087,1.40393e+09,10.1889,0,0.00027391,5.10383e+09,0,32768,3.72754e+08
"PeterBloom_Nonpart_Scalar_7/MTCount/257/48/1/10000/100000000/10/iterations:5/manual_time",5,10.3174,2.83299,ms,,,,,,205111,3573.29,4.14274e+07,17623,803338,32768,26.2144,121366,1.40358e+09,10.3174,0,0.00027391,5.06901e+09,0,32768,3.73924e+08
"PeterBloom_Nonpart_Scalar_7/MTCount/271/48/1/10000/100000000/10/iterations:5/manual_time",5,10.2363,2.84286,ms,,,,,,205992,5312.39,4.158e+07,18321.3,892777,32768,26.2144,121359,1.40561e+09,10.2363,0,0.00027391,5.11571e+09,0,32768,3.73314e+08
"PeterBloom_Nonpart_Scalar_7/MTCount/285/48/1/10000/100000000/10/iterations:5/manual_time",5,10.3227,2.76278,ms,,,,,,205070,3120.14,4.14671e+07,18723,802918,32768,26.2144,125388,1.39895e+09,10.3227,0,0.00027391,5.08155e+09,0,32768,3.72179e+08
"PeterBloom_Nonpart_Scalar_7/MTCount/300/48/1/10000/100000000/10/iterations:5/manual_time",5,10.1802,2.79053,ms,,,,,,205660,4812.02,4.15407e+07,17859.9,874213,32768,26.2144,125425,1.4035e+09,10.1802,0,0.00027391,5.106e+09,0,32768,3.72641e+08
"PeterBloom_Nonpart_Scalar_7/MTCount/314/48/1/10000/100000000/10/iterations:5/manual_time",5,10.227,2.83395,ms,,,,,,205142,4168.75,4.16402e+07,17911.9,874662,32768,26.2144,125821,1.40357e+09,10.227,0,0.00027391,5.11709e+09,0,32768,3.73202e+08
"PeterBloom_Nonpart_Scalar_7/MTCount/328/48/1/10000/100000000/10/iterations:5/manual_time",5,10.1741,2.82179,ms,,,,,,205640,4098.65,4.1577e+07,18218.1,834631,32768,26.2144,117361,1.40262e+09,10.1741,0,0.00027391,5.10461e+09,0,32768,3.72661e+08
"PeterBloom_Nonpart_Scalar_7/MTCount/342/48/1/10000/100000000/10/iterations:5/manual_time",5,10.2012,2.84408,ms,,,,,,204331,4729.02,4.16179e+07,17644.3,843134,32768,26.2144,126588,1.40346e+09,10.2012,0,0.00027391,5.10894e+09,0,32768,3.73076e+08
"PeterBloom_Nonpart_Scalar_7/MTCount/357/48/1/10000/100000000/10/iterations:5/manual_time",5,10.2419,2.85058,ms,,,,,,205314,4348.23,4.15818e+07,18489.7,834258,32768,26.2144,110629,1.40101e+09,10.2419,0,0.00027391,5.10516e+09,0,32768,3.72406e+08
"PeterBloom_Nonpart_Scalar_7/MTCount/371/48/1/10000/100000000/10/iterations:5/manual_time",5,10.2306,2.85381,ms,,,,,,205693,3493.32,4.15711e+07,18610.7,830578,32768,26.2144,129594,1.40146e+09,10.2306,0,0.00027391,5.08335e+09,0,32768,3.72724e+08
"PeterBloom_Nonpart_Scalar_7/MTCount/100/48/1/17783/100000000/10/iterations:5/manual_time",5,10.1018,2.84772,ms,,,,,,204879,4303.65,1.48038e+07,18656.7,443685,16384,7.37063,116317,1.37274e+09,10.1018,0,0.0432214,5.09633e+09,0,16384,3.6463e+08
"PeterBloom_Nonpart_Scalar_7/MTCount/114/48/1/17783/100000000/10/iterations:5/manual_time",5,10.2171,2.85862,ms,,,,,,205046,3974.58,4.15047e+07,18581,834525,32768,14.7413,120940,1.40401e+09,10.2171,0,0.00300004,5.08946e+09,0,32768,3.7336e+08
"PeterBloom_Nonpart_Scalar_7/MTCount/128/48/1/17783/100000000/10/iterations:5/manual_time",5,10.2339,2.77615,ms,,,,,,206795,3662.69,4.1469e+07,19509.2,814094,32768,14.7413,119300,1.40174e+09,10.2339,0,0.00300004,5.08516e+09,0,32768,3.72868e+08
"PeterBloom_Nonpart_Scalar_7/MTCount/142/48/1/17783/100000000/10/iterations:5/manual_time",5,10.2142,2.85567,ms,,,,,,205422,5302.26,4.15333e+07,18542.6,827372,32768,14.7413,122316,1.40591e+09,10.2142,0,0.00300004,5.1093e+09,0,32768,3.73141e+08
"PeterBloom_Nonpart_Scalar_7/MTCount/157/48/1/17783/100000000/10/iterations:5/manual_time",5,10.2347,2.85269,ms,,,,,,205852,4769.28,4.15691e+07,18737.6,832319,32768,14.7413,124040,1.40577e+09,10.2347,0,0.00300004,5.10799e+09,0,32768,3.73576e+08
"PeterBloom_Nonpart_Scalar_7/MTCount/171/48/1/17783/100000000/10/iterations:5/manual_time",5,10.2027,2.81588,ms,,,,,,206244,3721.36,4.15404e+07,18797.8,858261,32768,14.7413,131314,1.39927e+09,10.2027,0,0.00300004,5.09337e+09,0,32768,3.72092e+08
"PeterBloom_Nonpart_Scalar_7/MTCount/185/48/1/17783/100000000/10/iterations:5/manual_time",5,10.0872,2.73222,ms,,,,,,207953,3531.29,4.1391e+07,19259.8,808180,32768,14.7413,132246,1.40382e+09,10.0872,0,0.00300004,5.07018e+09,0,32768,3.73457e+08
"PeterBloom_Nonpart_Scalar_7/MTCount/200/48/1/17783/100000000/10/iterations:5/manual_time",5,9.88183,2.96766,ms,,,,,,210647,5683.05,4.16238e+07,19422.2,834668,32768,14.7413,113552,1.40713e+09,9.88183,0,0.00300004,5.10133e+09,0,32768,3.74055e+08
"PeterBloom_Nonpart_Scalar_7/MTCount/214/48/1/17783/100000000/10/iterations:5/manual_time",5,10.0531,2.87351,ms,,,,,,212884,3129.05,7.09681e+07,19076,865117,65536,29.4825,132896,1.41688e+09,10.0531,0,0.00017177,5.087e+09,0,65536,3.77871e+08
"PeterBloom_Nonpart_Scalar_7/MTCount/228/48/1/17783/100000000/10/iterations:5/manual_time",5,10.0055,2.95313,ms,,,,,,214336,4580.63,7.10153e+07,18740.7,905241,65536,29.4825,125233,1.41635e+09,10.0055,0,0.00017177,5.09597e+09,0,65536,3.76377e+08
"PeterBloom_Nonpart_Scalar_7/MTCount/242/48/1/17783/100000000/10/iterations:5/manual_time",5,10.08,2.95707,ms,,,,,,217433,5389.41,7.11443e+07,19890.8,916720,65536,29.4825,125045,1.41869e+09,10.08,0,0.00017177,5.1017e+09,0,65536,3.77177e+08
"PeterBloom_Nonpart_Scalar_7/MTCount/257/48/1/17783/100000000/10/iterations:5/manual_time",5,10.2174,2.69411,ms,,,,,,210802,5845.13,7.12682e+07,17845.9,937798,65536,29.4825,114683,1.41415e+09,10.2174,0,0.00017177,5.1298e+09,0,65536,3.75864e+08
"PeterBloom_Nonpart_Scalar_7/MTCount/271/48/1/17783/100000000/10/iterations:5/manual_time",5,9.93126,2.99972,ms,,,,,,219228,5645.12,7.09854e+07,18743,921624,65536,29.4825,121813,1.4189e+09,9.93126,0,0.00017177,5.10213e+09,0,65536,3.76985e+08
"PeterBloom_Nonpart_Scalar_7/MTCount/285/48/1/17783/100000000/10/iterations:5/manual_time",5,10.2979,2.76018,ms,,,,,,209938,4827.03,7.09776e+07,19547,907491,65536,29.4825,134227,1.41677e+09,10.2979,0,0.00017177,5.09642e+09,0,65536,3.76609e+08
"PeterBloom_Nonpart_Scalar_7/MTCount/300/48/1/17783/100000000/10/iterations:5/manual_time",5,10.3185,2.82763,ms,,,,,,207955,5134.47,7.11046e+07,17438.3,917100,65536,29.4825,130314,1.41774e+09,10.3185,0,0.00017177,5.11605e+09,0,65536,3.76989e+08
"PeterBloom_Nonpart_Scalar_7/MTCount/314/48/1/17783/100000000/10/iterations:5/manual_time",5,10.317,2.85328,ms,,,,,,207451,5240.12,7.14811e+07,17330,955043,65536,29.4825,129877,1.41658e+09,10.317,0,0.00017177,5.14542e+09,0,65536,3.77139e+08
"PeterBloom_Nonpart_Scalar_7/MTCount/328/48/1/17783/100000000/10/iterations:5/manual_time",5,10.2884,2.84566,ms,,,,,,207503,4250.99,7.11024e+07,17702.8,906854,65536,29.4825,120890,1.4156e+09,10.2884,0,0.00017177,5.11588e+09,0,65536,3.76294e+08
"PeterBloom_Nonpart_Scalar_7/MTCount/342/48/1/17783/100000000/10/iterations:5/manual_time",5,10.5617,2.85527,ms,,,,,,208099,4663.98,7.1222e+07,17683.1,940270,65536,29.4825,140196,1.41342e+09,10.5617,0,0.00017177,5.1079e+09,0,65536,3.77309e+08
"PeterBloom_Nonpart_Scalar_7/MTCount/357/48/1/17783/100000000/10/iterations:5/manual_time",5,10.3136,2.88443,ms,,,,,,208237,5823.93,7.11112e+07,18059.1,958010,65536,29.4825,135526,1.41808e+09,10.3136,0,0.00017177,5.13066e+09,0,65536,3.765e+08
"PeterBloom_Nonpart_Scalar_7/MTCount/371/48/1/17783/100000000/10/iterations:5/manual_time",5,10.3134,2.85878,ms,,,,,,210087,4962.46,7.10661e+07,18175.5,927001,65536,29.4825,117462,1.41857e+09,10.3134,0,0.00017177,5.12087e+09,0,65536,3.77149e+08
"PeterBloom_Nonpart_Scalar_7/MTCount/100/48/1/31623/100000000/10/iterations:5/manual_time",5,10.2298,2.8371,ms,,,,,,205211,5197.95,4.16734e+07,18132.8,873369,32768,8.28966,119821,1.40278e+09,10.2298,0,0.0284449,5.11805e+09,0,32768,3.729e+08
"PeterBloom_Nonpart_Scalar_7/MTCount/114/48/1/31623/100000000/10/iterations:5/manual_time",5,10.2299,2.80862,ms,,,,,,207409,4694.46,4.15379e+07,19212.3,898920,32768,8.28966,128608,1.40257e+09,10.2299,0,0.0284449,5.10574e+09,0,32768,3.73084e+08
"PeterBloom_Nonpart_Scalar_7/MTCount/128/48/1/31623/100000000/10/iterations:5/manual_time",5,10.2224,2.64128,ms,,,,,,211193,4139.05,7.09201e+07,19084.2,858022,65536,16.5793,119691,1.41513e+09,10.2224,0,0.00182301,5.08516e+09,0,65536,3.7702e+08
"PeterBloom_Nonpart_Scalar_7/MTCount/142/48/1/31623/100000000/10/iterations:5/manual_time",5,10.2432,2.68389,ms,,,,,,210092,4154.48,7.12033e+07,18535.9,894014,65536,16.5793,109886,1.41197e+09,10.2432,0,0.00182301,5.11192e+09,0,65536,3.75074e+08
"PeterBloom_Nonpart_Scalar_7/MTCount/157/48/1/31623/100000000/10/iterations:5/manual_time",5,10.2112,2.60978,ms,,,,,,207807,4159.19,7.09909e+07,18726.3,875527,65536,16.5793,121088,1.41487e+09,10.2112,0,0.00182301,5.0947e+09,0,65536,3.76229e+08
"PeterBloom_Nonpart_Scalar_7/MTCount/171/48/1/31623/100000000/10/iterations:5/manual_time",5,10.3145,2.76308,ms,,,,,,207678,4483.91,7.10244e+07,18554.3,895373,65536,16.5793,114168,1.41722e+09,10.3145,0,0.00182301,5.11272e+09,0,65536,3.76616e+08
"PeterBloom_Nonpart_Scalar_7/MTCount/185/48/1/31623/100000000/10/iterations:5/manual_time",5,10.3161,2.83275,ms,,,,,,206798,4335.59,7.10471e+07,18221.8,904821,65536,16.5793,121820,1.41538e+09,10.3161,0,0.00182301,5.10216e+09,0,65536,3.76263e+08
"PeterBloom_Nonpart_Scalar_7/MTCount/200/48/1/31623/100000000/10/iterations:5/manual_time",5,10.3514,2.88375,ms,,,,,,207866,5103.25,7.12537e+07,18246.4,894212,65536,16.5793,118554,1.41797e+09,10.3514,0,0.00182301,5.11659e+09,0,65536,3.77728e+08
"PeterBloom_Nonpart_Scalar_7/MTCount/214/48/1/31623/100000000/10/iterations:5/manual_time",5,10.3128,2.87365,ms,,,,,,208208,5771.24,7.14316e+07,17929.6,987387,65536,16.5793,137915,1.41684e+09,10.3128,0,0.00182301,5.14921e+09,0,65536,3.76918e+08
"PeterBloom_Nonpart_Scalar_7/MTCount/228/48/1/31623/100000000/10/iterations:5/manual_time",5,10.3282,2.86569,ms,,,,,,207960,4713.98,7.11874e+07,18106.2,953444,65536,16.5793,121280,1.41835e+09,10.3282,0,0.00182301,5.12574e+09,0,65536,3.77478e+08
"PeterBloom_Nonpart_Scalar_7/MTCount/242/48/1/31623/100000000/10/iterations:5/manual_time",5,10.3605,2.84818,ms,,,,,,211545,3462.45,9.08665e+07,17952.8,920368,131072,33.1587,121625,1.42251e+09,10.3605,0,0.00010619,5.10291e+09,0,131072,3.7947e+08
"PeterBloom_Nonpart_Scalar_7/MTCount/257/48/1/31623/100000000/10/iterations:5/manual_time",5,10.3683,2.89038,ms,,,,,,210891,4525.44,9.09357e+07,17764.2,922172,131072,33.1587,134449,1.42211e+09,10.3683,0,0.00010619,5.10988e+09,0,131072,3.78698e+08
"PeterBloom_Nonpart_Scalar_7/MTCount/271/48/1/31623/100000000/10/iterations:5/manual_time",5,10.3704,2.89906,ms,,,,,,212216,5654.96,9.11731e+07,17705.6,960441,131072,33.1587,124676,1.42446e+09,10.3704,0,0.00010619,5.13031e+09,0,131072,3.79616e+08
"PeterBloom_Nonpart_Scalar_7/MTCount/285/48/1/31623/100000000/10/iterations:5/manual_time",5,10.3494,2.794,ms,,,,,,213438,4962.46,9.12064e+07,17739.2,914965,131072,33.1587,125673,1.41839e+09,10.3494,0,0.00010619,5.10946e+09,0,131072,3.78125e+08
"PeterBloom_Nonpart_Scalar_7/MTCount/300/48/1/31623/100000000/10/iterations:5/manual_time",5,10.3771,2.73699,ms,,,,,,213041,3711.28,9.06138e+07,18401.5,915649,131072,33.1587,130349,1.41812e+09,10.3771,0,0.00010619,5.07205e+09,0,131072,3.79015e+08
"PeterBloom_Nonpart_Scalar_7/MTCount/314/48/1/31623/100000000/10/iterations:5/manual_time",5,10.3328,2.85828,ms,,,,,,212762,5181.95,9.07903e+07,18476.8,905698,131072,33.1587,118883,1.42454e+09,10.3328,0,0.00010619,5.11093e+09,0,131072,3.79449e+08
"PeterBloom_Nonpart_Scalar_7/MTCount/328/48/1/31623/100000000/10/iterations:5/manual_time",5,10.3744,2.81675,ms,,,,,,212951,4020.21,9.09453e+07,18440.8,889054,131072,33.1587,109519,1.42097e+09,10.3744,0,0.00010619,5.10523e+09,0,131072,3.78699e+08
"PeterBloom_Nonpart_Scalar_7/MTCount/342/48/1/31623/100000000/10/iterations:5/manual_time",5,10.3635,2.87646,ms,,,,,,213650,5190.35,9.12806e+07,17500.3,918625,131072,33.1587,126115,1.4196e+09,10.3635,0,0.00010619,5.11624e+09,0,131072,3.783e+08
"PeterBloom_Nonpart_Scalar_7/MTCount/357/48/1/31623/100000000/10/iterations:5/manual_time",5,10.2958,2.7937,ms,,,,,,213592,5397.99,9.14202e+07,18204.7,980705,131072,33.1587,144485,1.42005e+09,10.2958,0,0.00010619,5.13822e+09,0,131072,3.78468e+08
"PeterBloom_Nonpart_Scalar_7/MTCount/371/48/1/31623/100000000/10/iterations:5/manual_time",5,10.2813,2.78917,ms,,,,,,220508,4657.31,9.06632e+07,19471.6,870378,131072,33.1587,123370,1.42207e+09,10.2813,0,0.00010619,5.07282e+09,0,131072,3.7941e+08
"PeterBloom_Nonpart_Scalar_7/MTCount/100/48/1/56234/100000000/10/iterations:5/manual_time",5,10.2535,2.72195,ms,,,,,,208889,4062.64,7.09492e+07,18873,873722,65536,9.32333,111153,1.41424e+09,10.2535,0,0.0185542,5.08438e+09,0,65536,3.76351e+08
"PeterBloom_Nonpart_Scalar_7/MTCount/114/48/1/56234/100000000/10/iterations:5/manual_time",5,10.4282,2.94527,ms,,,,,,207142,3865.69,7.09251e+07,18235.6,905692,65536,9.32333,127419,1.4183e+09,10.4282,0,0.0185542,5.09672e+09,0,65536,3.78037e+08
"PeterBloom_Nonpart_Scalar_7/MTCount/128/48/1/56234/100000000/10/iterations:5/manual_time",5,10.3205,2.92239,ms,,,,,,208423,5532.86,7.11993e+07,17994.4,957443,65536,9.32333,141832,1.41685e+09,10.3205,0,0.0185542,5.12895e+09,0,65536,3.76246e+08
"PeterBloom_Nonpart_Scalar_7/MTCount/142/48/1/56234/100000000/10/iterations:5/manual_time",5,10.2513,2.70902,ms,,,,,,214265,4676.46,9.07686e+07,18764.5,902885,131072,18.6467,120254,1.42238e+09,10.2513,0,0.0011568,5.11035e+09,0,131072,3.78631e+08
"PeterBloom_Nonpart_Scalar_7/MTCount/157/48/1/56234/100000000/10/iterations:5/manual_time",5,10.341,2.92493,ms,,,,,,214159,3877.45,9.07951e+07,18247.6,888223,131072,18.6467,108409,1.42104e+09,10.341,0,0.0011568,5.10563e+09,0,131072,3.78707e+08
"PeterBloom_Nonpart_Scalar_7/MTCount/171/48/1/56234/100000000/10/iterations:5/manual_time",5,10.4229,2.73384,ms,,,,,,214411,3804.3,9.08076e+07,18792,848546,131072,18.6467,120233,1.41811e+09,10.4229,0,0.0011568,5.07833e+09,0,131072,3.7839e+08
"PeterBloom_Nonpart_Scalar_7/MTCount/185/48/1/56234/100000000/10/iterations:5/manual_time",5,10.2922,2.70531,ms,,,,,,211335,3609.74,9.07732e+07,18451,857532,131072,18.6467,111704,1.41514e+09,10.2922,0,0.0011568,5.08208e+09,0,131072,3.77023e+08
"PeterBloom_Nonpart_Scalar_7/MTCount/200/48/1/56234/100000000/10/iterations:5/manual_time",5,10.2823,2.71313,ms,,,,,,211847,4885.7,9.09242e+07,18375.3,906537,131072,18.6467,112565,1.41849e+09,10.2823,0,0.0011568,5.11178e+09,0,131072,3.77479e+08
"PeterBloom_Nonpart_Scalar_7/MTCount/214/48/1/56234/100000000/10/iterations:5/manual_time",5,10.3133,2.72794,ms,,,,,,212038,4627.41,9.08273e+07,18499.2,842132,131072,18.6467,106784,1.41817e+09,10.3133,0,0.0011568,5.09237e+09,0,131072,3.77589e+08
"PeterBloom_Nonpart_Scalar_7/MTCount/228/48/1/56234/100000000/10/iterations:5/manual_time",5,10.2046,2.79279,ms,,,,,,213028,4080.54,9.07283e+07,18878.3,852704,131072,18.6467,109864,1.41614e+09,10.2046,0,0.0011568,5.08016e+09,0,131072,3.77221e+08
"PeterBloom_Nonpart_Scalar_7/MTCount/242/48/1/56234/100000000/10/iterations:5/manual_time",5,10.4051,2.74768,ms,,,,,,212861,3006.28,9.08506e+07,18716.3,863810,131072,18.6467,116642,1.42065e+09,10.4051,0,0.0011568,5.10029e+09,0,131072,3.79056e+08
"PeterBloom_Nonpart_Scalar_7/MTCount/257/48/1/56234/100000000/10/iterations:5/manual_time",5,10.3009,2.71269,ms,,,,,,213070,4538.1,9.08985e+07,18122,874837,131072,18.6467,117131,1.41756e+09,10.3009,0,0.0011568,5.10418e+09,0,131072,3.77164e+08
"PeterBloom_Nonpart_Scalar_7/MTCount/271/48/1/56234/100000000/10/iterations:5/manual_time",5,10.4141,2.6951,ms,,,,,,225816,4884.2,1.0118e+08,18408.1,1.03159e+06,262144,37.2933,125479,1.42641e+09,10.4141,0,6.818e-05,5.101e+09,0,262144,3.80252e+08
"PeterBloom_Nonpart_Scalar_7/MTCount/285/48/1/56234/100000000/10/iterations:5/manual_time",5,10.3269,2.70074,ms,,,,,,225128,4786.01,1.01151e+08,18560.7,1.03528e+06,262144,37.2933,102844,1.42382e+09,10.3269,0,6.818e-05,5.10881e+09,0,262144,3.79175e+08
"PeterBloom_Nonpart_Scalar_7/MTCount/300/48/1/56234/100000000/10/iterations:5/manual_time",5,10.3522,2.67385,ms,,,,,,218424,3721.04,1.0118e+08,17965.2,1.04913e+06,262144,37.2933,132810,1.41916e+09,10.3522,0,6.818e-05,5.0816e+09,0,262144,3.78931e+08
"PeterBloom_Nonpart_Scalar_7/MTCount/314/48/1/56234/100000000/10/iterations:5/manual_time",5,10.3605,2.7297,ms,,,,,,225190,5935.72,1.01751e+08,17731.4,1.14854e+06,262144,37.2933,131839,1.42469e+09,10.3605,0,6.818e-05,5.15107e+09,0,262144,3.79492e+08
"PeterBloom_Nonpart_Scalar_7/MTCount/328/48/1/56234/100000000/10/iterations:5/manual_time",5,10.2566,2.78413,ms,,,,,,228409,5479.43,1.01164e+08,17890.5,1.04158e+06,262144,37.2933,116288,1.42451e+09,10.2566,0,6.818e-05,5.11298e+09,0,262144,3.79079e+08
"PeterBloom_Nonpart_Scalar_7/MTCount/342/48/1/56234/100000000/10/iterations:5/manual_time",5,10.3082,2.67492,ms,,,,,,224958,3765.75,1.0122e+08,18368.7,947937,262144,37.2933,120647,1.4216e+09,10.3082,0,6.818e-05,5.07626e+09,0,262144,3.7898e+08
"PeterBloom_Nonpart_Scalar_7/MTCount/357/48/1/56234/100000000/10/iterations:5/manual_time",5,10.3545,2.71874,ms,,,,,,219201,3924.58,1.01158e+08,18270.6,930965,262144,37.2933,104289,1.42351e+09,10.3545,0,6.818e-05,5.08526e+09,0,262144,3.80284e+08
"PeterBloom_Nonpart_Scalar_7/MTCount/371/48/1/56234/100000000/10/iterations:5/manual_time",5,10.3578,2.75186,ms,,,,,,229461,6061.48,1.01762e+08,17383,1.11281e+06,262144,37.2933,154913,1.42134e+09,10.3578,0,6.818e-05,5.106e+09,0,262144,3.80641e+08
"PeterBloom_Nonpart_Scalar_7/MTCount/100/48/1/100000/100000000/10/iterations:5/manual_time",5,10.3562,2.87665,ms,,,,,,211656,5325.37,9.09241e+07,18131.7,949913,131072,10.4858,124000,1.42249e+09,10.3562,0,0.011841,5.11809e+09,0,131072,3.79083e+08
"PeterBloom_Nonpart_Scalar_7/MTCount/114/48/1/100000/100000000/10/iterations:5/manual_time",5,10.3479,2.89312,ms,,,,,,212876,4779.71,9.07372e+07,18114.7,913324,131072,10.4858,111284,1.42453e+09,10.3479,0,0.011841,5.11008e+09,0,131072,3.79511e+08
"PeterBloom_Nonpart_Scalar_7/MTCount/128/48/1/100000/100000000/10/iterations:5/manual_time",5,10.3731,2.90496,ms,,,,,,212040,5409.03,9.08265e+07,17734.8,913531,131072,10.4858,122673,1.42433e+09,10.3731,0,0.011841,5.11213e+09,0,131072,3.79254e+08
"PeterBloom_Nonpart_Scalar_7/MTCount/142/48/1/100000/100000000/10/iterations:5/manual_time",5,10.3528,2.88507,ms,,,,,,212624,3475.4,9.08055e+07,18377.8,842161,131072,10.4858,111946,1.42102e+09,10.3528,0,0.011841,5.08829e+09,0,131072,3.78594e+08
"PeterBloom_Nonpart_Scalar_7/MTCount/157/48/1/100000/100000000/10/iterations:5/manual_time",5,10.2975,2.82427,ms,,,,,,222746,5108.54,1.01177e+08,19013.8,1.0585e+06,262144,20.9715,130434,1.42803e+09,10.2975,0,0.00070201,5.1103e+09,0,262144,3.80532e+08
"PeterBloom_Nonpart_Scalar_7/MTCount/171/48/1/100000/100000000/10/iterations:5/manual_time",5,10.4154,2.92479,ms,,,,,,219598,5393.52,1.01713e+08,17989.2,1.13338e+06,262144,20.9715,136777,1.42926e+09,10.4154,0,0.00070201,5.13356e+09,0,262144,3.81498e+08
"PeterBloom_Nonpart_Scalar_7/MTCount/185/48/1/100000/100000000/10/iterations:5/manual_time",5,10.4845,2.92175,ms,,,,,,219740,4165.79,1.01161e+08,17689.5,1.04587e+06,262144,20.9715,114204,1.42532e+09,10.4845,0,0.00070201,5.10318e+09,0,262144,3.80188e+08
"PeterBloom_Nonpart_Scalar_7/MTCount/200/48/1/100000/100000000/10/iterations:5/manual_time",5,10.3447,2.96636,ms,,,,,,227859,4502.47,1.00901e+08,18047.6,1.0041e+06,262144,20.9715,123966,1.42928e+09,10.3447,0,0.00070201,5.07845e+09,0,262144,3.82115e+08
"PeterBloom_Nonpart_Scalar_7/MTCount/214/48/1/100000/100000000/10/iterations:5/manual_time",5,9.99379,3.03812,ms,,,,,,255464,5095.3,1.0099e+08,19976.3,982860,262144,20.9715,119138,1.4251e+09,9.99379,0,0.00070201,5.07361e+09,0,262144,3.80116e+08
"PeterBloom_Nonpart_Scalar_7/MTCount/228/48/1/100000/100000000/10/iterations:5/manual_time",5,9.97738,3.01774,ms,,,,,,247250,3809.69,1.00927e+08,19812.6,937651,262144,20.9715,123741,1.43201e+09,9.97738,0,0.00070201,5.08314e+09,0,262144,3.82207e+08
"PeterBloom_Nonpart_Scalar_7/MTCount/242/48/1/100000/100000000/10/iterations:5/manual_time",5,10.2856,2.80825,ms,,,,,,223007,3784.38,1.00967e+08,18686.1,959727,262144,20.9715,123878,1.4298e+09,10.2856,0,0.00070201,5.07518e+09,0,262144,3.81752e+08
"PeterBloom_Nonpart_Scalar_7/MTCount/257/48/1/100000/100000000/10/iterations:5/manual_time",5,10.3956,2.65015,ms,,,,,,223071,3925.51,1.01111e+08,19121,994852,262144,20.9715,124274,1.42128e+09,10.3956,0,0.00070201,5.07074e+09,0,262144,3.79591e+08
"PeterBloom_Nonpart_Scalar_7/MTCount/271/48/1/100000/100000000/10/iterations:5/manual_time",5,10.3794,2.71207,ms,,,,,,218706,4052.05,1.00986e+08,17980.3,1.0067e+06,262144,20.9715,116922,1.42469e+09,10.3794,0,0.00070201,5.08126e+09,0,262144,3.80634e+08
"PeterBloom_Nonpart_Scalar_7/MTCount/285/48/1/100000/100000000/10/iterations:5/manual_time",5,10.3255,2.66525,ms,,,,,,222043,4390.57,1.01177e+08,18467.4,1.01938e+06,262144,20.9715,103975,1.42125e+09,10.3255,0,0.00070201,5.1021e+09,0,262144,3.78585e+08
"PeterBloom_Nonpart_Scalar_7/MTCount/300/48/1/100000/100000000/10/iterations:5/manual_time",5,10.7775,2.96396,ms,,,,,,295180,5601.71,1.06535e+08,18259.4,4.69216e+06,524288,41.943,150637,1.56179e+09,10.7775,0,4.251e-05,5.09106e+09,0,524288,4.15472e+08
"PeterBloom_Nonpart_Scalar_7/MTCount/314/48/1/100000/100000000/10/iterations:5/manual_time",5,10.8067,2.96292,ms,,,,,,287577,6046.01,1.06616e+08,18140.3,4.62951e+06,524288,41.943,124329,1.56183e+09,10.8067,0,4.251e-05,5.10757e+09,0,524288,4.15014e+08
"PeterBloom_Nonpart_Scalar_7/MTCount/328/48/1/100000/100000000/10/iterations:5/manual_time",5,10.8945,2.87427,ms,,,,,,290991,6593.28,1.06771e+08,18451.5,4.72143e+06,524288,41.943,135527,1.56103e+09,10.8945,0,4.251e-05,5.12411e+09,0,524288,4.15001e+08
"PeterBloom_Nonpart_Scalar_7/MTCount/342/48/1/100000/100000000/10/iterations:5/manual_time",5,10.823,3.00794,ms,,,,,,294086,5865.71,1.0671e+08,17874.1,4.68416e+06,524288,41.943,143730,1.56228e+09,10.823,0,4.251e-05,5.11006e+09,0,524288,4.15156e+08
"PeterBloom_Nonpart_Scalar_7/MTCount/357/48/1/100000/100000000/10/iterations:5/manual_time",5,10.7633,3.00151,ms,,,,,,297643,6086.05,1.06533e+08,18480.9,4.61838e+06,524288,41.943,136397,1.56125e+09,10.7633,0,4.251e-05,5.08926e+09,0,524288,4.15021e+08
"PeterBloom_Nonpart_Scalar_7/MTCount/371/48/1/100000/100000000/10/iterations:5/manual_time",5,10.7335,3.14184,ms,,,,,,296137,6000.69,1.06644e+08,18363,4.67511e+06,524288,41.943,145342,1.56253e+09,10.7335,0,4.251e-05,5.10579e+09,0,524288,4.15496e+08
"PeterBloom_Nonpart_Scalar_7/MTCount/100/48/1/177828/100000000/10/iterations:5/manual_time",5,10.3088,2.69207,ms,,,,,,234040,5123.46,1.01255e+08,18193.6,1.02537e+06,262144,11.7931,115530,1.42591e+09,10.3088,0,0.00740374,5.09834e+09,0,262144,3.80453e+08
"PeterBloom_Nonpart_Scalar_7/MTCount/114/48/1/177828/100000000/10/iterations:5/manual_time",5,10.2324,2.73747,ms,,,,,,231152,4654.28,1.0111e+08,19496.7,1.01621e+06,262144,11.7931,132492,1.42863e+09,10.2324,0,0.00740374,5.09369e+09,0,262144,3.81243e+08
"PeterBloom_Nonpart_Scalar_7/MTCount/128/48/1/177828/100000000/10/iterations:5/manual_time",5,10.2527,2.73653,ms,,,,,,222501,3692.25,1.01113e+08,18107.9,975826,262144,11.7931,119152,1.42255e+09,10.2527,0,0.00740374,5.07908e+09,0,262144,3.79441e+08
"PeterBloom_Nonpart_Scalar_7/MTCount/142/48/1/177828/100000000/10/iterations:5/manual_time",5,10.2575,2.84362,ms,,,,,,233328,4911.59,1.01217e+08,18741.5,978858,262144,11.7931,119064,1.42754e+09,10.2575,0,0.00740374,5.0968e+09,0,262144,3.81058e+08
"PeterBloom_Nonpart_Scalar_7/MTCount/157/48/1/177828/100000000/10/iterations:5/manual_time",5,10.2947,2.72683,ms,,,,,,234135,4744.57,1.01125e+08,18542.1,1.01724e+06,262144,11.7931,102270,1.4237e+09,10.2947,0,0.00740374,5.09488e+09,0,262144,3.7971e+08
"PeterBloom_Nonpart_Scalar_7/MTCount/171/48/1/177828/100000000/10/iterations:5/manual_time",5,11.063,2.88713,ms,,,,,,256076,5855.16,1.06754e+08,17666.9,4.73531e+06,524288,23.5863,141532,1.5597e+09,11.063,0,0.00043203,5.11753e+09,0,524288,4.14332e+08
"PeterBloom_Nonpart_Scalar_7/MTCount/185/48/1/177828/100000000/10/iterations:5/manual_time",5,11.2044,2.85769,ms,,,,,,242088,5318.31,1.06734e+08,17155.9,4.69491e+06,524288,23.5863,132707,1.55915e+09,11.2044,0,0.00043203,5.10777e+09,0,524288,4.14364e+08
"PeterBloom_Nonpart_Scalar_7/MTCount/200/48/1/177828/100000000/10/iterations:5/manual_time",5,11.1889,2.87501,ms,,,,,,240238,5592.77,1.07279e+08,16516.9,4.80417e+06,524288,23.5863,161640,1.55711e+09,11.1889,0,0.00043203,5.13364e+09,0,524288,4.14184e+08
"PeterBloom_Nonpart_Scalar_7/MTCount/214/48/1/177828/100000000/10/iterations:5/manual_time",5,11.2115,2.88575,ms,,,,,,241376,5576.84,1.06948e+08,16750.2,4.75276e+06,524288,23.5863,157011,1.557e+09,11.2115,0,0.00043203,5.11634e+09,0,524288,4.13659e+08
"PeterBloom_Nonpart_Scalar_7/MTCount/228/48/1/177828/100000000/10/iterations:5/manual_time",5,11.2029,2.86398,ms,,,,,,235590,5043.76,1.06782e+08,17140.6,4.66563e+06,524288,23.5863,130738,1.55893e+09,11.2029,0,0.00043203,5.10808e+09,0,524288,4.14262e+08
"PeterBloom_Nonpart_Scalar_7/MTCount/242/48/1/177828/100000000/10/iterations:5/manual_time",5,11.2333,2.88844,ms,,,,,,233486,5407.71,1.06808e+08,16898.8,4.76663e+06,524288,23.5863,148836,1.56028e+09,11.2333,0,0.00043203,5.11676e+09,0,524288,4.1555e+08
"PeterBloom_Nonpart_Scalar_7/MTCount/257/48/1/177828/100000000/10/iterations:5/manual_time",5,11.1676,2.83769,ms,,,,,,247191,5870.79,1.07184e+08,17865.9,4.78895e+06,524288,23.5863,153183,1.55939e+09,11.1676,0,0.00043203,5.13257e+09,0,524288,4.14785e+08
"PeterBloom_Nonpart_Scalar_7/MTCount/271/48/1/177828/100000000/10/iterations:5/manual_time",5,11.2528,2.88455,ms,,,,,,237269,5756.76,1.07125e+08,17015.5,4.81156e+06,524288,23.5863,140691,1.55933e+09,11.2528,0,0.00043203,5.13987e+09,0,524288,4.14673e+08
"PeterBloom_Nonpart_Scalar_7/MTCount/285/48/1/177828/100000000/10/iterations:5/manual_time",5,11.1607,2.94805,ms,,,,,,250637,5956.63,1.06793e+08,17220.8,4.80793e+06,524288,23.5863,133370,1.56164e+09,11.1607,0,0.00043203,5.13387e+09,0,524288,4.15368e+08
"PeterBloom_Nonpart_Scalar_7/MTCount/300/48/1/177828/100000000/10/iterations:5/manual_time",5,11.2195,2.87758,ms,,,,,,239193,5427.24,1.07018e+08,16798.6,4.75646e+06,524288,23.5863,146078,1.5573e+09,11.2195,0,0.00043203,5.12121e+09,0,524288,4.14013e+08
"PeterBloom_Nonpart_Scalar_7/MTCount/314/48/1/177828/100000000/10/iterations:5/manual_time",5,11.1869,2.87331,ms,,,,,,235021,5513.15,1.06731e+08,16827.2,4.72131e+06,524288,23.5863,137758,1.55931e+09,11.1869,0,0.00043203,5.11143e+09,0,524288,4.14293e+08
"PeterBloom_Nonpart_Scalar_7/MTCount/328/48/1/177828/100000000/10/iterations:5/manual_time",5,11.2439,2.69811,ms,,,,,,236795,5076.83,1.06737e+08,17888.1,4.66691e+06,524288,23.5863,142243,1.55474e+09,11.2439,0,0.00043203,5.09384e+09,0,524288,4.13481e+08
"PeterBloom_Nonpart_Scalar_7/MTCount/342/48/1/177828/100000000/10/iterations:5/manual_time",5,12.0397,3.34529,ms,,,,,,340076,6418.85,1.10005e+08,17160.7,2.70363e+07,1.04858e+06,47.1726,253151,1.75515e+09,12.0397,0,2.58e-05,5.15468e+09,0,1.04858e+06,4.66189e+08
"PeterBloom_Nonpart_Scalar_7/MTCount/357/48/1/177828/100000000/10/iterations:5/manual_time",5,12.1214,3.25712,ms,,,,,,333649,6094.61,1.09912e+08,17299.2,2.70271e+07,1.04858e+06,47.1726,209285,1.75322e+09,12.1214,0,2.58e-05,5.14719e+09,0,1.04858e+06,4.66502e+08
"PeterBloom_Nonpart_Scalar_7/MTCount/371/48/1/177828/100000000/10/iterations:5/manual_time",5,12.1254,3.257,ms,,,,,,315077,6110.32,1.10008e+08,16383,2.69436e+07,1.04858e+06,47.1726,210480,1.74927e+09,12.1254,0,2.58e-05,5.15299e+09,0,1.04858e+06,4.6478e+08
"PeterBloom_Nonpart_Scalar_7/MTCount/100/48/1/316228/100000000/10/iterations:5/manual_time",5,11.2408,2.91111,ms,,,,,,238452,5738.08,1.06746e+08,16973.3,4.74325e+06,524288,13.2635,145986,1.56404e+09,11.2408,0,0.00463663,5.11398e+09,0,524288,4.15941e+08
"PeterBloom_Nonpart_Scalar_7/MTCount/114/48/1/316228/100000000/10/iterations:5/manual_time",5,11.521,2.81054,ms,,,,,,244391,5436.32,1.06972e+08,17665.2,4.75871e+06,524288,13.2635,147690,1.55579e+09,11.521,0,0.00463663,5.10582e+09,0,524288,4.1484e+08
"PeterBloom_Nonpart_Scalar_7/MTCount/128/48/1/316228/100000000/10/iterations:5/manual_time",5,11.2078,2.89915,ms,,,,,,233573,5957.53,1.07328e+08,16782.6,4.8639e+06,524288,13.2635,159462,1.55816e+09,11.2078,0,0.00463663,5.15281e+09,0,524288,4.14202e+08
"PeterBloom_Nonpart_Scalar_7/MTCount/142/48/1/316228/100000000/10/iterations:5/manual_time",5,11.2563,2.75581,ms,,,,,,244750,4527.82,1.06672e+08,18015.8,4.65896e+06,524288,13.2635,147577,1.55617e+09,11.2563,0,0.00463663,5.08352e+09,0,524288,4.14436e+08
"PeterBloom_Nonpart_Scalar_7/MTCount/157/48/1/316228/100000000/10/iterations:5/manual_time",5,11.2041,2.99513,ms,,,,,,248065,4789.97,1.06718e+08,17446.7,4.67204e+06,524288,13.2635,149190,1.56229e+09,11.2041,0,0.00463663,5.10292e+09,0,524288,4.15935e+08
"PeterBloom_Nonpart_Scalar_7/MTCount/171/48/1/316228/100000000/10/iterations:5/manual_time",5,11.258,2.94087,ms,,,,,,240818,5784.6,1.07013e+08,16998.3,4.81885e+06,524288,13.2635,148461,1.56038e+09,11.258,0,0.00463663,5.12944e+09,0,524288,4.15345e+08
"PeterBloom_Nonpart_Scalar_7/MTCount/185/48/1/316228/100000000/10/iterations:5/manual_time",5,11.0493,2.73542,ms,,,,,,228662,4974.47,1.06642e+08,18216.8,4.69196e+06,524288,13.2635,140808,1.55637e+09,11.0493,0,0.00463663,5.0905e+09,0,524288,4.1428e+08
"PeterBloom_Nonpart_Scalar_7/MTCount/200/48/1/316228/100000000/10/iterations:5/manual_time",5,12.0143,3.29529,ms,,,,,,349938,6640.03,1.10003e+08,16454.3,2.7031e+07,1.04858e+06,26.5271,244161,1.75376e+09,12.0143,0,0.00025964,5.15299e+09,0,1.04858e+06,4.6581e+08
"PeterBloom_Nonpart_Scalar_7/MTCount/214/48/1/316228/100000000/10/iterations:5/manual_time",5,12.2686,3.04035,ms,,,,,,284275,5453.04,1.09689e+08,16160.7,2.69696e+07,1.04858e+06,26.5271,184845,1.74943e+09,12.2686,0,0.00025964,5.13044e+09,0,1.04858e+06,4.65053e+08
"PeterBloom_Nonpart_Scalar_7/MTCount/228/48/1/316228/100000000/10/iterations:5/manual_time",5,12.2774,3.07617,ms,,,,,,299780,5540.85,1.09519e+08,16812.2,2.70166e+07,1.04858e+06,26.5271,161464,1.7481e+09,12.2774,0,0.00025964,5.1067e+09,0,1.04858e+06,4.64916e+08
"PeterBloom_Nonpart_Scalar_7/MTCount/242/48/1/316228/100000000/10/iterations:5/manual_time",5,12.1038,3.16545,ms,,,,,,319740,5846.49,1.0975e+08,16917.9,2.69509e+07,1.04858e+06,26.5271,176445,1.74979e+09,12.1038,0,0.00025964,5.12876e+09,0,1.04858e+06,4.65586e+08
"PeterBloom_Nonpart_Scalar_7/MTCount/257/48/1/316228/100000000/10/iterations:5/manual_time",5,12.185,3.10851,ms,,,,,,319305,5967.98,1.10002e+08,16655.3,2.69466e+07,1.04858e+06,26.5271,199785,1.75135e+09,12.185,0,0.00025964,5.14498e+09,0,1.04858e+06,4.66148e+08
"PeterBloom_Nonpart_Scalar_7/MTCount/271/48/1/316228/100000000/10/iterations:5/manual_time",5,12.1135,3.2111,ms,,,,,,322125,6162.73,1.09741e+08,17103.2,2.70023e+07,1.04858e+06,26.5271,191002,1.75327e+09,12.1135,0,0.00025964,5.12482e+09,0,1.04858e+06,4.665e+08
"PeterBloom_Nonpart_Scalar_7/MTCount/285/48/1/316228/100000000/10/iterations:5/manual_time",5,12.3126,3.0591,ms,,,,,,281316,5817.41,1.09857e+08,16194.1,2.69324e+07,1.04858e+06,26.5271,191593,1.75045e+09,12.3126,0,0.00025964,5.13103e+09,0,1.04858e+06,4.65743e+08
"PeterBloom_Nonpart_Scalar_7/MTCount/300/48/1/316228/100000000/10/iterations:5/manual_time",5,11.9572,3.21698,ms,,,,,,336502,5475.09,1.09757e+08,17249.6,2.70307e+07,1.04858e+06,26.5271,184465,1.74946e+09,11.9572,0,0.00025964,5.12902e+09,0,1.04858e+06,4.64596e+08
"PeterBloom_Nonpart_Scalar_7/MTCount/314/48/1/316228/100000000/10/iterations:5/manual_time",5,12.2091,3.15121,ms,,,,,,315947,5928.78,1.09653e+08,17040.4,2.69406e+07,1.04858e+06,26.5271,168262,1.75172e+09,12.2091,0,0.00025964,5.13329e+09,0,1.04858e+06,4.65694e+08
"PeterBloom_Nonpart_Scalar_7/MTCount/328/48/1/316228/100000000/10/iterations:5/manual_time",5,12.0684,3.17305,ms,,,,,,323156,6365.81,1.10125e+08,16659.1,2.70245e+07,1.04858e+06,26.5271,219713,1.75088e+09,12.0684,0,0.00025964,5.15578e+09,0,1.04858e+06,4.65685e+08
"PeterBloom_Nonpart_Scalar_7/MTCount/342/48/1/316228/100000000/10/iterations:5/manual_time",5,12.2991,3.05448,ms,,,,,,289698,5282.74,1.09704e+08,16488.5,2.69523e+07,1.04858e+06,26.5271,173150,1.74877e+09,12.2991,0,0.00025964,5.1202e+09,0,1.04858e+06,4.6529e+08
"PeterBloom_Nonpart_Scalar_7/MTCount/357/48/1/316228/100000000/10/iterations:5/manual_time",5,12.0985,3.19595,ms,,,,,,310511,6495.97,1.10441e+08,16423.9,2.70218e+07,1.04858e+06,26.5271,258586,1.74941e+09,12.0985,0,0.00025964,5.16132e+09,0,1.04858e+06,4.65183e+08
"PeterBloom_Nonpart_Scalar_7/MTCount/371/48/1/316228/100000000/10/iterations:5/manual_time",5,12.0303,3.29763,ms,,,,,,342872,6241.35,1.09773e+08,16804.3,2.69718e+07,1.04858e+06,26.5271,203337,1.75339e+09,12.0303,0,0.00025964,5.13806e+09,0,1.04858e+06,4.65621e+08
"PeterBloom_Nonpart_Scalar_7/MTCount/100/48/1/562341/100000000/10/iterations:5/manual_time",5,11.1993,2.84343,ms,,,,,,238434,5801.47,1.07006e+08,16767.5,4.82511e+06,524288,7.45865,148827,1.56127e+09,11.1993,0,0.0417096,5.13728e+09,0,524288,4.15112e+08
"PeterBloom_Nonpart_Scalar_7/MTCount/114/48/1/562341/100000000/10/iterations:5/manual_time",5,12.1763,3.1317,ms,,,,,,292657,6164.64,1.10231e+08,16514.1,2.69706e+07,1.04858e+06,14.9173,207287,1.74798e+09,12.1763,0,0.00282075,5.15211e+09,0,1.04858e+06,4.64973e+08
"PeterBloom_Nonpart_Scalar_7/MTCount/128/48/1/562341/100000000/10/iterations:5/manual_time",5,12.0957,3.23501,ms,,,,,,360033,6466.42,1.09924e+08,16921.2,2.69701e+07,1.04858e+06,14.9173,181318,1.75147e+09,12.0957,0,0.00282075,5.13896e+09,0,1.04858e+06,4.66435e+08
"PeterBloom_Nonpart_Scalar_7/MTCount/142/48/1/562341/100000000/10/iterations:5/manual_time",5,12.1304,3.25883,ms,,,,,,338025,5885.59,1.09659e+08,17285.7,2.70224e+07,1.04858e+06,14.9173,201010,1.75252e+09,12.1304,0,0.00282075,5.11818e+09,0,1.04858e+06,4.66022e+08
"PeterBloom_Nonpart_Scalar_7/MTCount/157/48/1/562341/100000000/10/iterations:5/manual_time",5,12.2069,3.16132,ms,,,,,,311718,5786.59,1.09726e+08,16720.9,2.69397e+07,1.04858e+06,14.9173,165825,1.75012e+09,12.2069,0,0.00282075,5.13087e+09,0,1.04858e+06,4.65324e+08
"PeterBloom_Nonpart_Scalar_7/MTCount/171/48/1/562341/100000000/10/iterations:5/manual_time",5,12.2342,3.15185,ms,,,,,,333925,6293.82,1.09789e+08,16590.5,2.70415e+07,1.04858e+06,14.9173,209511,1.75258e+09,12.2342,0,0.00282075,5.13258e+09,0,1.04858e+06,4.65408e+08
"PeterBloom_Nonpart_Scalar_7/MTCount/185/48/1/562341/100000000/10/iterations:5/manual_time",5,12.1341,3.28559,ms,,,,,,321341,6197.47,1.10083e+08,16617.6,2.69753e+07,1.04858e+06,14.9173,231414,1.75213e+09,12.1341,0,0.00282075,5.15532e+09,0,1.04858e+06,4.66176e+08
"PeterBloom_Nonpart_Scalar_7/MTCount/200/48/1/562341/100000000/10/iterations:5/manual_time",5,12.2353,3.19498,ms,,,,,,307777,6149.81,1.10071e+08,16508.6,2.69853e+07,1.04858e+06,14.9173,234700,1.75149e+09,12.2353,0,0.00282075,5.14933e+09,0,1.04858e+06,4.65455e+08
"PeterBloom_Nonpart_Scalar_7/MTCount/214/48/1/562341/100000000/10/iterations:5/manual_time",5,12.9542,3.39044,ms,,,,,,467021,5968.29,1.11281e+08,15921.7,5.9432e+07,2.09715e+06,29.8346,262895,1.912e+09,12.9542,0,0.00016179,5.13265e+09,0,2.09715e+06,5.07985e+08
"PeterBloom_Nonpart_Scalar_7/MTCount/228/48/1/562341/100000000/10/iterations:5/manual_time",5,13.0572,3.30083,ms,,,,,,427615,6054.06,1.11556e+08,15742.6,5.93156e+07,2.09715e+06,29.8346,268778,1.90954e+09,13.0572,0,0.00016179,5.15059e+09,0,2.09715e+06,5.08415e+08
"PeterBloom_Nonpart_Scalar_7/MTCount/242/48/1/562341/100000000/10/iterations:5/manual_time",5,13.0677,3.30975,ms,,,,,,424875,6121.25,1.11586e+08,15423.9,5.9287e+07,2.09715e+06,29.8346,283946,1.91052e+09,13.0677,0,0.00016179,5.15407e+09,0,2.09715e+06,5.08373e+08
"PeterBloom_Nonpart_Scalar_7/MTCount/257/48/1/562341/100000000/10/iterations:5/manual_time",5,12.8982,3.23422,ms,,,,,,466342,5756.16,1.11243e+08,16827,5.95435e+07,2.09715e+06,29.8346,235881,1.91139e+09,12.8982,0,0.00016179,5.11742e+09,0,2.09715e+06,5.08035e+08
"PeterBloom_Nonpart_Scalar_7/MTCount/271/48/1/562341/100000000/10/iterations:5/manual_time",5,13.0651,3.26378,ms,,,,,,402126,5348.86,1.11168e+08,16524.1,5.96619e+07,2.09715e+06,29.8346,224153,1.90734e+09,13.0651,0,0.00016179,5.09955e+09,0,2.09715e+06,5.06716e+08
"PeterBloom_Nonpart_Scalar_7/MTCount/285/48/1/562341/100000000/10/iterations:5/manual_time",5,13.0302,3.38882,ms,,,,,,467983,6065.73,1.11726e+08,15916.9,5.9322e+07,2.09715e+06,29.8346,261941,1.90966e+09,13.0302,0,0.00016179,5.14733e+09,0,2.09715e+06,5.08379e+08
"PeterBloom_Nonpart_Scalar_7/MTCount/300/48/1/562341/100000000/10/iterations:5/manual_time",5,13.054,3.28301,ms,,,,,,361913,5911.88,1.11521e+08,15143.2,5.93232e+07,2.09715e+06,29.8346,272264,1.9092e+09,13.054,0,0.00016179,5.15011e+09,0,2.09715e+06,5.08157e+08
"PeterBloom_Nonpart_Scalar_7/MTCount/314/48/1/562341/100000000/10/iterations:5/manual_time",5,13.0429,3.27562,ms,,,,,,431980,5932.74,1.11384e+08,15519,5.93971e+07,2.09715e+06,29.8346,250898,1.90951e+09,13.0429,0,0.00016179,5.1324e+09,0,2.09715e+06,5.06922e+08
"PeterBloom_Nonpart_Scalar_7/MTCount/328/48/1/562341/100000000/10/iterations:5/manual_time",5,13.0453,3.32263,ms,,,,,,427242,6006.56,1.11252e+08,15830.4,5.96743e+07,2.09715e+06,29.8346,257441,1.91056e+09,13.0453,0,0.00016179,5.11039e+09,0,2.09715e+06,5.07851e+08
"PeterBloom_Nonpart_Scalar_7/MTCount/342/48/1/562341/100000000/10/iterations:5/manual_time",5,13.1655,3.21373,ms,,,,,,401696,5871.37,1.11424e+08,15772.3,5.93879e+07,2.09715e+06,29.8346,231133,1.90672e+09,13.1655,0,0.00016179,5.13506e+09,0,2.09715e+06,5.0674e+08
"PeterBloom_Nonpart_Scalar_7/MTCount/357/48/1/562341/100000000/10/iterations:5/manual_time",5,12.9633,3.36626,ms,,,,,,443159,6274.23,1.11948e+08,15944.2,5.92152e+07,2.09715e+06,29.8346,282121,1.90949e+09,12.9633,0,0.00016179,5.16088e+09,0,2.09715e+06,5.08058e+08
"PeterBloom_Nonpart_Scalar_7/MTCount/371/48/1/562341/100000000/10/iterations:5/manual_time",5,13.0812,3.32506,ms,,,,,,404217,6075.05,1.11584e+08,15130,5.93011e+07,2.09715e+06,29.8346,253812,1.9082e+09,13.0812,0,0.00016179,5.14874e+09,0,2.09715e+06,5.07907e+08
"PeterBloom_Nonpart_Scalar_7/MTCount/100/48/1/1000000/100000000/10/iterations:5/manual_time",5,12.2296,3.18818,ms,,,,,,327505,5881.74,1.10002e+08,16333.5,2.6972e+07,1.04858e+06,8.38861,209411,1.75011e+09,12.2296,0,0.0272887,5.14141e+09,0,1.04858e+06,4.6518e+08
"PeterBloom_Nonpart_Scalar_7/MTCount/114/48/1/1000000/100000000/10/iterations:5/manual_time",5,12.2292,3.18001,ms,,,,,,319388,6094.44,1.09899e+08,16837.6,2.69512e+07,1.04858e+06,8.38861,172551,1.75162e+09,12.2292,0,0.0272887,5.14647e+09,0,1.04858e+06,4.65756e+08
"PeterBloom_Nonpart_Scalar_7/MTCount/128/48/1/1000000/100000000/10/iterations:5/manual_time",5,13.0919,3.23074,ms,,,,,,409261,5421.15,1.11064e+08,16189,5.97794e+07,2.09715e+06,16.7772,224225,1.91093e+09,13.0919,0,0.00175931,5.10068e+09,0,2.09715e+06,5.0894e+08
"PeterBloom_Nonpart_Scalar_7/MTCount/142/48/1/1000000/100000000/10/iterations:5/manual_time",5,12.946,3.33598,ms,,,,,,435699,5918.11,1.11332e+08,16213.9,5.96256e+07,2.09715e+06,16.7772,282119,1.91044e+09,12.946,0,0.00175931,5.1212e+09,0,2.09715e+06,5.08278e+08
"PeterBloom_Nonpart_Scalar_7/MTCount/157/48/1/1000000/100000000/10/iterations:5/manual_time",5,13.0692,3.28154,ms,,,,,,388512,5371.6,1.11056e+08,15983.2,5.97224e+07,2.09715e+06,16.7772,222753,1.91022e+09,13.0692,0,0.00175931,5.10071e+09,0,2.09715e+06,5.07948e+08
"PeterBloom_Nonpart_Scalar_7/MTCount/171/48/1/1000000/100000000/10/iterations:5/manual_time",5,13.0688,3.27238,ms,,,,,,427952,5447.4,1.11438e+08,16382.8,5.93958e+07,2.09715e+06,16.7772,234137,1.90868e+09,13.0688,0,0.00175931,5.13689e+09,0,2.09715e+06,5.08252e+08
"PeterBloom_Nonpart_Scalar_7/MTCount/185/48/1/1000000/100000000/10/iterations:5/manual_time",5,13.1724,3.2197,ms,,,,,,426446,6023.48,1.11636e+08,14910.8,5.93257e+07,2.09715e+06,16.7772,248925,1.9047e+09,13.1724,0,0.00175931,5.14453e+09,0,2.09715e+06,5.06546e+08
"PeterBloom_Nonpart_Scalar_7/MTCount/200/48/1/1000000/100000000/10/iterations:5/manual_time",5,12.9843,3.37296,ms,,,,,,428431,6003.77,1.11408e+08,15803.6,5.93749e+07,2.09715e+06,16.7772,262364,1.91237e+09,12.9843,0,0.00175931,5.13965e+09,0,2.09715e+06,5.07866e+08
"PeterBloom_Nonpart_Scalar_7/MTCount/214/48/1/1000000/100000000/10/iterations:5/manual_time",5,13.0725,3.25129,ms,,,,,,413578,6174.6,1.11551e+08,15542.1,5.92935e+07,2.09715e+06,16.7772,258815,1.9095e+09,13.0725,0,0.00175931,5.15104e+09,0,2.09715e+06,5.07938e+08
"PeterBloom_Nonpart_Scalar_7/MTCount/228/48/1/1000000/100000000/10/iterations:5/manual_time",5,12.9653,3.31687,ms,,,,,,450922,6061.91,1.11478e+08,15651.6,5.94229e+07,2.09715e+06,16.7772,247586,1.91003e+09,12.9653,0,0.00175931,5.1304e+09,0,2.09715e+06,5.08226e+08
"PeterBloom_Nonpart_Scalar_7/MTCount/242/48/1/1000000/100000000/10/iterations:5/manual_time",5,13.6384,3.34193,ms,,,,,,587415,5897.77,1.11796e+08,16098.5,7.99134e+07,4.1943e+06,33.5544,254325,2.00458e+09,13.6384,0,0.00010141,5.12553e+09,0,4.1943e+06,5.32582e+08
"PeterBloom_Nonpart_Scalar_7/MTCount/257/48/1/1000000/100000000/10/iterations:5/manual_time",5,13.6386,3.34914,ms,,,,,,614452,5794.95,1.11638e+08,15599.2,8.013e+07,4.1943e+06,33.5544,253853,2.00639e+09,13.6386,0,0.00010141,5.11136e+09,0,4.1943e+06,5.33303e+08
"PeterBloom_Nonpart_Scalar_7/MTCount/271/48/1/1000000/100000000/10/iterations:5/manual_time",5,13.9648,3.11628,ms,,,,,,520953,5529.8,1.11713e+08,14964.1,7.98169e+07,4.1943e+06,33.5544,218702,2.00424e+09,13.9648,0,0.00010141,5.12865e+09,0,4.1943e+06,5.32813e+08
"PeterBloom_Nonpart_Scalar_7/MTCount/285/48/1/1000000/100000000/10/iterations:5/manual_time",5,13.5572,3.37222,ms,,,,,,608025,5920,1.12151e+08,15264.4,7.97053e+07,4.1943e+06,33.5544,270973,2.00369e+09,13.5572,0,0.00010141,5.14843e+09,0,4.1943e+06,5.33402e+08
"PeterBloom_Nonpart_Scalar_7/MTCount/300/48/1/1000000/100000000/10/iterations:5/manual_time",5,13.8768,3.21284,ms,,,,,,588414,6169.88,1.11654e+08,14876,8.01123e+07,4.1943e+06,33.5544,239820,2.00493e+09,13.8768,0,0.00010141,5.10685e+09,0,4.1943e+06,5.33175e+08
"PeterBloom_Nonpart_Scalar_7/MTCount/314/48/1/1000000/100000000/10/iterations:5/manual_time",5,13.4565,3.33678,ms,,,,,,601098,5778.88,1.11826e+08,14426.8,8.02941e+07,4.1943e+06,33.5544,285931,2.00475e+09,13.4565,0,0.00010141,5.09426e+09,0,4.1943e+06,5.32934e+08
"PeterBloom_Nonpart_Scalar_7/MTCount/328/48/1/1000000/100000000/10/iterations:5/manual_time",5,13.5529,3.26792,ms,,,,,,576159,5540.37,1.11617e+08,15411.5,8.03944e+07,4.1943e+06,33.5544,248931,2.00478e+09,13.5529,0,0.00010141,5.09164e+09,0,4.1943e+06,5.33076e+08
"PeterBloom_Nonpart_Scalar_7/MTCount/342/48/1/1000000/100000000/10/iterations:5/manual_time",5,13.7782,3.16274,ms,,,,,,433782,5641.73,1.11744e+08,14968.1,7.97342e+07,4.1943e+06,33.5544,242519,2.00178e+09,13.7782,0,0.00010141,5.13694e+09,0,4.1943e+06,5.32513e+08
"PeterBloom_Nonpart_Scalar_7/MTCount/357/48/1/1000000/100000000/10/iterations:5/manual_time",5,13.6373,3.24336,ms,,,,,,503329,5866.98,1.11697e+08,15398.1,7.98359e+07,4.1943e+06,33.5544,248287,2.00317e+09,13.6373,0,0.00010141,5.12471e+09,0,4.1943e+06,5.32073e+08
"PeterBloom_Nonpart_Scalar_7/MTCount/371/48/1/1000000/100000000/10/iterations:5/manual_time",5,13.5864,3.3055,ms,,,,,,607562,5804.26,1.11872e+08,15377.6,7.98457e+07,4.1943e+06,33.5544,253965,2.00522e+09,13.5864,0,0.00010141,5.13241e+09,0,4.1943e+06,5.33667e+08
"PeterBloom_Nonpart_Scalar_7/MTCount/100/48/1/1778279/100000000/10/iterations:5/manual_time",5,13.1062,3.24714,ms,,,,,,461916,6171.95,1.11501e+08,15735,5.93143e+07,2.09715e+06,9.43452,267072,1.91142e+09,13.1062,0,0.0176076,5.14924e+09,0,2.09715e+06,5.08295e+08
"PeterBloom_Nonpart_Scalar_7/MTCount/114/48/1/1778279/100000000/10/iterations:5/manual_time",5,12.9369,3.30866,ms,,,,,,471012,6127.9,1.11918e+08,15333.9,5.91939e+07,2.09715e+06,9.43452,279829,1.9083e+09,12.9369,0,0.0176076,5.16422e+09,0,2.09715e+06,5.08084e+08
"PeterBloom_Nonpart_Scalar_7/MTCount/128/48/1/1778279/100000000/10/iterations:5/manual_time",5,12.935,3.3765,ms,,,,,,440926,5810.38,1.11302e+08,16201.4,5.94203e+07,2.09715e+06,9.43452,259603,1.91079e+09,12.935,0,0.0176076,5.13267e+09,0,2.09715e+06,5.07684e+08
"PeterBloom_Nonpart_Scalar_7/MTCount/142/48/1/1778279/100000000/10/iterations:5/manual_time",5,13.6082,3.28712,ms,,,,,,628365,5637.9,1.11921e+08,15251.3,7.98614e+07,4.1943e+06,18.869,252980,2.00659e+09,13.6082,0,0.00108341,5.13187e+09,0,4.1943e+06,5.33845e+08
"PeterBloom_Nonpart_Scalar_7/MTCount/157/48/1/1778279/100000000/10/iterations:5/manual_time",5,13.4955,3.34737,ms,,,,,,664979,5963.96,1.1195e+08,15352.3,7.97946e+07,4.1943e+06,18.869,266417,2.00618e+09,13.4955,0,0.00108341,5.13759e+09,0,4.1943e+06,5.33472e+08
"PeterBloom_Nonpart_Scalar_7/MTCount/171/48/1/1778279/100000000/10/iterations:5/manual_time",5,13.4525,3.3133,ms,,,,,,589391,6080.18,1.1238e+08,14050.7,7.96266e+07,4.1943e+06,18.869,285607,2.00192e+09,13.4525,0,0.00108341,5.14732e+09,0,4.1943e+06,5.32665e+08
"PeterBloom_Nonpart_Scalar_7/MTCount/185/48/1/1778279/100000000/10/iterations:5/manual_time",5,13.5331,3.23523,ms,,,,,,593031,5951.88,1.11704e+08,14941.5,8.00248e+07,4.1943e+06,18.869,248109,2.0039e+09,13.5331,0,0.00108341,5.11232e+09,0,4.1943e+06,5.3263e+08
"PeterBloom_Nonpart_Scalar_7/MTCount/200/48/1/1778279/100000000/10/iterations:5/manual_time",5,13.4912,3.33974,ms,,,,,,573253,5834.23,1.12283e+08,15169.9,7.97285e+07,4.1943e+06,18.869,293027,2.00392e+09,13.4912,0,0.00108341,5.14206e+09,0,4.1943e+06,5.33426e+08
"PeterBloom_Nonpart_Scalar_7/MTCount/214/48/1/1778279/100000000/10/iterations:5/manual_time",5,13.7822,3.12185,ms,,,,,,553368,5640.33,1.11828e+08,15113.5,7.98257e+07,4.1943e+06,18.869,236184,2.00365e+09,13.7822,0,0.00108341,5.13205e+09,0,4.1943e+06,5.32944e+08
"PeterBloom_Nonpart_Scalar_7/MTCount/228/48/1/1778279/100000000/10/iterations:5/manual_time",5,13.5699,3.25498,ms,,,,,,548451,5490.07,1.11918e+08,14592.1,7.98288e+07,4.1943e+06,18.869,264553,2.00457e+09,13.5699,0,0.00108341,5.13157e+09,0,4.1943e+06,5.33252e+08
"PeterBloom_Nonpart_Scalar_7/MTCount/242/48/1/1778279/100000000/10/iterations:5/manual_time",5,13.4738,3.331,ms,,,,,,568238,6073.06,1.119e+08,15003.6,7.99539e+07,4.1943e+06,18.869,277789,2.00511e+09,13.4738,0,0.00108341,5.11855e+09,0,4.1943e+06,5.33223e+08
"PeterBloom_Nonpart_Scalar_7/MTCount/257/48/1/1778279/100000000/10/iterations:5/manual_time",5,13.4532,3.33638,ms,,,,,,648696,5621.19,1.11724e+08,15724.3,8.03577e+07,4.1943e+06,18.869,259760,2.00543e+09,13.4532,0,0.00108341,5.09316e+09,0,4.1943e+06,5.33138e+08
"PeterBloom_Nonpart_Scalar_7/MTCount/271/48/1/1778279/100000000/10/iterations:5/manual_time",5,13.8735,3.33313,ms,,,,,,1.04377e+06,5782.03,1.11565e+08,15489,9.09852e+07,8.38861e+06,37.7381,247455,2.07944e+09,13.8735,0,6.261e-05,5.11126e+09,0,8.38861e+06,5.52799e+08
"PeterBloom_Nonpart_Scalar_7/MTCount/285/48/1/1778279/100000000/10/iterations:5/manual_time",5,13.9182,3.35145,ms,,,,,,911314,5801.08,1.12149e+08,15839.5,9.06099e+07,8.38861e+06,37.7381,275117,2.07993e+09,13.9182,0,6.261e-05,5.138e+09,0,8.38861e+06,5.53506e+08
"PeterBloom_Nonpart_Scalar_7/MTCount/300/48/1/1778279/100000000/10/iterations:5/manual_time",5,14.1309,3.2561,ms,,,,,,757540,5179.29,1.1205e+08,15617.4,9.07858e+07,8.38861e+06,37.7381,251946,2.07507e+09,14.1309,0,6.261e-05,5.13008e+09,0,8.38861e+06,5.52459e+08
"PeterBloom_Nonpart_Scalar_7/MTCount/314/48/1/1778279/100000000/10/iterations:5/manual_time",5,13.8575,3.33143,ms,,,,,,737322,5408.23,1.12187e+08,15873,9.05896e+07,8.38861e+06,37.7381,274223,2.07615e+09,13.8575,0,6.261e-05,5.14164e+09,0,8.38861e+06,5.52661e+08
"PeterBloom_Nonpart_Scalar_7/MTCount/328/48/1/1778279/100000000/10/iterations:5/manual_time",5,13.9732,3.25165,ms,,,,,,1.03183e+06,5199.22,1.11728e+08,14829.8,9.14642e+07,8.38861e+06,37.7381,233897,2.07924e+09,13.9732,0,6.261e-05,5.08137e+09,0,8.38861e+06,5.52986e+08
"PeterBloom_Nonpart_Scalar_7/MTCount/342/48/1/1778279/100000000/10/iterations:5/manual_time",5,13.9754,3.22026,ms,,,,,,919397,5607.96,1.11595e+08,15466.2,9.12787e+07,8.38861e+06,37.7381,255484,2.0792e+09,13.9754,0,6.261e-05,5.09095e+09,0,8.38861e+06,5.52838e+08
"PeterBloom_Nonpart_Scalar_7/MTCount/357/48/1/1778279/100000000/10/iterations:5/manual_time",5,14.0351,3.24753,ms,,,,,,840205,5849.32,1.1207e+08,15485.6,9.06296e+07,8.38861e+06,37.7381,247218,2.07932e+09,14.0351,0,6.261e-05,5.13054e+09,0,8.38861e+06,5.53528e+08
"PeterBloom_Nonpart_Scalar_7/MTCount/371/48/1/1778279/100000000/10/iterations:5/manual_time",5,13.9155,3.36114,ms,,,,,,881080,5086.91,1.12368e+08,15578.8,9.07525e+07,8.38861e+06,37.7381,260799,2.07754e+09,13.9155,0,6.261e-05,5.14097e+09,0,8.38861e+06,5.53219e+08
"PeterBloom_Nonpart_Scalar_7/MTCount/100/48/1/3162278/100000000/10/iterations:5/manual_time",5,13.5207,3.35657,ms,,,,,,648902,5817.53,1.12131e+08,15779.8,7.97899e+07,4.1943e+06,10.6108,263698,2.0063e+09,13.5207,0,0.0111947,5.14911e+09,0,4.1943e+06,5.34651e+08
"PeterBloom_Nonpart_Scalar_7/MTCount/114/48/1/3162278/100000000/10/iterations:5/manual_time",5,13.4407,3.14274,ms,,,,,,613011,6032.43,1.12176e+08,15005.5,7.96814e+07,4.1943e+06,10.6108,275121,2.00166e+09,13.4407,0,0.0111947,5.14427e+09,0,4.1943e+06,5.32636e+08
"PeterBloom_Nonpart_Scalar_7/MTCount/128/48/1/3162278/100000000/10/iterations:5/manual_time",5,13.7209,3.24071,ms,,,,,,658568,5813.67,1.11897e+08,15445.6,7.9869e+07,4.1943e+06,10.6108,243930,2.00676e+09,13.7209,0,0.0111947,5.14126e+09,0,4.1943e+06,5.34352e+08
"PeterBloom_Nonpart_Scalar_7/MTCount/142/48/1/3162278/100000000/10/iterations:5/manual_time",5,13.6196,3.32329,ms,,,,,,621239,5810.84,1.11699e+08,15376,8.01303e+07,4.1943e+06,10.6108,258649,2.00437e+09,13.6196,0,0.0111947,5.10984e+09,0,4.1943e+06,5.32675e+08
"PeterBloom_Nonpart_Scalar_7/MTCount/157/48/1/3162278/100000000/10/iterations:5/manual_time",5,14.0173,3.25409,ms,,,,,,1.00097e+06,5741.13,1.11793e+08,15260.4,9.11372e+07,8.38861e+06,21.2217,240532,2.07869e+09,14.0173,0,0.00066644,5.10559e+09,0,8.38861e+06,5.52848e+08
"PeterBloom_Nonpart_Scalar_7/MTCount/171/48/1/3162278/100000000/10/iterations:5/manual_time",5,14.2012,3.27131,ms,,,,,,789794,5605.44,1.11744e+08,14600.2,9.10185e+07,8.38861e+06,21.2217,266059,2.0806e+09,14.2012,0,0.00066644,5.10403e+09,0,8.38861e+06,5.52901e+08
"PeterBloom_Nonpart_Scalar_7/MTCount/185/48/1/3162278/100000000/10/iterations:5/manual_time",5,14.0562,3.30019,ms,,,,,,939292,5581.81,1.11875e+08,15876,9.07497e+07,8.38861e+06,21.2217,257240,2.07959e+09,14.0562,0,0.00066644,5.13186e+09,0,8.38861e+06,5.53115e+08
"PeterBloom_Nonpart_Scalar_7/MTCount/200/48/1/3162278/100000000/10/iterations:5/manual_time",5,14.0853,3.29382,ms,,,,,,766277,5713.11,1.12017e+08,15272.9,9.0684e+07,8.38861e+06,21.2217,240953,2.07766e+09,14.0853,0,0.00066644,5.13151e+09,0,8.38861e+06,5.52973e+08
"PeterBloom_Nonpart_Scalar_7/MTCount/214/48/1/3162278/100000000/10/iterations:5/manual_time",5,13.8998,3.36913,ms,,,,,,954339,5746.33,1.11811e+08,15674.6,9.08949e+07,8.38861e+06,21.2217,276498,2.07756e+09,13.8998,0,0.00066644,5.1094e+09,0,8.38861e+06,5.51619e+08
"PeterBloom_Nonpart_Scalar_7/MTCount/228/48/1/3162278/100000000/10/iterations:5/manual_time",5,14.0332,3.30905,ms,,,,,,824742,5482.81,1.11915e+08,15639.8,9.07114e+07,8.38861e+06,21.2217,259916,2.0775e+09,14.0332,0,0.00066644,5.13177e+09,0,8.38861e+06,5.5274e+08
"PeterBloom_Nonpart_Scalar_7/MTCount/242/48/1/3162278/100000000/10/iterations:5/manual_time",5,14.059,3.30161,ms,,,,,,925324,5504.07,1.11613e+08,15339.4,9.10828e+07,8.38861e+06,21.2217,246730,2.07975e+09,14.059,0,0.00066644,5.09991e+09,0,8.38861e+06,5.52718e+08
"PeterBloom_Nonpart_Scalar_7/MTCount/257/48/1/3162278/100000000/10/iterations:5/manual_time",5,14.2082,3.22553,ms,,,,,,799284,5477.6,1.11906e+08,15304.1,9.0696e+07,8.38861e+06,21.2217,245106,2.07597e+09,14.2082,0,0.00066644,5.12887e+09,0,8.38861e+06,5.52056e+08
"PeterBloom_Nonpart_Scalar_7/MTCount/271/48/1/3162278/100000000/10/iterations:5/manual_time",5,14.1028,3.25108,ms,,,,,,847356,5324.13,1.11983e+08,15487.6,9.0812e+07,8.38861e+06,21.2217,253034,2.07689e+09,14.1028,0,0.00066644,5.12256e+09,0,8.38861e+06,5.52553e+08
"PeterBloom_Nonpart_Scalar_7/MTCount/285/48/1/3162278/100000000/10/iterations:5/manual_time",5,14.247,3.17671,ms,,,,,,914620,5500.45,1.11716e+08,14340.9,9.12453e+07,8.38861e+06,21.2217,262104,2.07877e+09,14.247,0,0.00066644,5.09236e+09,0,8.38861e+06,5.52702e+08
"PeterBloom_Nonpart_Scalar_7/MTCount/300/48/1/3162278/100000000/10/iterations:5/manual_time",5,13.9832,3.38992,ms,,,,,,791505,5548.82,1.12297e+08,15909.3,9.05746e+07,8.38861e+06,21.2217,279500,2.07771e+09,13.9832,0,0.00066644,5.13824e+09,0,8.38861e+06,5.53115e+08
"PeterBloom_Nonpart_Scalar_7/MTCount/314/48/1/3162278/100000000/10/iterations:5/manual_time",5,16.3503,3.25567,ms,,,,,,2.58702e+07,3847.02,1.12431e+08,18062.4,9.60702e+07,1.67772e+07,42.4434,253067,2.43206e+09,16.3503,0,4.017e-05,5.16712e+09,0,1.67772e+07,6.4488e+08
"PeterBloom_Nonpart_Scalar_7/MTCount/328/48/1/3162278/100000000/10/iterations:5/manual_time",5,15.9066,3.41201,ms,,,,,,2.58501e+07,3734.34,1.11807e+08,19163.7,9.63183e+07,1.67772e+07,42.4434,279834,2.43221e+09,15.9066,0,4.017e-05,5.15659e+09,0,1.67772e+07,6.4485e+08
"PeterBloom_Nonpart_Scalar_7/MTCount/342/48/1/3162278/100000000/10/iterations:5/manual_time",5,15.8732,3.41595,ms,,,,,,2.58106e+07,3662.97,1.11451e+08,17723.5,9.65111e+07,1.67772e+07,42.4434,256240,2.43086e+09,15.8732,0,4.017e-05,5.1275e+09,0,1.67772e+07,6.44617e+08
"PeterBloom_Nonpart_Scalar_7/MTCount/357/48/1/3162278/100000000/10/iterations:5/manual_time",5,15.9126,3.40041,ms,,,,,,2.57861e+07,3841.31,1.11628e+08,18977.3,9.63233e+07,1.67772e+07,42.4434,272765,2.43406e+09,15.9126,0,4.017e-05,5.15697e+09,0,1.67772e+07,6.45321e+08
"PeterBloom_Nonpart_Scalar_7/MTCount/371/48/1/3162278/100000000/10/iterations:5/manual_time",5,15.8573,3.22137,ms,,,,,,2.57435e+07,3431.25,1.10795e+08,18529.6,9.70668e+07,1.67772e+07,42.4434,273712,2.43586e+09,15.8573,0,4.017e-05,5.10743e+09,0,1.67772e+07,6.45959e+08
"PeterBloom_Nonpart_Scalar_7/MTCount/100/48/1/5623413/100000000/10/iterations:5/manual_time",5,13.9278,3.34821,ms,,,,,,954866,5710.9,1.12319e+08,15790.3,9.06506e+07,8.38861e+06,11.9338,272553,2.07788e+09,13.9278,0,0.00704928,5.14048e+09,0,8.38861e+06,5.53176e+08
"PeterBloom_Nonpart_Scalar_7/MTCount/114/48/1/5623413/100000000/10/iterations:5/manual_time",5,13.9774,3.21787,ms,,,,,,920217,5631.24,1.11643e+08,15197.8,9.08227e+07,8.38861e+06,11.9338,251790,2.07757e+09,13.9774,0,0.00704928,5.11827e+09,0,8.38861e+06,5.51933e+08
"PeterBloom_Nonpart_Scalar_7/MTCount/128/48/1/5623413/100000000/10/iterations:5/manual_time",5,13.9415,3.26041,ms,,,,,,1.04039e+06,6120.09,1.1176e+08,14859.7,9.09297e+07,8.38861e+06,11.9338,277405,2.07968e+09,13.9415,0,0.00704928,5.11232e+09,0,8.38861e+06,5.52641e+08
"PeterBloom_Nonpart_Scalar_7/MTCount/142/48/1/5623413/100000000/10/iterations:5/manual_time",5,14.2101,3.13505,ms,,,,,,981376,5554.68,1.11879e+08,15022.8,9.09289e+07,8.38861e+06,11.9338,233233,2.07725e+09,14.2101,0,0.00704928,5.12149e+09,0,8.38861e+06,5.52692e+08
"PeterBloom_Nonpart_Scalar_7/MTCount/157/48/1/5623413/100000000/10/iterations:5/manual_time",5,14.2661,3.14323,ms,,,,,,693948,5407.56,1.12006e+08,14179.6,9.03928e+07,8.38861e+06,11.9338,256136,2.0754e+09,14.2661,0,0.00704928,5.1478e+09,0,8.38861e+06,5.52194e+08
"PeterBloom_Nonpart_Scalar_7/MTCount/171/48/1/5623413/100000000/10/iterations:5/manual_time",5,16.1836,3.27573,ms,,,,,,2.57393e+07,3454.18,1.10813e+08,18476.8,9.67655e+07,1.67772e+07,23.8677,259346,2.4288e+09,16.1836,0,0.00041019,5.12222e+09,0,1.67772e+07,6.44002e+08
"PeterBloom_Nonpart_Scalar_7/MTCount/185/48/1/5623413/100000000/10/iterations:5/manual_time",5,15.8422,3.36277,ms,,,,,,2.58077e+07,3743.92,1.11138e+08,19295.4,9.68011e+07,1.67772e+07,23.8677,283633,2.4307e+09,15.8422,0,0.00041019,5.1157e+09,0,1.67772e+07,6.44515e+08
"PeterBloom_Nonpart_Scalar_7/MTCount/200/48/1/5623413/100000000/10/iterations:5/manual_time",5,15.818,3.35395,ms,,,,,,2.58931e+07,3822.92,1.11826e+08,18206.2,9.62226e+07,1.67772e+07,23.8677,263534,2.42863e+09,15.818,0,0.00041019,5.15465e+09,0,1.67772e+07,6.44122e+08
"PeterBloom_Nonpart_Scalar_7/MTCount/214/48/1/5623413/100000000/10/iterations:5/manual_time",5,15.8454,3.35796,ms,,,,,,2.58803e+07,3687.87,1.11214e+08,18848.4,9.67432e+07,1.67772e+07,23.8677,278102,2.42997e+09,15.8454,0,0.00041019,5.12057e+09,0,1.67772e+07,6.44318e+08
"PeterBloom_Nonpart_Scalar_7/MTCount/228/48/1/5623413/100000000/10/iterations:5/manual_time",5,16.3036,2.97701,ms,,,,,,2.58681e+07,3446.6,1.10708e+08,19036.6,9.72871e+07,1.67772e+07,23.8677,264204,2.42648e+09,16.3036,0,0.00041019,5.09084e+09,0,1.67772e+07,6.43381e+08
"PeterBloom_Nonpart_Scalar_7/MTCount/242/48/1/5623413/100000000/10/iterations:5/manual_time",5,15.8339,3.36665,ms,,,,,,2.58593e+07,3892.23,1.11932e+08,19074.4,9.61327e+07,1.67772e+07,23.8677,290411,2.42949e+09,15.8339,0,0.00041019,5.16842e+09,0,1.67772e+07,6.44244e+08
"PeterBloom_Nonpart_Scalar_7/MTCount/257/48/1/5623413/100000000/10/iterations:5/manual_time",5,15.8233,3.35585,ms,,,,,,2.57823e+07,3629.38,1.10756e+08,18468.2,9.70342e+07,1.67772e+07,23.8677,297587,2.43129e+09,15.8233,0,0.00041019,5.10343e+09,0,1.67772e+07,6.44724e+08
"PeterBloom_Nonpart_Scalar_7/MTCount/271/48/1/5623413/100000000/10/iterations:5/manual_time",5,16.2051,3.30724,ms,,,,,,2.57896e+07,3687.52,1.10859e+08,18219.8,9.68169e+07,1.67772e+07,23.8677,273907,2.43046e+09,16.2051,0,0.00041019,5.12026e+09,0,1.67772e+07,6.44391e+08
"PeterBloom_Nonpart_Scalar_7/MTCount/285/48/1/5623413/100000000/10/iterations:5/manual_time",5,15.8356,3.36023,ms,,,,,,2.581e+07,3681.44,1.11161e+08,17862.6,9.69346e+07,1.67772e+07,23.8677,267220,2.42866e+09,15.8356,0,0.00041019,5.106e+09,0,1.67772e+07,6.43993e+08
"PeterBloom_Nonpart_Scalar_7/MTCount/300/48/1/5623413/100000000/10/iterations:5/manual_time",5,15.7997,3.34385,ms,,,,,,2.58835e+07,3567.26,1.1076e+08,17968,9.74506e+07,1.67772e+07,23.8677,298902,2.42797e+09,15.7997,0,0.00041019,5.07255e+09,0,1.67772e+07,6.43895e+08
"PeterBloom_Nonpart_Scalar_7/MTCount/314/48/1/5623413/100000000/10/iterations:5/manual_time",5,16.2597,3.27416,ms,,,,,,2.58172e+07,3561.57,1.1076e+08,18102,9.71451e+07,1.67772e+07,23.8677,275835,2.43201e+09,16.2597,0,0.00041019,5.08985e+09,0,1.67772e+07,6.44867e+08
"PeterBloom_Nonpart_Scalar_7/MTCount/328/48/1/5623413/100000000/10/iterations:5/manual_time",5,15.9691,3.3353,ms,,,,,,2.58615e+07,3661.79,1.10815e+08,18230.8,9.72639e+07,1.67772e+07,23.8677,269203,2.43018e+09,15.9691,0,0.00041019,5.08192e+09,0,1.67772e+07,6.44392e+08
"PeterBloom_Nonpart_Scalar_7/MTCount/342/48/1/5623413/100000000/10/iterations:5/manual_time",5,33.2808,3.07496,ms,,,,,,6.28863e+07,4474.13,1.13165e+08,22351,9.95102e+07,3.35544e+07,47.7353,391023,5.63019e+09,33.2808,0,2.522e-05,5.14487e+09,0,3.35544e+07,1.49231e+09
"PeterBloom_Nonpart_Scalar_7/MTCount/357/48/1/5623413/100000000/10/iterations:5/manual_time",5,33.4994,3.07529,ms,,,,,,6.29171e+07,3892.83,1.13131e+08,23259.6,9.95683e+07,3.35544e+07,47.7353,405763,5.63787e+09,33.4994,0,2.522e-05,5.14284e+09,0,3.35544e+07,1.49441e+09
"PeterBloom_Nonpart_Scalar_7/MTCount/371/48/1/5623413/100000000/10/iterations:5/manual_time",5,33.5565,3.16618,ms,,,,,,6.28977e+07,3507.71,1.12961e+08,23630.2,9.97564e+07,3.35544e+07,47.7353,397322,5.63138e+09,33.5565,0,2.522e-05,5.13096e+09,0,3.35544e+07,1.49293e+09
"PeterBloom_Nonpart_Scalar_7/MTCount/100/48/1/10000000/100000000/10/iterations:5/manual_time",5,15.8076,3.33349,ms,,,,,,2.58224e+07,3429.86,1.10544e+08,18118,9.73686e+07,1.67772e+07,13.4218,279826,2.42831e+09,15.8076,0,0.00440205,5.07903e+09,0,1.67772e+07,6.43818e+08
"PeterBloom_Nonpart_Scalar_7/MTCount/114/48/1/10000000/100000000/10/iterations:5/manual_time",5,15.7943,3.33703,ms,,,,,,2.57909e+07,3605.31,1.10798e+08,18373.4,9.70404e+07,1.67772e+07,13.4218,278405,2.42896e+09,15.7943,0,0.00440205,5.09929e+09,0,1.67772e+07,6.43955e+08
"PeterBloom_Nonpart_Scalar_7/MTCount/128/48/1/10000000/100000000/10/iterations:5/manual_time",5,15.8641,3.37676,ms,,,,,,2.59031e+07,4064.45,1.12144e+08,18217.2,9.64638e+07,1.67772e+07,13.4218,261859,2.42895e+09,15.8641,0,0.00440205,5.13485e+09,0,1.67772e+07,6.44212e+08
"PeterBloom_Nonpart_Scalar_7/MTCount/142/48/1/10000000/100000000/10/iterations:5/manual_time",5,16.1252,3.22427,ms,,,,,,2.58123e+07,3246.73,1.1055e+08,17745.4,9.773e+07,1.67772e+07,13.4218,265770,2.4282e+09,16.1252,0,0.00440205,5.05304e+09,0,1.67772e+07,6.44017e+08
"PeterBloom_Nonpart_Scalar_7/MTCount/157/48/1/10000000/100000000/10/iterations:5/manual_time",5,15.8513,3.33065,ms,,,,,,2.58493e+07,3260.58,1.10632e+08,18360,9.77183e+07,1.67772e+07,13.4218,283814,2.42875e+09,15.8513,0,0.00440205,5.0655e+09,0,1.67772e+07,6.44011e+08
"PeterBloom_Nonpart_Scalar_7/MTCount/171/48/1/10000000/100000000/10/iterations:5/manual_time",5,15.8904,3.35287,ms,,,,,,2.58093e+07,3585.14,1.11517e+08,19392.5,9.64782e+07,1.67772e+07,13.4218,272174,2.42942e+09,15.8904,0,0.00440205,5.1453e+09,0,1.67772e+07,6.44047e+08
"PeterBloom_Nonpart_Scalar_7/MTCount/185/48/1/10000000/100000000/10/iterations:5/manual_time",5,15.8046,3.35505,ms,,,,,,2.58154e+07,3663.56,1.1084e+08,18400.3,9.70145e+07,1.67772e+07,13.4218,290284,2.43039e+09,15.8046,0,0.00440205,5.10414e+09,0,1.67772e+07,6.44384e+08
"PeterBloom_Nonpart_Scalar_7/MTCount/200/48/1/10000000/100000000/10/iterations:5/manual_time",5,33.4521,3.2113,ms,,,,,,6.29673e+07,4907.18,1.13349e+08,23300.3,9.93986e+07,3.35544e+07,26.8435,406771,5.63204e+09,33.4521,0,0.00025297,5.15137e+09,0,3.35544e+07,1.49276e+09
"PeterBloom_Nonpart_Scalar_7/MTCount/214/48/1/10000000/100000000/10/iterations:5/manual_time",5,33.6861,2.93884,ms,,,,,,6.30488e+07,3549.47,1.13551e+08,22333.4,9.94334e+07,3.35544e+07,26.8435,455285,5.62164e+09,33.6861,0,0.00025297,5.13891e+09,0,3.35544e+07,1.49046e+09
"PeterBloom_Nonpart_Scalar_7/MTCount/228/48/1/10000000/100000000/10/iterations:5/manual_time",5,33.7135,3.15302,ms,,,,,,6.29183e+07,4128.71,1.13132e+08,22774.6,9.95708e+07,3.35544e+07,26.8435,399332,5.62935e+09,33.7135,0,0.00025297,5.14178e+09,0,3.35544e+07,1.49216e+09
"PeterBloom_Nonpart_Scalar_7/MTCount/242/48/1/10000000/100000000/10/iterations:5/manual_time",5,33.2906,3.12045,ms,,,,,,6.29126e+07,3481.28,1.13089e+08,22382.1,9.95821e+07,3.35544e+07,26.8435,400436,5.6241e+09,33.2906,0,0.00025297,5.13906e+09,0,3.35544e+07,1.49095e+09
"PeterBloom_Nonpart_Scalar_7/MTCount/257/48/1/10000000/100000000/10/iterations:5/manual_time",5,33.397,2.93151,ms,,,,,,6.29913e+07,3709.42,1.13293e+08,22631.4,9.95536e+07,3.35544e+07,26.8435,429633,5.62942e+09,33.397,0,0.00025297,5.13639e+09,0,3.35544e+07,1.49237e+09
"PeterBloom_Nonpart_Scalar_7/MTCount/271/48/1/10000000/100000000/10/iterations:5/manual_time",5,33.0089,2.983,ms,,,,,,6.29925e+07,4543.37,1.13083e+08,23206.7,9.96145e+07,3.35544e+07,26.8435,403426,5.61954e+09,33.0089,0,0.00025297,5.13839e+09,0,3.35544e+07,1.48971e+09
"PeterBloom_Nonpart_Scalar_7/MTCount/285/48/1/10000000/100000000/10/iterations:5/manual_time",5,33.9211,2.91531,ms,,,,,,6.28937e+07,4131.49,1.1321e+08,23423.1,9.94219e+07,3.35544e+07,26.8435,378644,5.63034e+09,33.9211,0,0.00025297,5.14987e+09,0,3.35544e+07,1.4926e+09
"PeterBloom_Nonpart_Scalar_7/MTCount/300/48/1/10000000/100000000/10/iterations:5/manual_time",5,34.0613,3.06815,ms,,,,,,6.30963e+07,4488.28,1.13538e+08,21508.9,9.93387e+07,3.35544e+07,26.8435,437659,5.62349e+09,34.0613,0,0.00025297,5.14044e+09,0,3.35544e+07,1.49064e+09
"PeterBloom_Nonpart_Scalar_7/MTCount/314/48/1/10000000/100000000/10/iterations:5/manual_time",5,33.1955,2.94981,ms,,,,,,6.28331e+07,3406.96,1.13e+08,23089.1,9.97305e+07,3.35544e+07,26.8435,396381,5.61792e+09,33.1955,0,0.00025297,5.13455e+09,0,3.35544e+07,1.48961e+09
"PeterBloom_Nonpart_Scalar_7/MTCount/328/48/1/10000000/100000000/10/iterations:5/manual_time",5,33.1436,2.993,ms,,,,,,6.29801e+07,4291.32,1.13184e+08,22649.7,9.94877e+07,3.35544e+07,26.8435,402813,5.62728e+09,33.1436,0,0.00025297,5.14422e+09,0,3.35544e+07,1.49174e+09
"PeterBloom_Nonpart_Scalar_7/MTCount/342/48/1/10000000/100000000/10/iterations:5/manual_time",5,33.5471,2.99062,ms,,,,,,6.28892e+07,3698.95,1.13155e+08,22701.2,9.95669e+07,3.35544e+07,26.8435,404178,5.64149e+09,33.5471,0,0.00025297,5.13962e+09,0,3.35544e+07,1.49547e+09
"PeterBloom_Nonpart_Scalar_7/MTCount/357/48/1/10000000/100000000/10/iterations:5/manual_time",5,33.7217,3.03628,ms,,,,,,6.28799e+07,3254,1.13007e+08,23403,9.96669e+07,3.35544e+07,26.8435,378079,5.63947e+09,33.7217,0,0.00025297,5.13404e+09,0,3.35544e+07,1.495e+09
"PeterBloom_Nonpart_Scalar_7/MTCount/371/48/1/10000000/100000000/10/iterations:5/manual_time",5,33.1669,3.10683,ms,,,,,,6.29245e+07,3675.05,1.1306e+08,22536,9.96567e+07,3.35544e+07,26.8435,408465,5.62403e+09,33.1669,0,0.00025297,5.13708e+09,0,3.35544e+07,1.49093e+09
"PeterBloom_Nonpart_Scalar_7/MTCount/100/48/1/17782794/100000000/10/iterations:5/manual_time",5,15.8577,3.28115,ms,,,,,,2.57795e+07,3592.59,1.10826e+08,19162.4,9.69935e+07,1.67772e+07,7.54762,297888,2.43197e+09,15.8577,0,0.0400874,5.11169e+09,0,1.67772e+07,6.44963e+08
"PeterBloom_Nonpart_Scalar_7/MTCount/114/48/1/17782794/100000000/10/iterations:5/manual_time",5,33.8898,3.0612,ms,,,,,,6.28473e+07,3461.43,1.13061e+08,22775.3,9.96075e+07,3.35544e+07,15.0952,392794,5.61581e+09,33.8898,0,0.00271642,5.13946e+09,0,3.35544e+07,1.48886e+09
"PeterBloom_Nonpart_Scalar_7/MTCount/128/48/1/17782794/100000000/10/iterations:5/manual_time",5,33.5345,3.1196,ms,,,,,,6.28946e+07,3991.11,1.13141e+08,23421.6,9.95774e+07,3.35544e+07,15.0952,386183,5.63203e+09,33.5345,0,0.00271642,5.14096e+09,0,3.35544e+07,1.49291e+09
"PeterBloom_Nonpart_Scalar_7/MTCount/142/48/1/17782794/100000000/10/iterations:5/manual_time",5,33.6951,3.10528,ms,,,,,,6.28926e+07,3924.45,1.12993e+08,23149.8,9.97434e+07,3.35544e+07,15.0952,366600,5.63486e+09,33.6951,0,0.00271642,5.13512e+09,0,3.35544e+07,1.49366e+09
"PeterBloom_Nonpart_Scalar_7/MTCount/157/48/1/17782794/100000000/10/iterations:5/manual_time",5,33.9855,3.00406,ms,,,,,,6.29074e+07,4332.4,1.13054e+08,23039.4,9.96177e+07,3.35544e+07,15.0952,408336,5.62033e+09,33.9855,0,0.00271642,5.13912e+09,0,3.35544e+07,1.48994e+09
"PeterBloom_Nonpart_Scalar_7/MTCount/171/48/1/17782794/100000000/10/iterations:5/manual_time",5,33.5384,2.96615,ms,,,,,,6.29346e+07,3559.78,1.13048e+08,23207.6,9.96517e+07,3.35544e+07,15.0952,405200,5.62015e+09,33.5384,0,0.00271642,5.13679e+09,0,3.35544e+07,1.48991e+09
"PeterBloom_Nonpart_Scalar_7/MTCount/185/48/1/17782794/100000000/10/iterations:5/manual_time",5,33.3482,2.82693,ms,,,,,,6.28729e+07,4477.89,1.1337e+08,22952.1,9.93328e+07,3.35544e+07,15.0952,385510,5.62906e+09,33.3482,0,0.00271642,5.15578e+09,0,3.35544e+07,1.49207e+09
"PeterBloom_Nonpart_Scalar_7/MTCount/200/48/1/17782794/100000000/10/iterations:5/manual_time",5,32.915,2.8409,ms,,,,,,6.29654e+07,4688.1,1.13069e+08,23941.8,9.96375e+07,3.35544e+07,15.0952,400147,5.62355e+09,32.915,0,0.00271642,5.13719e+09,0,3.35544e+07,1.49064e+09
"PeterBloom_Nonpart_Scalar_7/MTCount/214/48/1/17782794/100000000/10/iterations:5/manual_time",5,33.6446,2.80013,ms,,,,,,6.29617e+07,3910.25,1.13217e+08,23059,9.94392e+07,3.35544e+07,15.0952,385947,5.63546e+09,33.6446,0,0.00271642,5.14482e+09,0,3.35544e+07,1.49387e+09
"PeterBloom_Nonpart_Scalar_7/MTCount/228/48/1/17782794/100000000/10/iterations:5/manual_time",5,55.2613,2.84694,ms,,,,,,8.18259e+07,3903.46,1.13658e+08,23304.5,1.04872e+08,6.71089e+07,30.1905,653244,9.65979e+09,55.2613,0,0.00015616,5.12962e+09,0,6.71089e+07,2.55905e+09
"PeterBloom_Nonpart_Scalar_7/MTCount/242/48/1/17782794/100000000/10/iterations:5/manual_time",5,56.4006,3.10944,ms,,,,,,8.18307e+07,4280.91,1.13635e+08,24015.6,1.04706e+08,6.71089e+07,30.1905,661615,9.66807e+09,56.4006,0,0.00015616,5.13173e+09,0,6.71089e+07,2.56124e+09
"PeterBloom_Nonpart_Scalar_7/MTCount/257/48/1/17782794/100000000/10/iterations:5/manual_time",5,55.6395,3.00138,ms,,,,,,8.18231e+07,3544.27,1.13645e+08,23668.3,1.04682e+08,6.71089e+07,30.1905,653743,9.66409e+09,55.6395,0,0.00015616,5.13062e+09,0,6.71089e+07,2.56015e+09
"PeterBloom_Nonpart_Scalar_7/MTCount/271/48/1/17782794/100000000/10/iterations:5/manual_time",5,55.6186,2.93838,ms,,,,,,8.18212e+07,3851.08,1.13653e+08,24041.7,1.04787e+08,6.71089e+07,30.1905,652153,9.66801e+09,55.6186,0,0.00015616,5.13082e+09,0,6.71089e+07,2.56133e+09
"PeterBloom_Nonpart_Scalar_7/MTCount/285/48/1/17782794/100000000/10/iterations:5/manual_time",5,55.4488,2.96426,ms,,,,,,8.18184e+07,3871.59,1.13678e+08,23387.1,1.04777e+08,6.71089e+07,30.1905,663399,9.66714e+09,55.4488,0,0.00015616,5.1324e+09,0,6.71089e+07,2.56096e+09
"PeterBloom_Nonpart_Scalar_7/MTCount/300/48/1/17782794/100000000/10/iterations:5/manual_time",5,56.1674,2.93187,ms,,,,,,8.18171e+07,4064.78,1.13669e+08,24362.2,1.04783e+08,6.71089e+07,30.1905,659744,9.66747e+09,56.1674,0,0.00015616,5.13382e+09,0,6.71089e+07,2.56081e+09
"PeterBloom_Nonpart_Scalar_7/MTCount/314/48/1/17782794/100000000/10/iterations:5/manual_time",5,55.8156,3.00059,ms,,,,,,8.18081e+07,3711.22,1.1364e+08,23887.9,1.04702e+08,6.71089e+07,30.1905,644167,9.66519e+09,55.8156,0,0.00015616,5.13137e+09,0,6.71089e+07,2.56029e+09
"PeterBloom_Nonpart_Scalar_7/MTCount/328/48/1/17782794/100000000/10/iterations:5/manual_time",5,56.1389,2.96006,ms,,,,,,8.18255e+07,3899.9,1.13632e+08,23751.7,1.04694e+08,6.71089e+07,30.1905,642652,9.66731e+09,56.1389,0,0.00015616,5.13042e+09,0,6.71089e+07,2.56102e+09
"PeterBloom_Nonpart_Scalar_7/MTCount/342/48/1/17782794/100000000/10/iterations:5/manual_time",5,55.5427,2.87548,ms,,,,,,8.1796e+07,3787.3,1.1363e+08,23518.4,1.04746e+08,6.71089e+07,30.1905,628571,9.66243e+09,55.5427,0,0.00015616,5.1314e+09,0,6.71089e+07,2.55991e+09
"PeterBloom_Nonpart_Scalar_7/MTCount/357/48/1/17782794/100000000/10/iterations:5/manual_time",5,56.3438,3.07584,ms,,,,,,8.18295e+07,3705.68,1.13643e+08,23029.8,1.04773e+08,6.71089e+07,30.1905,648357,9.66512e+09,56.3438,0,0.00015616,5.13028e+09,0,6.71089e+07,2.56053e+09
"PeterBloom_Nonpart_Scalar_7/MTCount/371/48/1/17782794/100000000/10/iterations:5/manual_time",5,55.8813,2.93667,ms,,,,,,8.1814e+07,3644.19,1.13649e+08,24326.3,1.04768e+08,6.71089e+07,30.1905,652661,9.66426e+09,55.8813,0,0.00015616,5.1314e+09,0,6.71089e+07,2.56022e+09
"PeterBloom_Nonpart_Scalar_7/MTCount/100/48/1/31622777/100000000/10/iterations:5/manual_time",5,33.6289,2.90591,ms,,,,,,6.28478e+07,3736.62,1.12956e+08,23059.6,9.97084e+07,3.35544e+07,8.48867,382132,5.61453e+09,33.6289,0,0.0262134,5.13441e+09,0,3.35544e+07,1.48853e+09
"PeterBloom_Nonpart_Scalar_7/MTCount/114/48/1/31622777/100000000/10/iterations:5/manual_time",5,33.96,3.05152,ms,,,,,,6.2844e+07,2529.82,1.12819e+08,23062.5,9.99279e+07,3.35544e+07,8.48867,397628,5.62103e+09,33.96,0,0.0262134,5.12268e+09,0,3.35544e+07,1.49033e+09
"PeterBloom_Nonpart_Scalar_7/MTCount/128/48/1/31622777/100000000/10/iterations:5/manual_time",5,55.9688,2.89402,ms,,,,,,8.18274e+07,3381.52,1.13635e+08,23647,1.0479e+08,6.71089e+07,16.9773,652733,9.66851e+09,55.9688,0,0.0016804,5.1304e+09,0,6.71089e+07,2.56147e+09
"PeterBloom_Nonpart_Scalar_7/MTCount/142/48/1/31622777/100000000/10/iterations:5/manual_time",5,55.429,2.93354,ms,,,,,,8.18148e+07,3642.17,1.1364e+08,23196.7,1.04819e+08,6.71089e+07,16.9773,649711,9.66753e+09,55.429,0,0.0016804,5.13033e+09,0,6.71089e+07,2.56099e+09
"PeterBloom_Nonpart_Scalar_7/MTCount/157/48/1/31622777/100000000/10/iterations:5/manual_time",5,55.9928,3.00943,ms,,,,,,8.18295e+07,3714.28,1.1367e+08,23286.6,1.04826e+08,6.71089e+07,16.9773,671586,9.66645e+09,55.9928,0,0.0016804,5.1306e+09,0,6.71089e+07,2.56088e+09
"PeterBloom_Nonpart_Scalar_7/MTCount/171/48/1/31622777/100000000/10/iterations:5/manual_time",5,55.5858,2.85154,ms,,,,,,8.18053e+07,3474.69,1.1363e+08,23536.3,1.04735e+08,6.71089e+07,16.9773,650524,9.65829e+09,55.5858,0,0.0016804,5.13073e+09,0,6.71089e+07,2.55882e+09
"PeterBloom_Nonpart_Scalar_7/MTCount/185/48/1/31622777/100000000/10/iterations:5/manual_time",5,55.8523,2.98921,ms,,,,,,8.18087e+07,3967.3,1.13661e+08,24904.4,1.04691e+08,6.71089e+07,16.9773,657030,9.66678e+09,55.8523,0,0.0016804,5.13287e+09,0,6.71089e+07,2.56062e+09
"PeterBloom_Nonpart_Scalar_7/MTCount/200/48/1/31622777/100000000/10/iterations:5/manual_time",5,55.5286,3.03754,ms,,,,,,8.18188e+07,3680.89,1.13664e+08,24589.3,1.04842e+08,6.71089e+07,16.9773,681205,9.67268e+09,55.5286,0,0.0016804,5.13224e+09,0,6.71089e+07,2.56231e+09
"PeterBloom_Nonpart_Scalar_7/MTCount/214/48/1/31622777/100000000/10/iterations:5/manual_time",5,55.5259,3.0706,ms,,,,,,8.18049e+07,3625.3,1.1364e+08,24161,1.04748e+08,6.71089e+07,16.9773,654624,9.66614e+09,55.5259,0,0.0016804,5.13159e+09,0,6.71089e+07,2.56067e+09
"PeterBloom_Nonpart_Scalar_7/MTCount/228/48/1/31622777/100000000/10/iterations:5/manual_time",5,55.4272,3.02705,ms,,,,,,8.18174e+07,3735.89,1.13659e+08,23090.3,1.04784e+08,6.71089e+07,16.9773,664826,9.66076e+09,55.4272,0,0.0016804,5.13121e+09,0,6.71089e+07,2.55927e+09
"PeterBloom_Nonpart_Scalar_7/MTCount/242/48/1/31622777/100000000/10/iterations:5/manual_time",5,55.9115,3.07657,ms,,,,,,8.18036e+07,3751.34,1.13642e+08,23841.8,1.048e+08,6.71089e+07,16.9773,652713,9.66325e+09,55.9115,0,0.0016804,5.13035e+09,0,6.71089e+07,2.55993e+09
"PeterBloom_Nonpart_Scalar_7/MTCount/257/48/1/31622777/100000000/10/iterations:5/manual_time",5,63.1123,3.02231,ms,,,,,,9.1163e+07,4121.41,1.13804e+08,23757.4,1.18101e+08,1.34218e+08,33.9547,722023,1.10222e+10,63.1123,0,9.738e-05,5.13249e+09,0,1.34218e+08,2.91964e+09
"PeterBloom_Nonpart_Scalar_7/MTCount/271/48/1/31622777/100000000/10/iterations:5/manual_time",5,62.9416,2.98947,ms,,,,,,9.11552e+07,4678.35,1.13803e+08,24074.4,1.18168e+08,1.34218e+08,33.9547,732766,1.10134e+10,62.9416,0,9.738e-05,5.13305e+09,0,1.34218e+08,2.91721e+09
"PeterBloom_Nonpart_Scalar_7/MTCount/285/48/1/31622777/100000000/10/iterations:5/manual_time",5,63.032,3.00117,ms,,,,,,9.11441e+07,4364.83,1.13813e+08,23763.8,1.18103e+08,1.34218e+08,33.9547,719058,1.10132e+10,63.032,0,9.738e-05,5.13316e+09,0,1.34218e+08,2.91704e+09
"PeterBloom_Nonpart_Scalar_7/MTCount/300/48/1/31622777/100000000/10/iterations:5/manual_time",5,63.4026,3.00293,ms,,,,,,9.11714e+07,4732.34,1.1381e+08,24039.2,1.18097e+08,1.34218e+08,33.9547,744789,1.10156e+10,63.4026,0,9.738e-05,5.13281e+09,0,1.34218e+08,2.91772e+09
"PeterBloom_Nonpart_Scalar_7/MTCount/314/48/1/31622777/100000000/10/iterations:5/manual_time",5,63.4575,3.08385,ms,,,,,,9.11464e+07,4383.67,1.13798e+08,24011.9,1.17936e+08,1.34218e+08,33.9547,727398,1.10101e+10,63.4575,0,9.738e-05,5.13394e+09,0,1.34218e+08,2.91609e+09
"PeterBloom_Nonpart_Scalar_7/MTCount/328/48/1/31622777/100000000/10/iterations:5/manual_time",5,63.1064,2.88655,ms,,,,,,9.1144e+07,4304.21,1.1379e+08,24311.6,1.18055e+08,1.34218e+08,33.9547,711811,1.10133e+10,63.1064,0,9.738e-05,5.1334e+09,0,1.34218e+08,2.9171e+09
"PeterBloom_Nonpart_Scalar_7/MTCount/342/48/1/31622777/100000000/10/iterations:5/manual_time",5,63.3255,3.03096,ms,,,,,,9.11476e+07,4352.87,1.13794e+08,24060.7,1.18078e+08,1.34218e+08,33.9547,732111,1.10111e+10,63.3255,0,9.738e-05,5.13365e+09,0,1.34218e+08,2.91652e+09
"PeterBloom_Nonpart_Scalar_7/MTCount/357/48/1/31622777/100000000/10/iterations:5/manual_time",5,63.1104,3.107,ms,,,,,,9.11479e+07,4573.3,1.13804e+08,24935,1.18059e+08,1.34218e+08,33.9547,739622,1.10167e+10,63.1104,0,9.738e-05,5.13322e+09,0,1.34218e+08,2.918e+09
"PeterBloom_Nonpart_Scalar_7/MTCount/371/48/1/31622777/100000000/10/iterations:5/manual_time",5,63.391,3.07468,ms,,,,,,9.11416e+07,4631.05,1.13809e+08,24188.9,1.18143e+08,1.34218e+08,33.9547,716257,1.10152e+10,63.391,0,9.738e-05,5.133e+09,0,1.34218e+08,2.91764e+09
"PeterBloom_Nonpart_Scalar_7/MTCount/100/48/1/56234133/100000000/10/iterations:5/manual_time",5,55.6616,3.00259,ms,,,,,,8.17964e+07,3532.22,1.13635e+08,23286.3,1.04715e+08,6.71089e+07,9.54706,640666,9.66563e+09,55.6616,0,0.0168652,5.13097e+09,0,6.71089e+07,2.56055e+09
"PeterBloom_Nonpart_Scalar_7/MTCount/114/48/1/56234133/100000000/10/iterations:5/manual_time",5,55.8516,3.04268,ms,,,,,,8.18057e+07,3618.14,1.13654e+08,23866.5,1.04769e+08,6.71089e+07,9.54706,658328,9.66682e+09,55.8516,0,0.0168652,5.13204e+09,0,6.71089e+07,2.56066e+09
"PeterBloom_Nonpart_Scalar_7/MTCount/128/48/1/56234133/100000000/10/iterations:5/manual_time",5,55.6005,3.08742,ms,,,,,,8.18145e+07,3980.35,1.13654e+08,23458.6,1.04754e+08,6.71089e+07,9.54706,647291,9.66352e+09,55.6005,0,0.0168652,5.13141e+09,0,6.71089e+07,2.56018e+09
"PeterBloom_Nonpart_Scalar_7/MTCount/142/48/1/56234133/100000000/10/iterations:5/manual_time",5,63.0979,3.09235,ms,,,,,,9.11543e+07,4930.28,1.13799e+08,23337.6,1.18058e+08,1.34218e+08,19.0941,730508,1.10146e+10,63.0979,0,0.00103414,5.13242e+09,0,1.34218e+08,2.91745e+09
"PeterBloom_Nonpart_Scalar_7/MTCount/157/48/1/56234133/100000000/10/iterations:5/manual_time",5,63.4187,3.07279,ms,,,,,,9.11476e+07,4655.63,1.13801e+08,23884.5,1.18024e+08,1.34218e+08,19.0941,726032,1.10156e+10,63.4187,0,0.00103414,5.13285e+09,0,1.34218e+08,2.91762e+09
"PeterBloom_Nonpart_Scalar_7/MTCount/171/48/1/56234133/100000000/10/iterations:5/manual_time",5,63.1262,3.08363,ms,,,,,,9.11537e+07,4546.95,1.13807e+08,23670.2,1.17999e+08,1.34218e+08,19.0941,737553,1.10154e+10,63.1262,0,0.00103414,5.13283e+09,0,1.34218e+08,2.91776e+09
"PeterBloom_Nonpart_Scalar_7/MTCount/185/48/1/56234133/100000000/10/iterations:5/manual_time",5,63.4526,3.07998,ms,,,,,,9.11459e+07,4416.61,1.13791e+08,24189.3,1.18023e+08,1.34218e+08,19.0941,740856,1.10176e+10,63.4526,0,0.00103414,5.13351e+09,0,1.34218e+08,2.91804e+09
"PeterBloom_Nonpart_Scalar_7/MTCount/200/48/1/56234133/100000000/10/iterations:5/manual_time",5,63.262,2.8898,ms,,,,,,9.11391e+07,4421.23,1.13784e+08,24512.8,1.18119e+08,1.34218e+08,19.0941,693980,1.10112e+10,63.262,0,0.00103414,5.13283e+09,0,1.34218e+08,2.91683e+09
"PeterBloom_Nonpart_Scalar_7/MTCount/214/48/1/56234133/100000000/10/iterations:5/manual_time",5,63.1265,3.08337,ms,,,,,,9.1143e+07,4577.21,1.13815e+08,23161.6,1.18075e+08,1.34218e+08,19.0941,716417,1.10136e+10,63.1265,0,0.00103414,5.13294e+09,0,1.34218e+08,2.91761e+09
"PeterBloom_Nonpart_Scalar_7/MTCount/228/48/1/56234133/100000000/10/iterations:5/manual_time",5,63.1128,3.06314,ms,,,,,,9.11492e+07,4648.49,1.13791e+08,23275.8,1.18055e+08,1.34218e+08,19.0941,722628,1.10149e+10,63.1128,0,0.00103414,5.13333e+09,0,1.34218e+08,2.9175e+09
"PeterBloom_Nonpart_Scalar_7/MTCount/242/48/1/56234133/100000000/10/iterations:5/manual_time",5,63.1793,3.08083,ms,,,,,,9.1158e+07,4550.9,1.13809e+08,24368.6,1.18222e+08,1.34218e+08,19.0941,729640,1.10273e+10,63.1793,0,0.00103414,5.13298e+09,0,1.34218e+08,2.92084e+09
"PeterBloom_Nonpart_Scalar_7/MTCount/257/48/1/56234133/100000000/10/iterations:5/manual_time",5,63.154,3.12947,ms,,,,,,9.11623e+07,4530.01,1.13807e+08,23686.2,1.18047e+08,1.34218e+08,19.0941,744244,1.10159e+10,63.154,0,0.00103414,5.13324e+09,0,1.34218e+08,2.91767e+09
"PeterBloom_Nonpart_Scalar_7/MTCount/271/48/1/56234133/100000000/10/iterations:5/manual_time",5,63.0215,2.86478,ms,,,,,,9.11601e+07,4966.94,1.13812e+08,23681.6,1.1812e+08,1.34218e+08,19.0941,717976,1.10111e+10,63.0215,0,0.00103414,5.13335e+09,0,1.34218e+08,2.91674e+09
"PeterBloom_Nonpart_Scalar_7/MTCount/285/48/1/56234133/100000000/10/iterations:5/manual_time",5,66.5107,2.98424,ms,,,,,,9.57407e+07,6286.23,1.13867e+08,28401.3,1.40263e+08,2.68435e+08,38.1883,668299,1.16672e+10,66.5107,0,6.067e-05,5.13606e+09,0,2.68435e+08,3.08971e+09
"PeterBloom_Nonpart_Scalar_7/MTCount/300/48/1/56234133/100000000/10/iterations:5/manual_time",5,67.3075,3.12364,ms,,,,,,9.5751e+07,5172.93,1.13872e+08,28002.2,1.40235e+08,2.68435e+08,38.1883,698375,1.16723e+10,67.3075,0,6.067e-05,5.13556e+09,0,2.68435e+08,3.09135e+09
"PeterBloom_Nonpart_Scalar_7/MTCount/314/48/1/56234133/100000000/10/iterations:5/manual_time",5,66.5974,2.86537,ms,,,,,,9.57407e+07,6286.72,1.13842e+08,28909.6,1.40205e+08,2.68435e+08,38.1883,661956,1.16631e+10,66.5974,0,6.067e-05,5.1357e+09,0,2.68435e+08,3.08881e+09
"PeterBloom_Nonpart_Scalar_7/MTCount/328/48/1/56234133/100000000/10/iterations:5/manual_time",5,66.7278,3.10943,ms,,,,,,9.57266e+07,5926.36,1.13862e+08,28427.9,1.40278e+08,2.68435e+08,38.1883,672686,1.16721e+10,66.7278,0,6.067e-05,5.1361e+09,0,2.68435e+08,3.09122e+09
"PeterBloom_Nonpart_Scalar_7/MTCount/342/48/1/56234133/100000000/10/iterations:5/manual_time",5,66.8454,3.13279,ms,,,,,,9.57321e+07,6061.81,1.13858e+08,28133.1,1.40332e+08,2.68435e+08,38.1883,689089,1.16753e+10,66.8454,0,6.067e-05,5.13606e+09,0,2.68435e+08,3.09218e+09
"PeterBloom_Nonpart_Scalar_7/MTCount/357/48/1/56234133/100000000/10/iterations:5/manual_time",5,66.8755,2.8276,ms,,,,,,9.57388e+07,6386.82,1.13859e+08,28296.6,1.40239e+08,2.68435e+08,38.1883,678654,1.16732e+10,66.8755,0,6.067e-05,5.13651e+09,0,2.68435e+08,3.09227e+09
"PeterBloom_Nonpart_Scalar_7/MTCount/371/48/1/56234133/100000000/10/iterations:5/manual_time",5,67.3147,3.02662,ms,,,,,,9.57458e+07,5953.79,1.13848e+08,28001.9,1.40148e+08,2.68435e+08,38.1883,678041,1.16727e+10,67.3147,0,6.067e-05,5.13577e+09,0,2.68435e+08,3.09123e+09
"PeterBloom_Nonpart_Scalar_7/MTCount/100/48/1/100000000/100000000/10/iterations:5/manual_time",5,63.3073,3.05387,ms,,,,,,9.11444e+07,4328.36,1.13798e+08,23526.4,1.18048e+08,1.34218e+08,10.7374,711805,1.10095e+10,63.3073,0,0.0107056,5.13337e+09,0,1.34218e+08,2.91649e+09
"PeterBloom_Nonpart_Scalar_7/MTCount/114/48/1/100000000/100000000/10/iterations:5/manual_time",5,63.0724,3.11736,ms,,,,,,9.11479e+07,4436.4,1.13809e+08,24044.8,1.18034e+08,1.34218e+08,10.7374,719159,1.1014e+10,63.0724,0,0.0107056,5.13269e+09,0,1.34218e+08,2.91744e+09
"PeterBloom_Nonpart_Scalar_7/MTCount/128/48/1/100000000/100000000/10/iterations:5/manual_time",5,63.1983,2.97102,ms,,,,,,9.11598e+07,4495.98,1.13784e+08,23578.9,1.18096e+08,1.34218e+08,10.7374,722629,1.10139e+10,63.1983,0,0.0107056,5.13286e+09,0,1.34218e+08,2.91712e+09
"PeterBloom_Nonpart_Scalar_7/MTCount/142/48/1/100000000/100000000/10/iterations:5/manual_time",5,63.6093,2.90696,ms,,,,,,9.11475e+07,4506.8,1.13785e+08,23958.9,1.18042e+08,1.34218e+08,10.7374,714712,1.101e+10,63.6093,0,0.0107056,5.13328e+09,0,1.34218e+08,2.91648e+09
"PeterBloom_Nonpart_Scalar_7/MTCount/157/48/1/100000000/100000000/10/iterations:5/manual_time",5,67.2849,3.07541,ms,,,,,,9.57311e+07,5889.74,1.13837e+08,27812.4,1.40246e+08,2.68435e+08,21.4748,683005,1.16662e+10,67.2849,0,0.00063016,5.13631e+09,0,2.68435e+08,3.0897e+09
"PeterBloom_Nonpart_Scalar_7/MTCount/171/48/1/100000000/100000000/10/iterations:5/manual_time",5,66.6799,2.83001,ms,,,,,,9.57385e+07,5021.41,1.13845e+08,28395,1.40218e+08,2.68435e+08,21.4748,668263,1.16705e+10,66.6799,0,0.00063016,5.13573e+09,0,2.68435e+08,3.0912e+09
"PeterBloom_Nonpart_Scalar_7/MTCount/185/48/1/100000000/100000000/10/iterations:5/manual_time",5,66.7059,2.91973,ms,,,,,,9.57502e+07,4704.54,1.13866e+08,28805.4,1.40192e+08,2.68435e+08,21.4748,681362,1.16695e+10,66.7059,0,0.00063016,5.13576e+09,0,2.68435e+08,3.09068e+09
"PeterBloom_Nonpart_Scalar_7/MTCount/200/48/1/100000000/100000000/10/iterations:5/manual_time",5,66.6633,3.0318,ms,,,,,,9.5746e+07,5450.1,1.13865e+08,28192.9,1.40282e+08,2.68435e+08,21.4748,686690,1.16755e+10,66.6633,0,0.00063016,5.1356e+09,0,2.68435e+08,3.09219e+09
"PeterBloom_Nonpart_Scalar_7/MTCount/214/48/1/100000000/100000000/10/iterations:5/manual_time",5,66.6526,2.97637,ms,,,,,,9.5739e+07,5508.1,1.1386e+08,28990.3,1.4028e+08,2.68435e+08,21.4748,666462,1.16672e+10,66.6526,0,0.00063016,5.13539e+09,0,2.68435e+08,3.09026e+09
"PeterBloom_Nonpart_Scalar_7/MTCount/228/48/1/100000000/100000000/10/iterations:5/manual_time",5,67.2236,3.08468,ms,,,,,,9.57427e+07,6044.71,1.13848e+08,27780.8,1.40285e+08,2.68435e+08,21.4748,670167,1.1674e+10,67.2236,0,0.00063016,5.13559e+09,0,2.68435e+08,3.09162e+09
"PeterBloom_Nonpart_Scalar_7/MTCount/242/48/1/100000000/100000000/10/iterations:5/manual_time",5,67.4904,2.88671,ms,,,,,,9.57391e+07,5112.42,1.13846e+08,28262.1,1.40186e+08,2.68435e+08,21.4748,679323,1.16672e+10,67.4904,0,0.00063016,5.13535e+09,0,2.68435e+08,3.09004e+09
"PeterBloom_Nonpart_Scalar_7/MTCount/257/48/1/100000000/100000000/10/iterations:5/manual_time",5,66.948,2.96427,ms,,,,,,9.57535e+07,5674.66,1.13855e+08,28076,1.40148e+08,2.68435e+08,21.4748,691550,1.1667e+10,66.948,0,0.00063016,5.13566e+09,0,2.68435e+08,3.09029e+09
"PeterBloom_Nonpart_Scalar_7/MTCount/271/48/1/100000000/100000000/10/iterations:5/manual_time",5,66.7468,3.07691,ms,,,,,,9.57358e+07,5008.28,1.13859e+08,28173.2,1.40201e+08,2.68435e+08,21.4748,669529,1.16717e+10,66.7468,0,0.00063016,5.13601e+09,0,2.68435e+08,3.09116e+09
"PeterBloom_Nonpart_Scalar_7/MTCount/285/48/1/100000000/100000000/10/iterations:5/manual_time",5,66.8225,2.91052,ms,,,,,,9.57599e+07,6465.5,1.13857e+08,29236.2,1.4024e+08,2.68435e+08,21.4748,676787,1.16681e+10,66.8225,0,0.00063016,5.13561e+09,0,2.68435e+08,3.09001e+09
"PeterBloom_Nonpart_Scalar_7/MTCount/300/48/1/100000000/100000000/10/iterations:5/manual_time",5,67.2153,3.03485,ms,,,,,,9.57421e+07,5966.61,1.13851e+08,28110.1,1.40184e+08,2.68435e+08,21.4748,685509,1.16675e+10,67.2153,0,0.00063016,5.13606e+09,0,2.68435e+08,3.08982e+09
"PeterBloom_Nonpart_Scalar_7/MTCount/314/48/1/100000000/100000000/10/iterations:5/manual_time",5,66.775,3.10048,ms,,,,,,9.57406e+07,6003.67,1.13843e+08,27745.1,1.4027e+08,2.68435e+08,21.4748,686637,1.16723e+10,66.775,0,0.00063016,5.13608e+09,0,2.68435e+08,3.09106e+09
"PeterBloom_Nonpart_Scalar_7/MTCount/328/48/1/100000000/100000000/10/iterations:5/manual_time",5,66.8847,3.04704,ms,,,,,,9.57268e+07,6239.2,1.13857e+08,28202,1.40314e+08,2.68435e+08,21.4748,683248,1.16731e+10,66.8847,0,0.00063016,5.13636e+09,0,2.68435e+08,3.09143e+09
"PeterBloom_Nonpart_Scalar_7/MTCount/342/48/1/100000000/100000000/10/iterations:5/manual_time",5,66.5944,2.55634,ms,,,,,,9.57639e+07,6045.98,1.13868e+08,28455.7,1.40134e+08,2.68435e+08,21.4748,662763,1.16668e+10,66.5944,0,0.00063016,5.13606e+09,0,2.68435e+08,3.09054e+09
"PeterBloom_Nonpart_Scalar_7/MTCount/357/48/1/100000000/100000000/10/iterations:5/manual_time",5,67.0793,2.85376,ms,,,,,,9.57377e+07,5918.64,1.13854e+08,27726,1.40232e+08,2.68435e+08,21.4748,673257,1.16723e+10,67.0793,0,0.00063016,5.13606e+09,0,2.68435e+08,3.09154e+09
"PeterBloom_Nonpart_Scalar_7/MTCount/371/48/1/100000000/100000000/10/iterations:5/manual_time",5,67.095,2.83764,ms,,,,,,9.57434e+07,4307.23,1.13832e+08,28194.6,1.40308e+08,2.68435e+08,21.4748,673448,1.16701e+10,67.095,0,0.00063016,5.13519e+09,0,2.68435e+08,3.09129e+09
"PeterBloom_Nonpart_AVX512_7/MTCount/100/48/1/10000/100000000/10/iterations:5/manual_time",5,4.85046,2.9019,ms,,,,,,205225,4157.1,1.41559e+07,10085,381255,16384,13.1072,124245,5.13708e+08,4.85046,0,0.00473288,4.04743e+08,0,16384,1.43982e+08
"PeterBloom_Nonpart_AVX512_7/MTCount/114/48/1/10000/100000000/10/iterations:5/manual_time",5,4.99164,2.92992,ms,,,,,,205508,4113.06,1.40504e+07,9957.6,410916,16384,13.1072,135791,5.1715e+08,4.99164,0,0.00473288,3.98096e+08,0,16384,1.46246e+08
"PeterBloom_Nonpart_AVX512_7/MTCount/128/48/1/10000/100000000/10/iterations:5/manual_time",5,5.08657,2.9505,ms,,,,,,205772,4418.64,1.40635e+07,10470.5,379758,16384,13.1072,126793,5.25329e+08,5.08657,0,0.00473288,4.0153e+08,0,16384,1.45678e+08
"PeterBloom_Nonpart_AVX512_7/MTCount/142/48/1/10000/100000000/10/iterations:5/manual_time",5,4.92999,2.93715,ms,,,,,,204969,4070.68,1.41071e+07,9554.14,397175,16384,13.1072,119884,5.13651e+08,4.92999,0,0.00473288,4.00467e+08,0,16384,1.45006e+08
"PeterBloom_Nonpart_AVX512_7/MTCount/157/48/1/10000/100000000/10/iterations:5/manual_time",5,5.07305,2.92159,ms,,,,,,205890,3969.81,1.40888e+07,9902.71,399683,16384,13.1072,138316,5.13668e+08,5.07305,0,0.00473288,4.00211e+08,0,16384,1.45687e+08
"PeterBloom_Nonpart_AVX512_7/MTCount/171/48/1/10000/100000000/10/iterations:5/manual_time",5,5.11706,2.90694,ms,,,,,,206047,4351.6,1.41195e+07,9759.21,430086,16384,13.1072,140614,5.23127e+08,5.11706,0,0.00473288,3.98264e+08,0,16384,1.45831e+08
"PeterBloom_Nonpart_AVX512_7/MTCount/185/48/1/10000/100000000/10/iterations:5/manual_time",5,4.92842,2.91563,ms,,,,,,203410,4405.57,1.38534e+07,10210.7,411699,16384,13.1072,125145,5.23739e+08,4.92842,0,0.00473288,4.17115e+08,0,16384,1.45717e+08
"PeterBloom_Nonpart_AVX512_7/MTCount/200/48/1/10000/100000000/10/iterations:5/manual_time",5,5.44993,3.06038,ms,,,,,,205139,4621.23,3.48793e+07,12170.5,1.07689e+06,32768,26.2144,128569,6.24382e+08,5.44993,0,0.00027391,4.10203e+08,0,32768,1.71106e+08
"PeterBloom_Nonpart_AVX512_7/MTCount/214/48/1/10000/100000000/10/iterations:5/manual_time",5,5.47075,3.04953,ms,,,,,,204240,3969.44,3.49699e+07,12322.3,1.08589e+06,32768,26.2144,148186,6.23501e+08,5.47075,0,0.00027391,4.20966e+08,0,32768,1.70916e+08
"PeterBloom_Nonpart_AVX512_7/MTCount/228/48/1/10000/100000000/10/iterations:5/manual_time",5,5.32179,2.82739,ms,,,,,,206611,4135.78,3.51925e+07,11294.6,1.04875e+06,32768,26.2144,133259,6.13858e+08,5.32179,0,0.00027391,4.13305e+08,0,32768,1.69391e+08
"PeterBloom_Nonpart_AVX512_7/MTCount/242/48/1/10000/100000000/10/iterations:5/manual_time",5,5.46674,3.07632,ms,,,,,,205857,4462.46,3.46687e+07,11451.8,1.07469e+06,32768,26.2144,149569,6.28382e+08,5.46674,0,0.00027391,4.16904e+08,0,32768,1.72085e+08
"PeterBloom_Nonpart_AVX512_7/MTCount/257/48/1/10000/100000000/10/iterations:5/manual_time",5,5.45877,3.08068,ms,,,,,,206323,4285.39,3.49414e+07,11145.1,1.07865e+06,32768,26.2144,151204,6.17792e+08,5.45877,0,0.00027391,4.09337e+08,0,32768,1.71579e+08
"PeterBloom_Nonpart_AVX512_7/MTCount/271/48/1/10000/100000000/10/iterations:5/manual_time",5,5.48425,3.09575,ms,,,,,,204854,4489.04,3.49894e+07,12513.6,1.08332e+06,32768,26.2144,121373,6.22138e+08,5.48425,0,0.00027391,4.21749e+08,0,32768,1.71415e+08
"PeterBloom_Nonpart_AVX512_7/MTCount/285/48/1/10000/100000000/10/iterations:5/manual_time",5,5.41734,3.08966,ms,,,,,,203414,4363.21,3.49801e+07,13103.2,1.08667e+06,32768,26.2144,151314,6.17089e+08,5.41734,0,0.00027391,4.24121e+08,0,32768,1.70601e+08
"PeterBloom_Nonpart_AVX512_7/MTCount/300/48/1/10000/100000000/10/iterations:5/manual_time",5,5.50851,3.08964,ms,,,,,,204738,4187.09,3.49604e+07,12999.6,1.12513e+06,32768,26.2144,156623,6.24213e+08,5.50851,0,0.00027391,4.28586e+08,0,32768,1.72321e+08
"PeterBloom_Nonpart_AVX512_7/MTCount/314/48/1/10000/100000000/10/iterations:5/manual_time",5,5.45307,3.1272,ms,,,,,,204796,4263.29,3.49741e+07,12046.5,1.0838e+06,32768,26.2144,136593,6.15511e+08,5.45307,0,0.00027391,4.27523e+08,0,32768,1.70859e+08
"PeterBloom_Nonpart_AVX512_7/MTCount/328/48/1/10000/100000000/10/iterations:5/manual_time",5,5.49878,2.93911,ms,,,,,,206904,4374.91,3.49738e+07,12086.1,1.07738e+06,32768,26.2144,148249,6.13912e+08,5.49878,0,0.00027391,4.06305e+08,0,32768,1.691e+08
"PeterBloom_Nonpart_AVX512_7/MTCount/342/48/1/10000/100000000/10/iterations:5/manual_time",5,5.57683,3.07841,ms,,,,,,205021,3916.06,3.48479e+07,11851.7,1.09196e+06,32768,26.2144,154224,6.1808e+08,5.57683,0,0.00027391,4.09217e+08,0,32768,1.70956e+08
"PeterBloom_Nonpart_AVX512_7/MTCount/357/48/1/10000/100000000/10/iterations:5/manual_time",5,5.40752,3.06096,ms,,,,,,205518,4453.44,3.52981e+07,12071.2,1.08406e+06,32768,26.2144,117594,6.17416e+08,5.40752,0,0.00027391,4.15973e+08,0,32768,1.69104e+08
"PeterBloom_Nonpart_AVX512_7/MTCount/371/48/1/10000/100000000/10/iterations:5/manual_time",5,5.4788,3.10679,ms,,,,,,203478,4249.63,3.46769e+07,13209.6,1.08977e+06,32768,26.2144,126606,6.22732e+08,5.4788,0,0.00027391,4.26139e+08,0,32768,1.70956e+08
"PeterBloom_Nonpart_AVX512_7/MTCount/100/48/1/17783/100000000/10/iterations:5/manual_time",5,5.02637,2.97828,ms,,,,,,206129,4303.12,1.40812e+07,10528.3,424059,16384,7.37063,138524,5.27059e+08,5.02637,0,0.0432214,4.00508e+08,0,16384,1.45908e+08
"PeterBloom_Nonpart_AVX512_7/MTCount/114/48/1/17783/100000000/10/iterations:5/manual_time",5,5.35803,2.84058,ms,,,,,,207172,3879.63,3.50508e+07,11752.5,1.07928e+06,32768,14.7413,142696,6.04222e+08,5.35803,0,0.00300004,4.1041e+08,0,32768,1.69476e+08
"PeterBloom_Nonpart_AVX512_7/MTCount/128/48/1/17783/100000000/10/iterations:5/manual_time",5,5.44313,3.09093,ms,,,,,,206293,4290.11,3.50856e+07,12136,1.08551e+06,32768,14.7413,131590,6.11819e+08,5.44313,0,0.00300004,4.03894e+08,0,32768,1.70584e+08
"PeterBloom_Nonpart_AVX512_7/MTCount/142/48/1/17783/100000000/10/iterations:5/manual_time",5,5.44116,3.09126,ms,,,,,,203235,4504.23,3.50302e+07,14040.1,1.10324e+06,32768,14.7413,139118,6.19704e+08,5.44116,0,0.00300004,4.23671e+08,0,32768,1.7095e+08
"PeterBloom_Nonpart_AVX512_7/MTCount/157/48/1/17783/100000000/10/iterations:5/manual_time",5,5.4169,3.07217,ms,,,,,,206578,4402.04,3.54377e+07,12086.1,1.07414e+06,32768,14.7413,128159,6.17068e+08,5.4169,0,0.00300004,4.20552e+08,0,32768,1.69209e+08
"PeterBloom_Nonpart_AVX512_7/MTCount/171/48/1/17783/100000000/10/iterations:5/manual_time",5,5.42664,3.11087,ms,,,,,,204944,4222.01,3.52007e+07,12357.6,1.10056e+06,32768,14.7413,142669,6.12551e+08,5.42664,0,0.00300004,4.03874e+08,0,32768,1.70463e+08
"PeterBloom_Nonpart_AVX512_7/MTCount/185/48/1/17783/100000000/10/iterations:5/manual_time",5,5.42492,3.09996,ms,,,,,,203645,4496.05,3.49363e+07,12732.4,1.06725e+06,32768,14.7413,142259,6.20729e+08,5.42492,0,0.00300004,4.2447e+08,0,32768,1.71e+08
"PeterBloom_Nonpart_AVX512_7/MTCount/200/48/1/17783/100000000/10/iterations:5/manual_time",5,5.43377,3.09934,ms,,,,,,205350,4305.84,3.52384e+07,11999.9,1.07212e+06,32768,14.7413,127723,6.21638e+08,5.43377,0,0.00300004,4.14128e+08,0,32768,1.70055e+08
"PeterBloom_Nonpart_AVX512_7/MTCount/214/48/1/17783/100000000/10/iterations:5/manual_time",5,5.71006,3.0415,ms,,,,,,206997,4217.58,6.95551e+07,12209.2,1.21067e+06,65536,29.4825,126918,6.39586e+08,5.71006,0,0.00017177,4.07703e+08,0,65536,1.77351e+08
"PeterBloom_Nonpart_AVX512_7/MTCount/228/48/1/17783/100000000/10/iterations:5/manual_time",5,5.70405,2.97638,ms,,,,,,207015,4028.12,7.04051e+07,12057.1,1.22468e+06,65536,29.4825,130802,6.29815e+08,5.70405,0,0.00017177,4.06099e+08,0,65536,1.7645e+08
"PeterBloom_Nonpart_AVX512_7/MTCount/242/48/1/17783/100000000/10/iterations:5/manual_time",5,5.58245,3.10766,ms,,,,,,207767,4460.56,7.08665e+07,11772.9,1.23661e+06,65536,29.4825,137127,6.40718e+08,5.58245,0,0.00017177,4.18163e+08,0,65536,1.76191e+08
"PeterBloom_Nonpart_AVX512_7/MTCount/257/48/1/17783/100000000/10/iterations:5/manual_time",5,5.64966,3.10235,ms,,,,,,205991,4515.38,7.01605e+07,12973.4,1.21319e+06,65536,29.4825,129086,6.46577e+08,5.64966,0,0.00017177,4.22046e+08,0,65536,1.77896e+08
"PeterBloom_Nonpart_AVX512_7/MTCount/271/48/1/17783/100000000/10/iterations:5/manual_time",5,5.75953,3.12612,ms,,,,,,208578,4487.71,6.97631e+07,12426.1,1.21877e+06,65536,29.4825,123971,6.4126e+08,5.75953,0,0.00017177,4.10293e+08,0,65536,1.7704e+08
"PeterBloom_Nonpart_AVX512_7/MTCount/285/48/1/17783/100000000/10/iterations:5/manual_time",5,5.5455,2.91005,ms,,,,,,207628,4258.19,7.01273e+07,12617.6,1.20263e+06,65536,29.4825,126033,6.41493e+08,5.5455,0,0.00017177,4.08582e+08,0,65536,1.76815e+08
"PeterBloom_Nonpart_AVX512_7/MTCount/300/48/1/17783/100000000/10/iterations:5/manual_time",5,5.60908,3.08346,ms,,,,,,205854,4447.78,6.99095e+07,12291.6,1.21159e+06,65536,29.4825,118694,6.44228e+08,5.60908,0,0.00017177,4.11727e+08,0,65536,1.76873e+08
"PeterBloom_Nonpart_AVX512_7/MTCount/314/48/1/17783/100000000/10/iterations:5/manual_time",5,5.63413,3.08739,ms,,,,,,208868,4396.43,7.01997e+07,11249.8,1.19991e+06,65536,29.4825,132806,6.43763e+08,5.63413,0,0.00017177,4.15904e+08,0,65536,1.77821e+08
"PeterBloom_Nonpart_AVX512_7/MTCount/328/48/1/17783/100000000/10/iterations:5/manual_time",5,5.64253,3.13375,ms,,,,,,203018,4011.42,6.95307e+07,13355,1.23914e+06,65536,29.4825,144927,6.46759e+08,5.64253,0,0.00017177,4.28536e+08,0,65536,1.78746e+08
"PeterBloom_Nonpart_AVX512_7/MTCount/342/48/1/17783/100000000/10/iterations:5/manual_time",5,5.68107,3.05097,ms,,,,,,207756,4081.73,6.91064e+07,12082.3,1.20003e+06,65536,29.4825,119898,6.50978e+08,5.68107,0,0.00017177,4.16741e+08,0,65536,1.784e+08
"PeterBloom_Nonpart_AVX512_7/MTCount/357/48/1/17783/100000000/10/iterations:5/manual_time",5,5.67783,3.04616,ms,,,,,,203741,3918.66,6.91892e+07,12752.1,1.21028e+06,65536,29.4825,115044,6.46275e+08,5.67783,0,0.00017177,4.25355e+08,0,65536,1.78052e+08
"PeterBloom_Nonpart_AVX512_7/MTCount/371/48/1/17783/100000000/10/iterations:5/manual_time",5,5.59955,3.09904,ms,,,,,,206203,4400.18,6.97561e+07,12416.9,1.2358e+06,65536,29.4825,135790,6.48677e+08,5.59955,0,0.00017177,4.13415e+08,0,65536,1.78461e+08
"PeterBloom_Nonpart_AVX512_7/MTCount/100/48/1/31623/100000000/10/iterations:5/manual_time",5,5.48472,3.06426,ms,,,,,,205664,4316.62,3.52023e+07,12108.1,1.09206e+06,32768,8.28966,143959,6.1398e+08,5.48472,0,0.0284449,4.07912e+08,0,32768,1.70548e+08
"PeterBloom_Nonpart_AVX512_7/MTCount/114/48/1/31623/100000000/10/iterations:5/manual_time",5,5.28009,2.48616,ms,,,,,,207661,4378.92,3.47016e+07,12525.5,1.0539e+06,32768,8.28966,128379,6.08369e+08,5.28009,0,0.0284449,4.09915e+08,0,32768,1.68859e+08
"PeterBloom_Nonpart_AVX512_7/MTCount/128/48/1/31623/100000000/10/iterations:5/manual_time",5,5.38575,2.47219,ms,,,,,,206150,4390.74,6.92482e+07,13096.5,1.20472e+06,65536,16.5793,115239,6.42823e+08,5.38575,0,0.00182301,4.16831e+08,0,65536,1.77321e+08
"PeterBloom_Nonpart_AVX512_7/MTCount/142/48/1/31623/100000000/10/iterations:5/manual_time",5,5.37913,2.55136,ms,,,,,,207459,4622.55,6.95057e+07,14256,1.23595e+06,65536,16.5793,137406,6.43548e+08,5.37913,0,0.00182301,4.15519e+08,0,65536,1.77313e+08
"PeterBloom_Nonpart_AVX512_7/MTCount/157/48/1/31623/100000000/10/iterations:5/manual_time",5,5.408,2.44917,ms,,,,,,206925,4465.67,6.89735e+07,12730,1.18039e+06,65536,16.5793,107183,6.3848e+08,5.408,0,0.00182301,4.251e+08,0,65536,1.76147e+08
"PeterBloom_Nonpart_AVX512_7/MTCount/171/48/1/31623/100000000/10/iterations:5/manual_time",5,5.32796,2.52511,ms,,,,,,209405,4500.41,7.07346e+07,13393.4,1.18353e+06,65536,16.5793,130435,6.27225e+08,5.32796,0,0.00182301,4.13521e+08,0,65536,1.74894e+08
"PeterBloom_Nonpart_AVX512_7/MTCount/185/48/1/31623/100000000/10/iterations:5/manual_time",5,5.36705,2.47285,ms,,,,,,206087,4411.57,6.91896e+07,13642.9,1.18177e+06,65536,16.5793,104189,6.4176e+08,5.36705,0,0.00182301,4.15071e+08,0,65536,1.76595e+08
"PeterBloom_Nonpart_AVX512_7/MTCount/200/48/1/31623/100000000/10/iterations:5/manual_time",5,5.436,2.44066,ms,,,,,,208391,4009.78,7.05907e+07,12937,1.20645e+06,65536,16.5793,126980,6.30558e+08,5.436,0,0.00182301,4.13014e+08,0,65536,1.76229e+08
"PeterBloom_Nonpart_AVX512_7/MTCount/214/48/1/31623/100000000/10/iterations:5/manual_time",5,5.39063,2.47805,ms,,,,,,208146,3849.63,7.00602e+07,12012.3,1.19814e+06,65536,16.5793,121413,6.27244e+08,5.39063,0,0.00182301,4.09468e+08,0,65536,1.76001e+08
"PeterBloom_Nonpart_AVX512_7/MTCount/228/48/1/31623/100000000/10/iterations:5/manual_time",5,5.38883,2.5082,ms,,,,,,206726,4424.42,6.94893e+07,12976,1.17933e+06,65536,16.5793,117136,6.41626e+08,5.38883,0,0.00182301,4.12011e+08,0,65536,1.77051e+08
"PeterBloom_Nonpart_AVX512_7/MTCount/242/48/1/31623/100000000/10/iterations:5/manual_time",5,5.4416,2.50896,ms,,,,,,209130,4537.63,8.8025e+07,13581.7,1.17259e+06,131072,33.1587,112092,6.45607e+08,5.4416,0,0.00010619,4.16033e+08,0,131072,1.78543e+08
"PeterBloom_Nonpart_AVX512_7/MTCount/257/48/1/31623/100000000/10/iterations:5/manual_time",5,5.55765,2.76573,ms,,,,,,212191,4446.81,8.95755e+07,12714.6,1.23054e+06,131072,33.1587,134784,6.40236e+08,5.55765,0,0.00010619,4.05054e+08,0,131072,1.79684e+08
"PeterBloom_Nonpart_AVX512_7/MTCount/271/48/1/31623/100000000/10/iterations:5/manual_time",5,5.65589,3.09075,ms,,,,,,207970,4475.14,8.96422e+07,12544.1,1.24389e+06,131072,33.1587,141061,6.51621e+08,5.65589,0,0.00010619,4.15613e+08,0,131072,1.7952e+08
"PeterBloom_Nonpart_AVX512_7/MTCount/285/48/1/31623/100000000/10/iterations:5/manual_time",5,5.69147,3.12951,ms,,,,,,212967,4488.75,8.88083e+07,12546.8,1.25272e+06,131072,33.1587,135461,6.49659e+08,5.69147,0,0.00010619,4.1038e+08,0,131072,1.80373e+08
"PeterBloom_Nonpart_AVX512_7/MTCount/300/48/1/31623/100000000/10/iterations:5/manual_time",5,5.64218,3.08221,ms,,,,,,212037,4289.45,9.00185e+07,11463.3,1.2426e+06,131072,33.1587,143468,6.50875e+08,5.64218,0,0.00010619,4.181e+08,0,131072,1.79678e+08
"PeterBloom_Nonpart_AVX512_7/MTCount/314/48/1/31623/100000000/10/iterations:5/manual_time",5,5.68462,3.08648,ms,,,,,,215634,4357.73,8.96079e+07,11252.9,1.21563e+06,131072,33.1587,126320,6.4669e+08,5.68462,0,0.00010619,4.10482e+08,0,131072,1.79984e+08
"PeterBloom_Nonpart_AVX512_7/MTCount/328/48/1/31623/100000000/10/iterations:5/manual_time",5,5.67193,3.11379,ms,,,,,,206507,4398.86,8.67986e+07,13334.1,1.25271e+06,131072,33.1587,128689,6.50456e+08,5.67193,0,0.00010619,4.17499e+08,0,131072,1.78516e+08
"PeterBloom_Nonpart_AVX512_7/MTCount/342/48/1/31623/100000000/10/iterations:5/manual_time",5,5.58874,2.86223,ms,,,,,,209591,4084.03,8.9484e+07,13578.8,1.22789e+06,131072,33.1587,120376,6.39252e+08,5.58874,0,0.00010619,4.04804e+08,0,131072,1.78514e+08
"PeterBloom_Nonpart_AVX512_7/MTCount/357/48/1/31623/100000000/10/iterations:5/manual_time",5,5.86662,3.13109,ms,,,,,,209858,4409.18,8.90788e+07,12302.5,1.21704e+06,131072,33.1587,119356,6.49262e+08,5.86662,0,0.00010619,4.10106e+08,0,131072,1.78928e+08
"PeterBloom_Nonpart_AVX512_7/MTCount/371/48/1/31623/100000000/10/iterations:5/manual_time",5,5.65265,3.05977,ms,,,,,,208177,4385.71,8.89221e+07,12681.1,1.22235e+06,131072,33.1587,123819,6.51603e+08,5.65265,0,0.00010619,4.15235e+08,0,131072,1.78865e+08
"PeterBloom_Nonpart_AVX512_7/MTCount/100/48/1/56234/100000000/10/iterations:5/manual_time",5,5.76156,3.00735,ms,,,,,,204422,3946.22,7.17862e+07,13305.6,1.23139e+06,65536,9.32333,159681,6.3304e+08,5.76156,0,0.0185542,4.17738e+08,0,65536,1.7775e+08
"PeterBloom_Nonpart_AVX512_7/MTCount/114/48/1/56234/100000000/10/iterations:5/manual_time",5,5.72641,3.09395,ms,,,,,,208522,4115.42,6.99751e+07,11705.2,1.21394e+06,65536,9.32333,144760,6.41209e+08,5.72641,0,0.0185542,4.14984e+08,0,65536,1.77052e+08
"PeterBloom_Nonpart_AVX512_7/MTCount/128/48/1/56234/100000000/10/iterations:5/manual_time",5,5.65454,3.12374,ms,,,,,,206398,4348.45,6.93759e+07,12439.3,1.22501e+06,65536,9.32333,133702,6.50386e+08,5.65454,0,0.0185542,4.19454e+08,0,65536,1.7812e+08
"PeterBloom_Nonpart_AVX512_7/MTCount/142/48/1/56234/100000000/10/iterations:5/manual_time",5,5.67173,3.13264,ms,,,,,,209503,4414.71,8.9076e+07,12087.9,1.24599e+06,131072,18.6467,138012,6.49841e+08,5.67173,0,0.0011568,4.04336e+08,0,131072,1.80083e+08
"PeterBloom_Nonpart_AVX512_7/MTCount/157/48/1/56234/100000000/10/iterations:5/manual_time",5,5.67006,3.11755,ms,,,,,,206910,4052.29,8.88118e+07,13246,1.25096e+06,131072,18.6467,131032,6.49595e+08,5.67006,0,0.0011568,4.28221e+08,0,131072,1.8021e+08
"PeterBloom_Nonpart_AVX512_7/MTCount/171/48/1/56234/100000000/10/iterations:5/manual_time",5,5.64643,2.67616,ms,,,,,,209333,4195.34,8.93866e+07,13243.2,1.20688e+06,131072,18.6467,117154,6.40636e+08,5.64643,0,0.0011568,4.11005e+08,0,131072,1.78844e+08
"PeterBloom_Nonpart_AVX512_7/MTCount/185/48/1/56234/100000000/10/iterations:5/manual_time",5,5.44172,2.83036,ms,,,,,,211439,4107.68,9.00506e+07,11787.5,1.19454e+06,131072,18.6467,128148,6.39627e+08,5.44172,0,0.0011568,4.0827e+08,0,131072,1.78415e+08
"PeterBloom_Nonpart_AVX512_7/MTCount/200/48/1/56234/100000000/10/iterations:5/manual_time",5,5.4568,2.81634,ms,,,,,,214034,4068.52,9.03561e+07,12012.4,1.2103e+06,131072,18.6467,124459,6.33734e+08,5.4568,0,0.0011568,4.12429e+08,0,131072,1.78299e+08
"PeterBloom_Nonpart_AVX512_7/MTCount/214/48/1/56234/100000000/10/iterations:5/manual_time",5,5.49497,2.85557,ms,,,,,,209252,4154.69,8.91068e+07,12225.9,1.21299e+06,131072,18.6467,134074,6.46291e+08,5.49497,0,0.0011568,4.20317e+08,0,131072,1.79137e+08
"PeterBloom_Nonpart_AVX512_7/MTCount/228/48/1/56234/100000000/10/iterations:5/manual_time",5,5.58387,2.9304,ms,,,,,,209168,4506.66,8.90466e+07,13939.1,1.24441e+06,131072,18.6467,116320,6.46503e+08,5.58387,0,0.0011568,4.08469e+08,0,131072,1.78314e+08
"PeterBloom_Nonpart_AVX512_7/MTCount/242/48/1/56234/100000000/10/iterations:5/manual_time",5,5.96205,2.94909,ms,,,,,,214318,4442.56,8.93238e+07,12617.4,1.24466e+06,131072,18.6467,159428,6.40133e+08,5.96205,0,0.0011568,4.01931e+08,0,131072,1.77905e+08
"PeterBloom_Nonpart_AVX512_7/MTCount/257/48/1/56234/100000000/10/iterations:5/manual_time",5,5.67682,3.17393,ms,,,,,,210993,4568.33,8.97902e+07,12236.3,1.24439e+06,131072,18.6467,148881,6.51591e+08,5.67682,0,0.0011568,4.09696e+08,0,131072,1.79767e+08
"PeterBloom_Nonpart_AVX512_7/MTCount/271/48/1/56234/100000000/10/iterations:5/manual_time",5,5.71039,3.20443,ms,,,,,,213008,4364.07,9.98621e+07,14057.6,1.36852e+06,262144,37.2933,138926,6.54408e+08,5.71039,0,6.818e-05,4.25476e+08,0,262144,1.80866e+08
"PeterBloom_Nonpart_AVX512_7/MTCount/285/48/1/56234/100000000/10/iterations:5/manual_time",5,5.7599,3.20539,ms,,,,,,211595,4173.54,9.90408e+07,13184.1,1.34094e+06,262144,37.2933,129327,6.58233e+08,5.7599,0,6.818e-05,4.23991e+08,0,262144,1.82392e+08
"PeterBloom_Nonpart_AVX512_7/MTCount/300/48/1/56234/100000000/10/iterations:5/manual_time",5,5.78724,3.17726,ms,,,,,,220028,4200.9,1.00507e+08,12320.9,1.31719e+06,262144,37.2933,135970,6.51259e+08,5.78724,0,6.818e-05,4.12438e+08,0,262144,1.80458e+08
"PeterBloom_Nonpart_AVX512_7/MTCount/314/48/1/56234/100000000/10/iterations:5/manual_time",5,5.62322,2.77621,ms,,,,,,219841,4436.85,9.87219e+07,13924.2,1.31897e+06,262144,37.2933,128963,6.47005e+08,5.62322,0,6.818e-05,4.2236e+08,0,262144,1.80067e+08
"PeterBloom_Nonpart_AVX512_7/MTCount/328/48/1/56234/100000000/10/iterations:5/manual_time",5,5.4503,2.74294,ms,,,,,,225842,4413.63,1.0017e+08,13053.9,1.27613e+06,262144,37.2933,130010,6.42268e+08,5.4503,0,6.818e-05,4.10456e+08,0,262144,1.78961e+08
"PeterBloom_Nonpart_AVX512_7/MTCount/342/48/1/56234/100000000/10/iterations:5/manual_time",5,5.47467,2.76367,ms,,,,,,213493,4210.95,1.00647e+08,13833.7,1.28826e+06,262144,37.2933,128183,6.44112e+08,5.47467,0,6.818e-05,4.2144e+08,0,262144,1.79572e+08
"PeterBloom_Nonpart_AVX512_7/MTCount/357/48/1/56234/100000000/10/iterations:5/manual_time",5,5.5375,2.84281,ms,,,,,,219659,4424.1,9.85317e+07,14483.3,1.31796e+06,262144,37.2933,142535,6.48626e+08,5.5375,0,6.818e-05,4.12541e+08,0,262144,1.78914e+08
"PeterBloom_Nonpart_AVX512_7/MTCount/371/48/1/56234/100000000/10/iterations:5/manual_time",5,5.71775,3.10349,ms,,,,,,216442,4214.61,9.99041e+07,12976.6,1.32144e+06,262144,37.2933,117527,6.48385e+08,5.71775,0,6.818e-05,4.24267e+08,0,262144,1.80032e+08
"PeterBloom_Nonpart_AVX512_7/MTCount/100/48/1/100000/100000000/10/iterations:5/manual_time",5,5.63139,3.08105,ms,,,,,,206135,4112.16,8.98839e+07,14059,1.26092e+06,131072,10.4858,143716,6.46304e+08,5.63139,0,0.011841,4.24855e+08,0,131072,1.79365e+08
"PeterBloom_Nonpart_AVX512_7/MTCount/114/48/1/100000/100000000/10/iterations:5/manual_time",5,5.6621,3.08474,ms,,,,,,210060,4336.97,8.8938e+07,11988.8,1.24429e+06,131072,10.4858,140482,6.49258e+08,5.6621,0,0.011841,4.055e+08,0,131072,1.80732e+08
"PeterBloom_Nonpart_AVX512_7/MTCount/128/48/1/100000/100000000/10/iterations:5/manual_time",5,5.67216,3.09297,ms,,,,,,208034,4045.39,8.94662e+07,12958,1.24098e+06,131072,10.4858,133088,6.46691e+08,5.67216,0,0.011841,4.2893e+08,0,131072,1.79602e+08
"PeterBloom_Nonpart_AVX512_7/MTCount/142/48/1/100000/100000000/10/iterations:5/manual_time",5,5.69902,3.09045,ms,,,,,,211509,4191.26,8.80538e+07,12536.3,1.21653e+06,131072,10.4858,138125,6.56712e+08,5.69902,0,0.011841,4.2153e+08,0,131072,1.80362e+08
"PeterBloom_Nonpart_AVX512_7/MTCount/157/48/1/100000/100000000/10/iterations:5/manual_time",5,5.73232,3.16977,ms,,,,,,210692,4297.79,9.89295e+07,14039.2,1.36505e+06,262144,20.9715,119972,6.54044e+08,5.73232,0,0.00070201,4.13257e+08,0,262144,1.80492e+08
"PeterBloom_Nonpart_AVX512_7/MTCount/171/48/1/100000/100000000/10/iterations:5/manual_time",5,5.83012,2.91594,ms,,,,,,211180,4204.6,9.64176e+07,15569.8,1.35404e+06,262144,20.9715,152148,6.57524e+08,5.83012,0,0.00070201,4.23588e+08,0,262144,1.80853e+08
"PeterBloom_Nonpart_AVX512_7/MTCount/185/48/1/100000/100000000/10/iterations:5/manual_time",5,5.91022,2.92636,ms,,,,,,207959,4420.08,1.04094e+08,18839.2,1.35299e+06,262144,20.9715,155272,6.41215e+08,5.91022,0,0.00070201,4.20166e+08,0,262144,1.78885e+08
"PeterBloom_Nonpart_AVX512_7/MTCount/200/48/1/100000/100000000/10/iterations:5/manual_time",5,5.68839,3.17079,ms,,,,,,216459,4408.94,1.00487e+08,13080.2,1.34094e+06,262144,20.9715,140695,6.53477e+08,5.68839,0,0.00070201,4.19937e+08,0,262144,1.80603e+08
"PeterBloom_Nonpart_AVX512_7/MTCount/214/48/1/100000/100000000/10/iterations:5/manual_time",5,5.83017,3.02289,ms,,,,,,215990,4213.79,9.84955e+07,14073.9,1.34537e+06,262144,20.9715,140720,6.48878e+08,5.83017,0,0.00070201,3.99678e+08,0,262144,1.79742e+08
"PeterBloom_Nonpart_AVX512_7/MTCount/228/48/1/100000/100000000/10/iterations:5/manual_time",5,5.95791,3.17374,ms,,,,,,221955,4142.63,9.85868e+07,12473.1,1.27917e+06,262144,20.9715,130282,6.54589e+08,5.95791,0,0.00070201,4.11975e+08,0,262144,1.81465e+08
"PeterBloom_Nonpart_AVX512_7/MTCount/242/48/1/100000/100000000/10/iterations:5/manual_time",5,5.66264,3.08609,ms,,,,,,213903,4400.67,9.97565e+07,13816.6,1.37554e+06,262144,20.9715,139813,6.54351e+08,5.66264,0,0.00070201,4.27267e+08,0,262144,1.81623e+08
"PeterBloom_Nonpart_AVX512_7/MTCount/257/48/1/100000/100000000/10/iterations:5/manual_time",5,5.71064,3.19274,ms,,,,,,219439,4594.8,9.95924e+07,13739.2,1.34537e+06,262144,20.9715,152229,6.58248e+08,5.71064,0,0.00070201,4.15955e+08,0,262144,1.8132e+08
"PeterBloom_Nonpart_AVX512_7/MTCount/271/48/1/100000/100000000/10/iterations:5/manual_time",5,5.83731,2.87132,ms,,,,,,209383,4147.55,9.99144e+07,16014.5,1.3239e+06,262144,20.9715,142661,6.44635e+08,5.83731,0,0.00070201,4.17502e+08,0,262144,1.78859e+08
"PeterBloom_Nonpart_AVX512_7/MTCount/285/48/1/100000/100000000/10/iterations:5/manual_time",5,5.61348,2.9993,ms,,,,,,221851,3999.93,1.00634e+08,12291.3,1.30694e+06,262144,20.9715,133115,6.39325e+08,5.61348,0,0.00070201,4.07956e+08,0,262144,1.79405e+08
"PeterBloom_Nonpart_AVX512_7/MTCount/300/48/1/100000/100000000/10/iterations:5/manual_time",5,6.10747,3.03559,ms,,,,,,228771,4132.39,1.03696e+08,14171.5,5.75097e+06,524288,41.943,132393,6.95317e+08,6.10747,0,4.251e-05,4.06768e+08,0,524288,1.92707e+08
"PeterBloom_Nonpart_AVX512_7/MTCount/314/48/1/100000/100000000/10/iterations:5/manual_time",5,6.0569,3.04684,ms,,,,,,220776,4003.08,1.04321e+08,12829.2,5.65501e+06,524288,41.943,117594,6.99492e+08,6.0569,0,4.251e-05,4.10694e+08,0,524288,1.92279e+08
"PeterBloom_Nonpart_AVX512_7/MTCount/328/48/1/100000/100000000/10/iterations:5/manual_time",5,6.02879,3.063,ms,,,,,,224682,3973.87,1.03831e+08,13105.8,5.6895e+06,524288,41.943,127501,7.01147e+08,6.02879,0,4.251e-05,4.23683e+08,0,524288,1.92702e+08
"PeterBloom_Nonpart_AVX512_7/MTCount/342/48/1/100000/100000000/10/iterations:5/manual_time",5,6.06799,3.10335,ms,,,,,,232613,4388.52,1.04855e+08,13571.7,5.73689e+06,524288,41.943,127505,6.90446e+08,6.06799,0,4.251e-05,4.01897e+08,0,524288,1.92088e+08
"PeterBloom_Nonpart_AVX512_7/MTCount/357/48/1/100000/100000000/10/iterations:5/manual_time",5,5.93776,3.09986,ms,,,,,,215556,4316.23,1.04725e+08,14326.8,5.71269e+06,524288,41.943,128496,6.9446e+08,5.93776,0,4.251e-05,4.19972e+08,0,524288,1.92374e+08
"PeterBloom_Nonpart_AVX512_7/MTCount/371/48/1/100000/100000000/10/iterations:5/manual_time",5,6.04254,2.96509,ms,,,,,,230300,4086.56,1.03849e+08,14506.8,5.73446e+06,524288,41.943,131333,6.93319e+08,6.04254,0,4.251e-05,4.03718e+08,0,524288,1.915e+08
"PeterBloom_Nonpart_AVX512_7/MTCount/100/48/1/177828/100000000/10/iterations:5/manual_time",5,5.69286,3.09033,ms,,,,,,212434,4367.73,9.83609e+07,13865,1.3522e+06,262144,11.7931,135243,6.56569e+08,5.69286,0,0.00740374,4.12136e+08,0,262144,1.80066e+08
"PeterBloom_Nonpart_AVX512_7/MTCount/114/48/1/177828/100000000/10/iterations:5/manual_time",5,5.72429,3.08381,ms,,,,,,214914,4396.12,9.89413e+07,13591.4,1.34444e+06,262144,11.7931,141162,6.5554e+08,5.72429,0,0.00740374,4.04458e+08,0,262144,1.80817e+08
"PeterBloom_Nonpart_AVX512_7/MTCount/128/48/1/177828/100000000/10/iterations:5/manual_time",5,5.70466,3.0903,ms,,,,,,216829,4429.71,9.99441e+07,13380.3,1.35169e+06,262144,11.7931,122200,6.51689e+08,5.70466,0,0.00740374,4.1876e+08,0,262144,1.80412e+08
"PeterBloom_Nonpart_AVX512_7/MTCount/142/48/1/177828/100000000/10/iterations:5/manual_time",5,5.68216,2.92345,ms,,,,,,220076,4135.86,9.97031e+07,13204.2,1.31411e+06,262144,11.7931,130600,6.46543e+08,5.68216,0,0.00740374,4.05827e+08,0,262144,1.80266e+08
"PeterBloom_Nonpart_AVX512_7/MTCount/157/48/1/177828/100000000/10/iterations:5/manual_time",5,5.80389,3.10585,ms,,,,,,217407,4224.92,9.98621e+07,12310.4,1.3136e+06,262144,11.7931,137143,6.51797e+08,5.80389,0,0.00740374,4.09845e+08,0,262144,1.80672e+08
"PeterBloom_Nonpart_AVX512_7/MTCount/171/48/1/177828/100000000/10/iterations:5/manual_time",5,6.05165,3.10451,ms,,,,,,222734,4117.94,1.05267e+08,13965.1,5.66136e+06,524288,23.5863,110174,6.96677e+08,6.05165,0,0.00043203,4.22847e+08,0,524288,1.92942e+08
"PeterBloom_Nonpart_AVX512_7/MTCount/185/48/1/177828/100000000/10/iterations:5/manual_time",5,6.10282,3.1332,ms,,,,,,216043,4327.5,1.0467e+08,14497.2,5.72985e+06,524288,23.5863,128300,6.98338e+08,6.10282,0,0.00043203,4.15726e+08,0,524288,1.92981e+08
"PeterBloom_Nonpart_AVX512_7/MTCount/200/48/1/177828/100000000/10/iterations:5/manual_time",5,6.37206,2.95609,ms,,,,,,211752,4146.03,1.09291e+08,18891,5.72773e+06,524288,23.5863,164832,6.8899e+08,6.37206,0,0.00043203,4.1676e+08,0,524288,1.92665e+08
"PeterBloom_Nonpart_AVX512_7/MTCount/214/48/1/177828/100000000/10/iterations:5/manual_time",5,5.8815,2.71694,ms,,,,,,227587,3875.11,1.0477e+08,14901.9,5.70723e+06,524288,23.5863,119197,6.8674e+08,5.8815,0,0.00043203,4.06538e+08,0,524288,1.91519e+08
"PeterBloom_Nonpart_AVX512_7/MTCount/228/48/1/177828/100000000/10/iterations:5/manual_time",5,5.75048,2.78914,ms,,,,,,216977,4250.13,1.04868e+08,14671.7,5.70092e+06,524288,23.5863,129312,6.90738e+08,5.75048,0,0.00043203,4.06527e+08,0,524288,1.9036e+08
"PeterBloom_Nonpart_AVX512_7/MTCount/242/48/1/177828/100000000/10/iterations:5/manual_time",5,5.75658,2.9164,ms,,,,,,222126,4293.8,1.04351e+08,14755.2,5.64016e+06,524288,23.5863,130167,6.8851e+08,5.75658,0,0.00043203,4.17851e+08,0,524288,1.89878e+08
"PeterBloom_Nonpart_AVX512_7/MTCount/257/48/1/177828/100000000/10/iterations:5/manual_time",5,5.88163,2.88817,ms,,,,,,229395,4085.19,1.03951e+08,13990.2,5.6314e+06,524288,23.5863,119770,6.9348e+08,5.88163,0,0.00043203,4.08807e+08,0,524288,1.922e+08
"PeterBloom_Nonpart_AVX512_7/MTCount/271/48/1/177828/100000000/10/iterations:5/manual_time",5,5.82086,2.87551,ms,,,,,,218229,4245.93,1.04367e+08,14337,5.62755e+06,524288,23.5863,107164,6.93889e+08,5.82086,0,0.00043203,4.18202e+08,0,524288,1.91083e+08
"PeterBloom_Nonpart_AVX512_7/MTCount/285/48/1/177828/100000000/10/iterations:5/manual_time",5,6.0392,2.54287,ms,,,,,,215884,3817.27,1.06915e+08,17254.3,5.61304e+06,524288,23.5863,127460,6.84599e+08,6.0392,0,0.00043203,4.17767e+08,0,524288,1.91118e+08
"PeterBloom_Nonpart_AVX512_7/MTCount/300/48/1/177828/100000000/10/iterations:5/manual_time",5,5.82928,2.52487,ms,,,,,,225410,4084.95,1.0512e+08,15607.7,5.60149e+06,524288,23.5863,120342,6.9221e+08,5.82928,0,0.00043203,4.18961e+08,0,524288,1.91717e+08
"PeterBloom_Nonpart_AVX512_7/MTCount/314/48/1/177828/100000000/10/iterations:5/manual_time",5,5.87076,2.9093,ms,,,,,,225682,4167.9,1.03353e+08,15110.6,5.6709e+06,524288,23.5863,124138,7.01389e+08,5.87076,0,0.00043203,4.12929e+08,0,524288,1.92406e+08
"PeterBloom_Nonpart_AVX512_7/MTCount/328/48/1/177828/100000000/10/iterations:5/manual_time",5,5.93041,3.01608,ms,,,,,,219420,3871.05,1.04485e+08,13427.1,5.70669e+06,524288,23.5863,122843,6.95539e+08,5.93041,0,0.00043203,4.06011e+08,0,524288,1.91415e+08
"PeterBloom_Nonpart_AVX512_7/MTCount/342/48/1/177828/100000000/10/iterations:5/manual_time",5,6.41963,3.18293,ms,,,,,,222238,3717.89,1.04115e+08,15316,2.74068e+07,1.04858e+06,47.1726,146607,7.51992e+08,6.41963,0,2.58e-05,4.11575e+08,0,1.04858e+06,2.06731e+08
"PeterBloom_Nonpart_AVX512_7/MTCount/357/48/1/177828/100000000/10/iterations:5/manual_time",5,6.39056,3.0753,ms,,,,,,227971,3770.6,1.04438e+08,14922.9,2.72983e+07,1.04858e+06,47.1726,107190,7.4947e+08,6.39056,0,2.58e-05,4.16093e+08,0,1.04858e+06,2.06131e+08
"PeterBloom_Nonpart_AVX512_7/MTCount/371/48/1/177828/100000000/10/iterations:5/manual_time",5,6.50848,3.05036,ms,,,,,,229744,3856.49,1.05624e+08,14232.5,2.73812e+07,1.04858e+06,47.1726,104405,7.45374e+08,6.50848,0,2.58e-05,4.08019e+08,0,1.04858e+06,2.05893e+08
"PeterBloom_Nonpart_AVX512_7/MTCount/100/48/1/316228/100000000/10/iterations:5/manual_time",5,6.21966,3.24432,ms,,,,,,213648,4025.19,1.05418e+08,16500.4,5.7854e+06,524288,13.2635,169392,6.9422e+08,6.21966,0,0.00463663,4.1879e+08,0,524288,1.93478e+08
"PeterBloom_Nonpart_AVX512_7/MTCount/114/48/1/316228/100000000/10/iterations:5/manual_time",5,6.06454,3.01218,ms,,,,,,214774,4190.46,1.03052e+08,16061.6,5.72362e+06,524288,13.2635,119111,7.01709e+08,6.06454,0,0.00463663,4.15391e+08,0,524288,1.92612e+08
"PeterBloom_Nonpart_AVX512_7/MTCount/128/48/1/316228/100000000/10/iterations:5/manual_time",5,5.95092,3.09757,ms,,,,,,213352,4097.99,1.0244e+08,16422.8,5.76708e+06,524288,13.2635,137754,7.0107e+08,5.95092,0,0.00463663,4.17287e+08,0,524288,1.92237e+08
"PeterBloom_Nonpart_AVX512_7/MTCount/142/48/1/316228/100000000/10/iterations:5/manual_time",5,5.88267,2.4561,ms,,,,,,232273,4168.23,1.04229e+08,14904.4,5.68261e+06,524288,13.2635,122921,6.90429e+08,5.88267,0,0.00463663,4.03895e+08,0,524288,1.92749e+08
"PeterBloom_Nonpart_AVX512_7/MTCount/157/48/1/316228/100000000/10/iterations:5/manual_time",5,5.96191,2.9914,ms,,,,,,228779,4034.81,1.05893e+08,13392.6,5.71476e+06,524288,13.2635,128002,6.84747e+08,5.96191,0,0.00463663,4.06688e+08,0,524288,1.90458e+08
"PeterBloom_Nonpart_AVX512_7/MTCount/171/48/1/316228/100000000/10/iterations:5/manual_time",5,6.05674,3.03773,ms,,,,,,225730,3930.25,1.03428e+08,14398.7,5.73762e+06,524288,13.2635,126461,6.96082e+08,6.05674,0,0.00463663,4.05744e+08,0,524288,1.92304e+08
"PeterBloom_Nonpart_AVX512_7/MTCount/185/48/1/316228/100000000/10/iterations:5/manual_time",5,6.1178,3.01197,ms,,,,,,225699,3859.81,1.04135e+08,13551.7,5.76264e+06,524288,13.2635,123928,6.9403e+08,6.1178,0,0.00463663,4.03437e+08,0,524288,1.92802e+08
"PeterBloom_Nonpart_AVX512_7/MTCount/200/48/1/316228/100000000/10/iterations:5/manual_time",5,6.29132,2.98522,ms,,,,,,232602,3749.12,1.0539e+08,14505.5,2.73445e+07,1.04858e+06,26.5271,117611,7.46171e+08,6.29132,0,0.00025964,4.12669e+08,0,1.04858e+06,2.067e+08
"PeterBloom_Nonpart_AVX512_7/MTCount/214/48/1/316228/100000000/10/iterations:5/manual_time",5,6.61385,3.05929,ms,,,,,,235681,4118.77,1.05685e+08,14181.1,2.74996e+07,1.04858e+06,26.5271,133636,7.48589e+08,6.61385,0,0.00025964,4.0736e+08,0,1.04858e+06,2.0701e+08
"PeterBloom_Nonpart_AVX512_7/MTCount/228/48/1/316228/100000000/10/iterations:5/manual_time",5,6.38345,3.02889,ms,,,,,,224444,3747.82,1.07058e+08,16557.6,2.72101e+07,1.04858e+06,26.5271,131060,7.42046e+08,6.38345,0,0.00025964,4.20673e+08,0,1.04858e+06,2.05637e+08
"PeterBloom_Nonpart_AVX512_7/MTCount/242/48/1/316228/100000000/10/iterations:5/manual_time",5,6.36062,3.07921,ms,,,,,,238663,4029.01,1.05432e+08,14537.7,2.73112e+07,1.04858e+06,26.5271,127391,7.4408e+08,6.36062,0,0.00025964,4.11007e+08,0,1.04858e+06,2.05211e+08
"PeterBloom_Nonpart_AVX512_7/MTCount/257/48/1/316228/100000000/10/iterations:5/manual_time",5,6.34924,3.07634,ms,,,,,,234886,3699.85,1.0549e+08,16346.8,2.72677e+07,1.04858e+06,26.5271,124736,7.42738e+08,6.34924,0,0.00025964,4.18987e+08,0,1.04858e+06,2.05654e+08
"PeterBloom_Nonpart_AVX512_7/MTCount/271/48/1/316228/100000000/10/iterations:5/manual_time",5,6.3679,3.03926,ms,,,,,,244288,3557.8,1.04972e+08,14196.6,2.74051e+07,1.04858e+06,26.5271,123086,7.46643e+08,6.3679,0,0.00025964,4.11617e+08,0,1.04858e+06,2.05628e+08
"PeterBloom_Nonpart_AVX512_7/MTCount/285/48/1/316228/100000000/10/iterations:5/manual_time",5,6.34033,3.0894,ms,,,,,,242994,3653.8,1.05425e+08,14544.7,2.76376e+07,1.04858e+06,26.5271,130873,7.38308e+08,6.34033,0,0.00025964,4.02388e+08,0,1.04858e+06,2.05633e+08
"PeterBloom_Nonpart_AVX512_7/MTCount/300/48/1/316228/100000000/10/iterations:5/manual_time",5,6.29125,2.95494,ms,,,,,,227859,3744.57,1.06186e+08,15988.6,2.72399e+07,1.04858e+06,26.5271,126884,7.40693e+08,6.29125,0,0.00025964,4.13913e+08,0,1.04858e+06,2.04272e+08
"PeterBloom_Nonpart_AVX512_7/MTCount/314/48/1/316228/100000000/10/iterations:5/manual_time",5,6.38095,2.99502,ms,,,,,,255519,3724.8,1.07124e+08,14257.3,2.74106e+07,1.04858e+06,26.5271,127681,7.4648e+08,6.38095,0,0.00025964,4.1469e+08,0,1.04858e+06,2.06612e+08
"PeterBloom_Nonpart_AVX512_7/MTCount/328/48/1/316228/100000000/10/iterations:5/manual_time",5,6.37969,3.05624,ms,,,,,,228964,3783.67,1.06292e+08,15206.8,2.72665e+07,1.04858e+06,26.5271,123395,7.4434e+08,6.37969,0,0.00025964,4.17115e+08,0,1.04858e+06,2.0559e+08
"PeterBloom_Nonpart_AVX512_7/MTCount/342/48/1/316228/100000000/10/iterations:5/manual_time",5,6.37537,3.0537,ms,,,,,,231618,3974.45,1.05212e+08,14479.8,2.73623e+07,1.04858e+06,26.5271,143809,7.41916e+08,6.37537,0,0.00025964,4.07001e+08,0,1.04858e+06,2.05141e+08
"PeterBloom_Nonpart_AVX512_7/MTCount/357/48/1/316228/100000000/10/iterations:5/manual_time",5,6.39192,3.07216,ms,,,,,,236050,3853.43,1.04628e+08,15049.3,2.73912e+07,1.04858e+06,26.5271,116411,7.48381e+08,6.39192,0,0.00025964,4.09001e+08,0,1.04858e+06,2.06277e+08
"PeterBloom_Nonpart_AVX512_7/MTCount/371/48/1/316228/100000000/10/iterations:5/manual_time",5,6.40758,3.06466,ms,,,,,,222604,3597.3,1.0589e+08,15157.8,2.73135e+07,1.04858e+06,26.5271,130842,7.46328e+08,6.40758,0,0.00025964,4.17195e+08,0,1.04858e+06,2.05764e+08
"PeterBloom_Nonpart_AVX512_7/MTCount/100/48/1/562341/100000000/10/iterations:5/manual_time",5,6.05417,3.1171,ms,,,,,,214462,4089.27,1.04038e+08,14872.8,5.71952e+06,524288,7.45865,123483,6.964e+08,6.05417,0,0.0417096,4.20112e+08,0,524288,1.91547e+08
"PeterBloom_Nonpart_AVX512_7/MTCount/114/48/1/562341/100000000/10/iterations:5/manual_time",5,6.34165,3.12,ms,,,,,,234232,3744.51,1.06273e+08,14668.4,2.73272e+07,1.04858e+06,14.9173,110489,7.46823e+08,6.34165,0,0.00282075,4.17168e+08,0,1.04858e+06,2.06022e+08
"PeterBloom_Nonpart_AVX512_7/MTCount/128/48/1/562341/100000000/10/iterations:5/manual_time",5,6.4044,3.11542,ms,,,,,,228690,3716.87,1.06365e+08,15494,2.73327e+07,1.04858e+06,14.9173,123675,7.44282e+08,6.4044,0,0.00282075,4.18568e+08,0,1.04858e+06,2.05706e+08
"PeterBloom_Nonpart_AVX512_7/MTCount/142/48/1/562341/100000000/10/iterations:5/manual_time",5,6.52455,3.07231,ms,,,,,,244897,3735.02,1.05371e+08,14274.4,2.76203e+07,1.04858e+06,14.9173,120158,7.45485e+08,6.52455,0,0.00282075,4.06441e+08,0,1.04858e+06,2.0703e+08
"PeterBloom_Nonpart_AVX512_7/MTCount/157/48/1/562341/100000000/10/iterations:5/manual_time",5,6.25669,2.54116,ms,,,,,,240218,3744.97,1.06623e+08,15760.7,2.74947e+07,1.04858e+06,14.9173,125754,7.31576e+08,6.25669,0,0.00282075,4.04219e+08,0,1.04858e+06,2.04723e+08
"PeterBloom_Nonpart_AVX512_7/MTCount/171/48/1/562341/100000000/10/iterations:5/manual_time",5,6.33256,3.23243,ms,,,,,,254292,3991.17,1.06899e+08,13320.9,2.73081e+07,1.04858e+06,14.9173,136132,7.4439e+08,6.33256,0,0.00282075,4.11382e+08,0,1.04858e+06,2.0593e+08
"PeterBloom_Nonpart_AVX512_7/MTCount/185/48/1/562341/100000000/10/iterations:5/manual_time",5,6.32891,3.2607,ms,,,,,,221587,3735.02,1.03244e+08,16580.7,2.7396e+07,1.04858e+06,14.9173,155041,7.52257e+08,6.32891,0,0.00282075,4.1209e+08,0,1.04858e+06,2.06298e+08
"PeterBloom_Nonpart_AVX512_7/MTCount/200/48/1/562341/100000000/10/iterations:5/manual_time",5,6.32978,3.20088,ms,,,,,,244289,4183.34,1.06163e+08,14287.1,2.74507e+07,1.04858e+06,14.9173,129094,7.4899e+08,6.32978,0,0.00282075,4.12806e+08,0,1.04858e+06,2.06913e+08
"PeterBloom_Nonpart_AVX512_7/MTCount/214/48/1/562341/100000000/10/iterations:5/manual_time",5,6.68464,3.29137,ms,,,,,,248735,3714.6,1.0647e+08,15166.7,6.1756e+07,2.09715e+06,29.8346,130203,8.01897e+08,6.68464,0,0.00016179,4.10706e+08,0,2.09715e+06,2.22238e+08
"PeterBloom_Nonpart_AVX512_7/MTCount/228/48/1/562341/100000000/10/iterations:5/manual_time",5,6.71209,3.26438,ms,,,,,,266603,3615.47,1.06351e+08,15210.6,6.19515e+07,2.09715e+06,29.8346,138460,8.03871e+08,6.71209,0,0.00016179,4.10877e+08,0,2.09715e+06,2.23075e+08
"PeterBloom_Nonpart_AVX512_7/MTCount/242/48/1/562341/100000000/10/iterations:5/manual_time",5,6.73259,3.21861,ms,,,,,,246354,3229.6,1.06857e+08,17672.8,6.12977e+07,2.09715e+06,29.8346,117123,8.02477e+08,6.73259,0,0.00016179,4.19839e+08,0,2.09715e+06,2.2318e+08
"PeterBloom_Nonpart_AVX512_7/MTCount/257/48/1/562341/100000000/10/iterations:5/manual_time",5,6.74643,3.25916,ms,,,,,,247998,3289.57,1.05858e+08,17031.6,6.15024e+07,2.09715e+06,29.8346,141273,8.08033e+08,6.74643,0,0.00016179,4.14763e+08,0,2.09715e+06,2.23203e+08
"PeterBloom_Nonpart_AVX512_7/MTCount/271/48/1/562341/100000000/10/iterations:5/manual_time",5,6.72795,3.2423,ms,,,,,,241418,3587.41,1.05361e+08,16924.1,6.12777e+07,2.09715e+06,29.8346,144845,8.10009e+08,6.72795,0,0.00016179,4.17171e+08,0,2.09715e+06,2.23485e+08
"PeterBloom_Nonpart_AVX512_7/MTCount/285/48/1/562341/100000000/10/iterations:5/manual_time",5,6.65882,3.1485,ms,,,,,,260675,3453.53,1.1001e+08,15915.8,6.13571e+07,2.09715e+06,29.8346,139124,7.97674e+08,6.65882,0,0.00016179,4.22082e+08,0,2.09715e+06,2.22954e+08
"PeterBloom_Nonpart_AVX512_7/MTCount/300/48/1/562341/100000000/10/iterations:5/manual_time",5,6.57075,2.52829,ms,,,,,,255017,3644.82,1.10448e+08,17378.1,6.11356e+07,2.09715e+06,29.8346,140848,7.92447e+08,6.57075,0,0.00016179,4.22136e+08,0,2.09715e+06,2.23825e+08
"PeterBloom_Nonpart_AVX512_7/MTCount/314/48/1/562341/100000000/10/iterations:5/manual_time",5,6.50715,2.66742,ms,,,,,,245591,3569.09,1.06645e+08,16733.7,6.16987e+07,2.09715e+06,29.8346,113631,7.98948e+08,6.50715,0,0.00016179,4.11229e+08,0,2.09715e+06,2.22723e+08
"PeterBloom_Nonpart_AVX512_7/MTCount/328/48/1/562341/100000000/10/iterations:5/manual_time",5,6.54844,2.70003,ms,,,,,,254177,3507.25,1.08035e+08,17794.7,6.13129e+07,2.09715e+06,29.8346,121114,7.96983e+08,6.54844,0,0.00016179,4.19749e+08,0,2.09715e+06,2.22673e+08
"PeterBloom_Nonpart_AVX512_7/MTCount/342/48/1/562341/100000000/10/iterations:5/manual_time",5,6.56001,2.68252,ms,,,,,,247167,3570.81,1.06613e+08,16875.6,6.20064e+07,2.09715e+06,29.8346,130242,7.96955e+08,6.56001,0,0.00016179,4.04616e+08,0,2.09715e+06,2.22999e+08
"PeterBloom_Nonpart_AVX512_7/MTCount/357/48/1/562341/100000000/10/iterations:5/manual_time",5,6.55922,2.76131,ms,,,,,,249588,3746.69,1.06743e+08,16946.1,6.20302e+07,2.09715e+06,29.8346,129322,7.93576e+08,6.55922,0,0.00016179,4.02725e+08,0,2.09715e+06,2.22283e+08
"PeterBloom_Nonpart_AVX512_7/MTCount/371/48/1/562341/100000000/10/iterations:5/manual_time",5,6.54417,2.6625,ms,,,,,,254824,3595.2,1.07211e+08,16046.9,6.20419e+07,2.09715e+06,29.8346,132468,7.93987e+08,6.54417,0,0.00016179,4.04885e+08,0,2.09715e+06,2.22523e+08
"PeterBloom_Nonpart_AVX512_7/MTCount/100/48/1/1000000/100000000/10/iterations:5/manual_time",5,6.09205,2.66521,ms,,,,,,269278,4082.32,1.08129e+08,14651.6,2.75422e+07,1.04858e+06,8.38861,127565,7.26014e+08,6.09205,0,0.0272887,4.03818e+08,0,1.04858e+06,2.04524e+08
"PeterBloom_Nonpart_AVX512_7/MTCount/114/48/1/1000000/100000000/10/iterations:5/manual_time",5,6.07155,2.64461,ms,,,,,,257514,4087.52,1.07289e+08,15140.5,2.72491e+07,1.04858e+06,8.38861,128664,7.35712e+08,6.07155,0,0.0272887,4.1157e+08,0,1.04858e+06,2.05048e+08
"PeterBloom_Nonpart_AVX512_7/MTCount/128/48/1/1000000/100000000/10/iterations:5/manual_time",5,6.67804,3.063,ms,,,,,,239413,3361.88,1.06117e+08,17828,6.14278e+07,2.09715e+06,16.7772,116009,8.07481e+08,6.67804,0,0.00175931,4.17361e+08,0,2.09715e+06,2.24007e+08
"PeterBloom_Nonpart_AVX512_7/MTCount/142/48/1/1000000/100000000/10/iterations:5/manual_time",5,6.84261,2.57749,ms,,,,,,276596,3336.05,1.06898e+08,17453.9,6.26064e+07,2.09715e+06,16.7772,115518,7.96282e+08,6.84261,0,0.00175931,4.02609e+08,0,2.09715e+06,2.23444e+08
"PeterBloom_Nonpart_AVX512_7/MTCount/157/48/1/1000000/100000000/10/iterations:5/manual_time",5,6.76177,2.93121,ms,,,,,,246939,2982.83,1.05905e+08,16876.4,6.12627e+07,2.09715e+06,16.7772,137904,8.04172e+08,6.76177,0,0.00175931,4.18299e+08,0,2.09715e+06,2.22447e+08
"PeterBloom_Nonpart_AVX512_7/MTCount/171/48/1/1000000/100000000/10/iterations:5/manual_time",5,6.65698,2.54036,ms,,,,,,248196,3582.77,1.06492e+08,16954.5,6.21458e+07,2.09715e+06,16.7772,125646,7.95138e+08,6.65698,0,0.00175931,4.04606e+08,0,2.09715e+06,2.22982e+08
"PeterBloom_Nonpart_AVX512_7/MTCount/185/48/1/1000000/100000000/10/iterations:5/manual_time",5,6.59889,2.44111,ms,,,,,,258204,4012.73,1.07915e+08,17672.6,6.15928e+07,2.09715e+06,16.7772,131151,7.99037e+08,6.59889,0,0.00175931,4.16929e+08,0,2.09715e+06,2.23534e+08
"PeterBloom_Nonpart_AVX512_7/MTCount/200/48/1/1000000/100000000/10/iterations:5/manual_time",5,6.50432,2.42102,ms,,,,,,256675,3578.97,1.0735e+08,17161.2,6.11459e+07,2.09715e+06,16.7772,127534,7.98525e+08,6.50432,0,0.00175931,4.17668e+08,0,2.09715e+06,2.2341e+08
"PeterBloom_Nonpart_AVX512_7/MTCount/214/48/1/1000000/100000000/10/iterations:5/manual_time",5,6.562,2.97796,ms,,,,,,241000,3604.9,1.07433e+08,15407.6,6.17528e+07,2.09715e+06,16.7772,136311,7.97168e+08,6.56199,0,0.00175931,4.0901e+08,0,2.09715e+06,2.2162e+08
"PeterBloom_Nonpart_AVX512_7/MTCount/228/48/1/1000000/100000000/10/iterations:5/manual_time",5,6.66756,3.13302,ms,,,,,,238492,3484.37,1.07948e+08,17799.1,6.114e+07,2.09715e+06,16.7772,139616,8.01294e+08,6.66756,0,0.00175931,4.2113e+08,0,2.09715e+06,2.23528e+08
"PeterBloom_Nonpart_AVX512_7/MTCount/242/48/1/1000000/100000000/10/iterations:5/manual_time",5,6.92702,3.13298,ms,,,,,,293337,3211.97,1.09927e+08,16060.3,8.16502e+07,4.1943e+06,33.5544,136629,8.30029e+08,6.92702,0,0.00010141,4.19923e+08,0,4.1943e+06,2.32828e+08
"PeterBloom_Nonpart_AVX512_7/MTCount/257/48/1/1000000/100000000/10/iterations:5/manual_time",5,6.94848,3.08669,ms,,,,,,278398,2984.19,1.04695e+08,17030.6,8.17062e+07,4.1943e+06,33.5544,116806,8.39536e+08,6.94848,0,0.00010141,4.11906e+08,0,4.1943e+06,2.33002e+08
"PeterBloom_Nonpart_AVX512_7/MTCount/271/48/1/1000000/100000000/10/iterations:5/manual_time",5,6.92877,3.08129,ms,,,,,,275298,3126.91,1.07167e+08,16808.8,8.18102e+07,4.1943e+06,33.5544,131298,8.35398e+08,6.92877,0,0.00010141,4.12217e+08,0,4.1943e+06,2.32594e+08
"PeterBloom_Nonpart_AVX512_7/MTCount/285/48/1/1000000/100000000/10/iterations:5/manual_time",5,6.94451,3.17874,ms,,,,,,283939,3169.23,1.06224e+08,18257.5,8.16701e+07,4.1943e+06,33.5544,142174,8.4187e+08,6.94451,0,0.00010141,4.16257e+08,0,4.1943e+06,2.33898e+08
"PeterBloom_Nonpart_AVX512_7/MTCount/300/48/1/1000000/100000000/10/iterations:5/manual_time",5,6.90543,3.20445,ms,,,,,,275346,3172.2,1.08983e+08,17541.4,8.14692e+07,4.1943e+06,33.5544,131853,8.31392e+08,6.90543,0,0.00010141,4.19377e+08,0,4.1943e+06,2.33426e+08
"PeterBloom_Nonpart_AVX512_7/MTCount/314/48/1/1000000/100000000/10/iterations:5/manual_time",5,7.00942,2.55774,ms,,,,,,323913,2866.8,1.07698e+08,18340.1,8.30084e+07,4.1943e+06,33.5544,127843,8.29979e+08,7.00942,0,0.00010141,4.05508e+08,0,4.1943e+06,2.3396e+08
"PeterBloom_Nonpart_AVX512_7/MTCount/328/48/1/1000000/100000000/10/iterations:5/manual_time",5,6.95419,2.51431,ms,,,,,,334049,3250.87,1.08602e+08,17275.8,8.15626e+07,4.1943e+06,33.5544,129324,8.35064e+08,6.95419,0,0.00010141,4.18445e+08,0,4.1943e+06,2.33928e+08
"PeterBloom_Nonpart_AVX512_7/MTCount/342/48/1/1000000/100000000/10/iterations:5/manual_time",5,6.86799,2.4651,ms,,,,,,287784,3303.44,1.05871e+08,18585.4,8.17551e+07,4.1943e+06,33.5544,128728,8.4003e+08,6.86799,0,0.00010141,4.13816e+08,0,4.1943e+06,2.35247e+08
"PeterBloom_Nonpart_AVX512_7/MTCount/357/48/1/1000000/100000000/10/iterations:5/manual_time",5,6.82258,2.61349,ms,,,,,,353293,3063.6,1.06893e+08,17884.7,8.25951e+07,4.1943e+06,33.5544,125769,8.31228e+08,6.82258,0,0.00010141,4.03843e+08,0,4.1943e+06,2.33761e+08
"PeterBloom_Nonpart_AVX512_7/MTCount/371/48/1/1000000/100000000/10/iterations:5/manual_time",5,6.74755,2.49251,ms,,,,,,286291,3435.14,1.0732e+08,17236.3,8.21555e+07,4.1943e+06,33.5544,127473,8.26899e+08,6.74755,0,0.00010141,4.06656e+08,0,4.1943e+06,2.32749e+08
"PeterBloom_Nonpart_AVX512_7/MTCount/100/48/1/1778279/100000000/10/iterations:5/manual_time",5,6.72403,2.99312,ms,,,,,,280307,3411.21,1.07223e+08,14300.6,6.2319e+07,2.09715e+06,9.43452,125600,7.95593e+08,6.72403,0,0.0176076,4.02155e+08,0,2.09715e+06,2.21525e+08
"PeterBloom_Nonpart_AVX512_7/MTCount/114/48/1/1778279/100000000/10/iterations:5/manual_time",5,6.74687,2.97762,ms,,,,,,256164,3429.21,1.07978e+08,17693.8,6.11205e+07,2.09715e+06,9.43452,130419,8.00544e+08,6.74687,0,0.0176076,4.22953e+08,0,2.09715e+06,2.22808e+08
"PeterBloom_Nonpart_AVX512_7/MTCount/128/48/1/1778279/100000000/10/iterations:5/manual_time",5,6.98942,3.00927,ms,,,,,,277976,3524.22,1.13335e+08,18586.2,6.07313e+07,2.09715e+06,9.43452,162718,7.92922e+08,6.98942,0,0.0176076,4.24127e+08,0,2.09715e+06,2.23743e+08
"PeterBloom_Nonpart_AVX512_7/MTCount/142/48/1/1778279/100000000/10/iterations:5/manual_time",5,6.91295,2.56914,ms,,,,,,279233,2920.58,1.05988e+08,18427.1,8.2321e+07,4.1943e+06,18.869,124259,8.34848e+08,6.91295,0,0.00108341,4.08202e+08,0,4.1943e+06,2.33899e+08
"PeterBloom_Nonpart_AVX512_7/MTCount/157/48/1/1778279/100000000/10/iterations:5/manual_time",5,6.90934,2.55676,ms,,,,,,347919,2795.8,1.06509e+08,18655.4,8.27994e+07,4.1943e+06,18.869,132775,8.33897e+08,6.90934,0,0.00108341,4.04922e+08,0,4.1943e+06,2.344e+08
"PeterBloom_Nonpart_AVX512_7/MTCount/171/48/1/1778279/100000000/10/iterations:5/manual_time",5,6.84787,2.42314,ms,,,,,,281922,3751.42,1.07509e+08,18648.1,8.17756e+07,4.1943e+06,18.869,134403,8.37748e+08,6.84787,0,0.00108341,4.15722e+08,0,4.1943e+06,2.35351e+08
"PeterBloom_Nonpart_AVX512_7/MTCount/185/48/1/1778279/100000000/10/iterations:5/manual_time",5,6.91354,2.95684,ms,,,,,,290991,3282.8,1.06652e+08,19169,8.13462e+07,4.1943e+06,18.869,122906,8.32242e+08,6.91354,0,0.00108341,4.17791e+08,0,4.1943e+06,2.30802e+08
"PeterBloom_Nonpart_AVX512_7/MTCount/200/48/1/1778279/100000000/10/iterations:5/manual_time",5,7.0066,3.06805,ms,,,,,,289707,3072.88,1.08939e+08,15601.8,8.14577e+07,4.1943e+06,18.869,115704,8.31521e+08,7.0066,0,0.00108341,4.18708e+08,0,4.1943e+06,2.32957e+08
"PeterBloom_Nonpart_AVX512_7/MTCount/214/48/1/1778279/100000000/10/iterations:5/manual_time",5,7.06955,3.01466,ms,,,,,,287985,3252.38,1.05519e+08,17336.9,8.27205e+07,4.1943e+06,18.869,122745,8.37484e+08,7.06955,0,0.00108341,4.03839e+08,0,4.1943e+06,2.34928e+08
"PeterBloom_Nonpart_AVX512_7/MTCount/228/48/1/1778279/100000000/10/iterations:5/manual_time",5,6.85657,2.95478,ms,,,,,,282167,3261.29,1.06808e+08,19762.5,8.13049e+07,4.1943e+06,18.869,149719,8.39861e+08,6.85657,0,0.00108341,4.19419e+08,0,4.1943e+06,2.34347e+08
"PeterBloom_Nonpart_AVX512_7/MTCount/242/48/1/1778279/100000000/10/iterations:5/manual_time",5,6.88336,2.93276,ms,,,,,,286659,3072.72,1.05899e+08,16530.2,8.24739e+07,4.1943e+06,18.869,121587,8.34641e+08,6.88336,0,0.00108341,4.03546e+08,0,4.1943e+06,2.33499e+08
"PeterBloom_Nonpart_AVX512_7/MTCount/257/48/1/1778279/100000000/10/iterations:5/manual_time",5,6.83369,3.00128,ms,,,,,,306377,3225.59,1.07016e+08,15165.4,8.29883e+07,4.1943e+06,18.869,119845,8.33651e+08,6.83369,0,0.00108341,4.01341e+08,0,4.1943e+06,2.34223e+08
"PeterBloom_Nonpart_AVX512_7/MTCount/271/48/1/1778279/100000000/10/iterations:5/manual_time",5,7.42407,3.00185,ms,,,,,,435903,2825.03,1.05611e+08,17913,9.30686e+07,8.38861e+06,37.7381,134081,8.81736e+08,7.42407,0,6.261e-05,4.1436e+08,0,8.38861e+06,2.44442e+08
"PeterBloom_Nonpart_AVX512_7/MTCount/285/48/1/1778279/100000000/10/iterations:5/manual_time",5,7.32111,3.10932,ms,,,,,,433952,3036.42,1.04796e+08,16182.8,9.40542e+07,8.38861e+06,37.7381,133878,8.78369e+08,7.32111,0,6.261e-05,4.01622e+08,0,8.38861e+06,2.43885e+08
"PeterBloom_Nonpart_AVX512_7/MTCount/300/48/1/1778279/100000000/10/iterations:5/manual_time",5,7.35467,3.13009,ms,,,,,,482671,3298.36,1.085e+08,18819.1,9.21953e+07,8.38861e+06,37.7381,139574,8.76006e+08,7.35467,0,6.261e-05,4.22916e+08,0,8.38861e+06,2.44506e+08
"PeterBloom_Nonpart_AVX512_7/MTCount/314/48/1/1778279/100000000/10/iterations:5/manual_time",5,7.46263,2.70054,ms,,,,,,474169,3208.99,1.04041e+08,20309.7,9.41053e+07,8.38861e+06,37.7381,127910,8.83424e+08,7.46263,0,6.261e-05,4.04134e+08,0,8.38861e+06,2.45768e+08
"PeterBloom_Nonpart_AVX512_7/MTCount/328/48/1/1778279/100000000/10/iterations:5/manual_time",5,7.05584,2.68174,ms,,,,,,458115,3271.23,1.06058e+08,19068.5,9.31967e+07,8.38861e+06,37.7381,128277,8.73771e+08,7.05584,0,6.261e-05,4.1161e+08,0,8.38861e+06,2.44665e+08
"PeterBloom_Nonpart_AVX512_7/MTCount/342/48/1/1778279/100000000/10/iterations:5/manual_time",5,7.05761,2.50592,ms,,,,,,428635,3028.22,1.04515e+08,18399.2,9.40049e+07,8.38861e+06,37.7381,125304,8.72115e+08,7.05761,0,6.261e-05,3.99668e+08,0,8.38861e+06,2.44547e+08
"PeterBloom_Nonpart_AVX512_7/MTCount/357/48/1/1778279/100000000/10/iterations:5/manual_time",5,7.04577,2.52147,ms,,,,,,428065,3165.4,1.06748e+08,19646.9,9.27551e+07,8.38861e+06,37.7381,126147,8.72017e+08,7.04577,0,6.261e-05,4.14359e+08,0,8.38861e+06,2.44642e+08
"PeterBloom_Nonpart_AVX512_7/MTCount/371/48/1/1778279/100000000/10/iterations:5/manual_time",5,7.03055,2.50915,ms,,,,,,467603,3046.75,1.04467e+08,20800.6,9.31119e+07,8.38861e+06,37.7381,109658,8.75469e+08,7.03055,0,6.261e-05,4.10104e+08,0,8.38861e+06,2.44584e+08
"PeterBloom_Nonpart_AVX512_7/MTCount/100/48/1/3162278/100000000/10/iterations:5/manual_time",5,6.78472,2.55242,ms,,,,,,287747,3112.33,1.07493e+08,17190.2,8.1779e+07,4.1943e+06,10.6108,122575,8.29221e+08,6.78472,0,0.0111947,4.11297e+08,0,4.1943e+06,2.33086e+08
"PeterBloom_Nonpart_AVX512_7/MTCount/114/48/1/3162278/100000000/10/iterations:5/manual_time",5,6.72078,2.59953,ms,,,,,,284790,2938.29,1.07042e+08,17212.7,8.20133e+07,4.1943e+06,10.6108,109399,8.28789e+08,6.72078,0,0.0111947,4.09448e+08,0,4.1943e+06,2.33039e+08
"PeterBloom_Nonpart_AVX512_7/MTCount/128/48/1/3162278/100000000/10/iterations:5/manual_time",5,6.99434,2.96864,ms,,,,,,298954,3361.08,1.07108e+08,16603.7,8.17601e+07,4.1943e+06,10.6108,124631,8.35843e+08,6.99434,0,0.0111947,4.14981e+08,0,4.1943e+06,2.32766e+08
"PeterBloom_Nonpart_AVX512_7/MTCount/142/48/1/3162278/100000000/10/iterations:5/manual_time",5,7.05986,3.11003,ms,,,,,,290883,3165.97,1.08302e+08,16890.5,8.15413e+07,4.1943e+06,10.6108,128696,8.36661e+08,7.05986,0,0.0111947,4.17341e+08,0,4.1943e+06,2.33037e+08
"PeterBloom_Nonpart_AVX512_7/MTCount/157/48/1/3162278/100000000/10/iterations:5/manual_time",5,7.31615,3.11941,ms,,,,,,434744,2840.23,1.05602e+08,16918.5,9.29521e+07,8.38861e+06,21.2217,137529,8.78403e+08,7.31615,0,0.00066644,4.12632e+08,0,8.38861e+06,2.43867e+08
"PeterBloom_Nonpart_AVX512_7/MTCount/171/48/1/3162278/100000000/10/iterations:5/manual_time",5,7.37835,3.17418,ms,,,,,,443288,3204.89,1.0387e+08,17390.4,9.37139e+07,8.38861e+06,21.2217,133406,8.81735e+08,7.37835,0,0.00066644,4.06128e+08,0,8.38861e+06,2.4445e+08
"PeterBloom_Nonpart_AVX512_7/MTCount/185/48/1/3162278/100000000/10/iterations:5/manual_time",5,7.31999,3.12415,ms,,,,,,443153,3116.25,1.07458e+08,17094.5,9.28407e+07,8.38861e+06,21.2217,115956,8.76172e+08,7.31999,0,0.00066644,4.15835e+08,0,8.38861e+06,2.43874e+08
"PeterBloom_Nonpart_AVX512_7/MTCount/200/48/1/3162278/100000000/10/iterations:5/manual_time",5,7.21513,2.54537,ms,,,,,,440774,3283.44,1.0503e+08,20251.3,9.3986e+07,8.38861e+06,21.2217,125692,8.7765e+08,7.21513,0,0.00066644,4.03539e+08,0,8.38861e+06,2.44945e+08
"PeterBloom_Nonpart_AVX512_7/MTCount/214/48/1/3162278/100000000/10/iterations:5/manual_time",5,7.08355,2.77785,ms,,,,,,439078,2819.67,1.06069e+08,16582.7,9.42832e+07,8.38861e+06,21.2217,117288,8.71885e+08,7.08355,0,0.00066644,3.98904e+08,0,8.38861e+06,2.44489e+08
"PeterBloom_Nonpart_AVX512_7/MTCount/228/48/1/3162278/100000000/10/iterations:5/manual_time",5,7.08542,2.43853,ms,,,,,,428087,2855.83,1.05854e+08,17654.6,9.41309e+07,8.38861e+06,21.2217,128280,8.71515e+08,7.08542,0,0.00066644,3.99834e+08,0,8.38861e+06,2.44812e+08
"PeterBloom_Nonpart_AVX512_7/MTCount/242/48/1/3162278/100000000/10/iterations:5/manual_time",5,7.06673,2.45506,ms,,,,,,426406,2852.45,1.05954e+08,18343.8,9.40917e+07,8.38861e+06,21.2217,131049,8.70627e+08,7.06673,0,0.00066644,4.01889e+08,0,8.38861e+06,2.44364e+08
"PeterBloom_Nonpart_AVX512_7/MTCount/257/48/1/3162278/100000000/10/iterations:5/manual_time",5,7.08323,2.43469,ms,,,,,,453545,3398.65,1.06069e+08,18846.4,9.32797e+07,8.38861e+06,21.2217,132662,8.71646e+08,7.08323,0,0.00066644,4.07524e+08,0,8.38861e+06,2.44453e+08
"PeterBloom_Nonpart_AVX512_7/MTCount/271/48/1/3162278/100000000/10/iterations:5/manual_time",5,7.02612,2.42694,ms,,,,,,455162,3039.44,1.07212e+08,16753.4,9.46604e+07,8.38861e+06,21.2217,128081,8.70313e+08,7.02612,0,0.00066644,3.99501e+08,0,8.38861e+06,2.45271e+08
"PeterBloom_Nonpart_AVX512_7/MTCount/285/48/1/3162278/100000000/10/iterations:5/manual_time",5,7.04772,2.42883,ms,,,,,,431858,3365.1,1.06043e+08,19017.6,9.3965e+07,8.38861e+06,21.2217,115498,8.70278e+08,7.04772,0,0.00066644,4.04116e+08,0,8.38861e+06,2.43753e+08
"PeterBloom_Nonpart_AVX512_7/MTCount/300/48/1/3162278/100000000/10/iterations:5/manual_time",5,7.05195,2.74632,ms,,,,,,433954,3160.14,1.05753e+08,19805.6,9.25989e+07,8.38861e+06,21.2217,120211,8.74981e+08,7.05195,0,0.00066644,4.15129e+08,0,8.38861e+06,2.44745e+08
"PeterBloom_Nonpart_AVX512_7/MTCount/314/48/1/3162278/100000000/10/iterations:5/manual_time",5,9.11843,2.72644,ms,,,,,,2.53734e+07,3616.52,1.08059e+08,20025.3,9.90884e+07,1.67772e+07,42.4434,119654,1.22947e+09,9.11843,0,4.017e-05,4.27721e+08,0,1.67772e+07,3.36171e+08
"PeterBloom_Nonpart_AVX512_7/MTCount/328/48/1/3162278/100000000/10/iterations:5/manual_time",5,9.11817,2.78876,ms,,,,,,2.5407e+07,3634.54,1.10353e+08,20251.3,9.76316e+07,1.67772e+07,42.4434,139608,1.22759e+09,9.11817,0,4.017e-05,4.32982e+08,0,1.67772e+07,3.35786e+08
"PeterBloom_Nonpart_AVX512_7/MTCount/342/48/1/3162278/100000000/10/iterations:5/manual_time",5,9.13497,2.74016,ms,,,,,,2.53659e+07,3964.39,1.07682e+08,20655.7,9.92158e+07,1.67772e+07,42.4434,123785,1.23175e+09,9.13497,0,4.017e-05,4.2734e+08,0,1.67772e+07,3.36524e+08
"PeterBloom_Nonpart_AVX512_7/MTCount/357/48/1/3162278/100000000/10/iterations:5/manual_time",5,9.15958,2.79213,ms,,,,,,2.54258e+07,3695.12,1.09252e+08,19925.2,9.82116e+07,1.67772e+07,42.4434,134361,1.22771e+09,9.15958,0,4.017e-05,4.32178e+08,0,1.67772e+07,3.35628e+08
"PeterBloom_Nonpart_AVX512_7/MTCount/371/48/1/3162278/100000000/10/iterations:5/manual_time",5,9.22652,2.76981,ms,,,,,,2.54001e+07,2839.15,1.06888e+08,20630.9,1.01961e+08,1.67772e+07,42.4434,131415,1.22127e+09,9.22652,0,4.017e-05,4.15414e+08,0,1.67772e+07,3.34223e+08
"PeterBloom_Nonpart_AVX512_7/MTCount/100/48/1/5623413/100000000/10/iterations:5/manual_time",5,7.08478,2.69879,ms,,,,,,434767,2997.79,1.05179e+08,18334.3,9.37445e+07,8.38861e+06,11.9338,128323,8.73899e+08,7.08478,0,0.00704928,4.03729e+08,0,8.38861e+06,2.44794e+08
"PeterBloom_Nonpart_AVX512_7/MTCount/114/48/1/5623413/100000000/10/iterations:5/manual_time",5,7.08536,2.72472,ms,,,,,,429664,2948.12,1.06672e+08,17143.3,9.35978e+07,8.38861e+06,11.9338,116578,8.72192e+08,7.08536,0,0.00704928,4.07106e+08,0,8.38861e+06,2.44785e+08
"PeterBloom_Nonpart_AVX512_7/MTCount/128/48/1/5623413/100000000/10/iterations:5/manual_time",5,7.29945,3.00669,ms,,,,,,448805,3387.24,1.0477e+08,18989.3,9.30205e+07,8.38861e+06,11.9338,137816,8.81632e+08,7.29945,0,0.00704928,4.13479e+08,0,8.38861e+06,2.44241e+08
"PeterBloom_Nonpart_AVX512_7/MTCount/142/48/1/5623413/100000000/10/iterations:5/manual_time",5,7.33129,3.10605,ms,,,,,,470189,2986.2,1.04857e+08,16917.5,9.36263e+07,8.38861e+06,11.9338,151265,8.81958e+08,7.33129,0,0.00704928,4.09265e+08,0,8.38861e+06,2.44302e+08
"PeterBloom_Nonpart_AVX512_7/MTCount/157/48/1/5623413/100000000/10/iterations:5/manual_time",5,7.36274,3.0995,ms,,,,,,434502,2888.63,1.04749e+08,16594.7,9.32889e+07,8.38861e+06,11.9338,119575,8.79348e+08,7.36274,0,0.00704928,4.09299e+08,0,8.38861e+06,2.43987e+08
"PeterBloom_Nonpart_AVX512_7/MTCount/171/48/1/5623413/100000000/10/iterations:5/manual_time",5,9.18921,2.69941,ms,,,,,,2.54736e+07,3614.49,1.07911e+08,20519.8,9.92117e+07,1.67772e+07,23.8677,120263,1.20689e+09,9.18921,0,0.00041019,4.24596e+08,0,1.67772e+07,3.29826e+08
"PeterBloom_Nonpart_AVX512_7/MTCount/185/48/1/5623413/100000000/10/iterations:5/manual_time",5,9.07868,2.75957,ms,,,,,,2.5526e+07,3676.98,1.07253e+08,20937,1.00445e+08,1.67772e+07,23.8677,120290,1.21199e+09,9.07868,0,0.00041019,4.20678e+08,0,1.67772e+07,3.30983e+08
"PeterBloom_Nonpart_AVX512_7/MTCount/200/48/1/5623413/100000000/10/iterations:5/manual_time",5,9.18444,3.07976,ms,,,,,,2.54974e+07,4004.74,1.07664e+08,20336.3,1.0048e+08,1.67772e+07,23.8677,131725,1.20991e+09,9.18444,0,0.00041019,4.19563e+08,0,1.67772e+07,3.29741e+08
"PeterBloom_Nonpart_AVX512_7/MTCount/214/48/1/5623413/100000000/10/iterations:5/manual_time",5,9.23194,3.12719,ms,,,,,,2.54442e+07,2769.12,1.07818e+08,18727.8,1.01247e+08,1.67772e+07,23.8677,127295,1.2061e+09,9.23194,0,0.00041019,4.15694e+08,0,1.67772e+07,3.29219e+08
"PeterBloom_Nonpart_AVX512_7/MTCount/228/48/1/5623413/100000000/10/iterations:5/manual_time",5,9.27272,3.17626,ms,,,,,,2.54628e+07,3392.21,1.0815e+08,19074.2,9.96306e+07,1.67772e+07,23.8677,111349,1.20668e+09,9.27272,0,0.00041019,4.2231e+08,0,1.67772e+07,3.2938e+08
"PeterBloom_Nonpart_AVX512_7/MTCount/242/48/1/5623413/100000000/10/iterations:5/manual_time",5,9.3085,3.17763,ms,,,,,,2.55158e+07,3408.87,1.08384e+08,18965.5,1.00171e+08,1.67772e+07,23.8677,135299,1.20998e+09,9.3085,0,0.00041019,4.20634e+08,0,1.67772e+07,3.3027e+08
"PeterBloom_Nonpart_AVX512_7/MTCount/257/48/1/5623413/100000000/10/iterations:5/manual_time",5,9.23702,3.12765,ms,,,,,,2.5506e+07,3407.81,1.08577e+08,18429.5,9.96758e+07,1.67772e+07,23.8677,118454,1.20639e+09,9.23702,0,0.00041019,4.22226e+08,0,1.67772e+07,3.29334e+08
"PeterBloom_Nonpart_AVX512_7/MTCount/271/48/1/5623413/100000000/10/iterations:5/manual_time",5,9.09136,2.52041,ms,,,,,,2.56194e+07,2955.58,1.08693e+08,20742.8,9.9778e+07,1.67772e+07,23.8677,119365,1.19831e+09,9.09136,0,0.00041019,4.21165e+08,0,1.67772e+07,3.28179e+08
"PeterBloom_Nonpart_AVX512_7/MTCount/285/48/1/5623413/100000000/10/iterations:5/manual_time",5,9.37112,3.0338,ms,,,,,,2.56215e+07,3429.5,1.07724e+08,19179.2,1.00666e+08,1.67772e+07,23.8677,140071,1.20765e+09,9.37112,0,0.00041019,4.17261e+08,0,1.67772e+07,3.2922e+08
"PeterBloom_Nonpart_AVX512_7/MTCount/300/48/1/5623413/100000000/10/iterations:5/manual_time",5,9.23162,3.11594,ms,,,,,,2.54456e+07,3879.05,1.08262e+08,18957.5,9.98469e+07,1.67772e+07,23.8677,120161,1.20879e+09,9.23162,0,0.00041019,4.21873e+08,0,1.67772e+07,3.29467e+08
"PeterBloom_Nonpart_AVX512_7/MTCount/314/48/1/5623413/100000000/10/iterations:5/manual_time",5,9.18993,2.71126,ms,,,,,,2.55523e+07,3467.45,1.08016e+08,19688.1,9.97022e+07,1.67772e+07,23.8677,121620,1.20973e+09,9.18993,0,0.00041019,4.2336e+08,0,1.67772e+07,3.30689e+08
"PeterBloom_Nonpart_AVX512_7/MTCount/328/48/1/5623413/100000000/10/iterations:5/manual_time",5,9.0407,2.8138,ms,,,,,,2.54062e+07,5322.9,1.09706e+08,20446.6,9.74685e+07,1.67772e+07,23.8677,129979,1.21899e+09,9.0407,0,0.00041019,4.32412e+08,0,1.67772e+07,3.32382e+08
"PeterBloom_Nonpart_AVX512_7/MTCount/342/48/1/5623413/100000000/10/iterations:5/manual_time",5,22.49,3.14601,ms,,,,,,6.29904e+07,5284.23,1.13108e+08,18239.9,1.03972e+08,3.35544e+07,47.7353,379293,3.67931e+09,22.49,0,2.522e-05,4.34202e+08,0,3.35544e+07,9.75728e+08
"PeterBloom_Nonpart_AVX512_7/MTCount/357/48/1/5623413/100000000/10/iterations:5/manual_time",5,22.5007,3.08665,ms,,,,,,6.30433e+07,5294.03,1.13046e+08,17886.5,1.04175e+08,3.35544e+07,47.7353,341095,3.66935e+09,22.5007,0,2.522e-05,4.33654e+08,0,3.35544e+07,9.73366e+08
"PeterBloom_Nonpart_AVX512_7/MTCount/371/48/1/5623413/100000000/10/iterations:5/manual_time",5,22.5069,3.19404,ms,,,,,,6.31076e+07,5815.47,1.13122e+08,17988.8,1.04139e+08,3.35544e+07,47.7353,365524,3.66852e+09,22.5069,0,2.522e-05,4.35617e+08,0,3.35544e+07,9.73095e+08
"PeterBloom_Nonpart_AVX512_7/MTCount/100/48/1/10000000/100000000/10/iterations:5/manual_time",5,9.14058,2.75689,ms,,,,,,2.54804e+07,2210.49,1.07438e+08,20044.6,1.01792e+08,1.67772e+07,13.4218,125305,1.20425e+09,9.14058,0,0.00440205,4.1325e+08,0,1.67772e+07,3.29194e+08
"PeterBloom_Nonpart_AVX512_7/MTCount/114/48/1/10000000/100000000/10/iterations:5/manual_time",5,9.15555,2.79006,ms,,,,,,2.5586e+07,2872.59,1.07409e+08,19604.3,1.01431e+08,1.67772e+07,13.4218,123281,1.20314e+09,9.15555,0,0.00440205,4.14065e+08,0,1.67772e+07,3.28646e+08
"PeterBloom_Nonpart_AVX512_7/MTCount/128/48/1/10000000/100000000/10/iterations:5/manual_time",5,9.01885,2.81502,ms,,,,,,2.55787e+07,4072.87,1.08814e+08,20650.8,9.85003e+07,1.67772e+07,13.4218,114944,1.20372e+09,9.01885,0,0.00440205,4.26666e+08,0,1.67772e+07,3.28774e+08
"PeterBloom_Nonpart_AVX512_7/MTCount/142/48/1/10000000/100000000/10/iterations:5/manual_time",5,9.00155,2.80621,ms,,,,,,2.56208e+07,3268.51,1.07443e+08,20486.8,1.00092e+08,1.67772e+07,13.4218,132019,1.20263e+09,9.00155,0,0.00440205,4.20976e+08,0,1.67772e+07,3.28794e+08
"PeterBloom_Nonpart_AVX512_7/MTCount/157/48/1/10000000/100000000/10/iterations:5/manual_time",5,9.14818,2.74556,ms,,,,,,2.54737e+07,3023.09,1.08214e+08,20039.7,9.93379e+07,1.67772e+07,13.4218,112476,1.2023e+09,9.14818,0,0.00440205,4.23804e+08,0,1.67772e+07,3.28874e+08
"PeterBloom_Nonpart_AVX512_7/MTCount/171/48/1/10000000/100000000/10/iterations:5/manual_time",5,9.18045,3.12506,ms,,,,,,2.55315e+07,3403.02,1.07784e+08,19541.7,1.01183e+08,1.67772e+07,13.4218,148841,1.21147e+09,9.18045,0,0.00440205,4.14512e+08,0,1.67772e+07,3.30148e+08
"PeterBloom_Nonpart_AVX512_7/MTCount/185/48/1/10000000/100000000/10/iterations:5/manual_time",5,9.34044,3.24649,ms,,,,,,2.54241e+07,4947.56,1.10383e+08,18865.6,9.76392e+07,1.67772e+07,13.4218,152331,1.20768e+09,9.34044,0,0.00440205,4.3051e+08,0,1.67772e+07,3.29487e+08
"PeterBloom_Nonpart_AVX512_7/MTCount/200/48/1/10000000/100000000/10/iterations:5/manual_time",5,22.8195,3.28429,ms,,,,,,6.30262e+07,5434.48,1.13144e+08,18074.8,1.04083e+08,3.35544e+07,26.8435,355630,3.67161e+09,22.8195,0,0.00025297,4.34355e+08,0,3.35544e+07,9.7389e+08
"PeterBloom_Nonpart_AVX512_7/MTCount/214/48/1/10000000/100000000/10/iterations:5/manual_time",5,22.8516,3.2863,ms,,,,,,6.29524e+07,5173.65,1.13084e+08,18659.3,1.04066e+08,3.35544e+07,26.8435,349165,3.66992e+09,22.8516,0,0.00025297,4.33834e+08,0,3.35544e+07,9.73306e+08
"PeterBloom_Nonpart_AVX512_7/MTCount/228/48/1/10000000/100000000/10/iterations:5/manual_time",5,22.9679,3.10077,ms,,,,,,6.2976e+07,5268.97,1.13055e+08,17719.8,1.04074e+08,3.35544e+07,26.8435,361483,3.66977e+09,22.9679,0,0.00025297,4.33129e+08,0,3.35544e+07,9.73303e+08
"PeterBloom_Nonpart_AVX512_7/MTCount/242/48/1/10000000/100000000/10/iterations:5/manual_time",5,23.1063,3.08117,ms,,,,,,6.2952e+07,4930.22,1.12896e+08,18521,1.04311e+08,3.35544e+07,26.8435,327965,3.67018e+09,23.1063,0,0.00025297,4.3475e+08,0,3.35544e+07,9.73683e+08
"PeterBloom_Nonpart_AVX512_7/MTCount/257/48/1/10000000/100000000/10/iterations:5/manual_time",5,22.6551,3.07051,ms,,,,,,6.30965e+07,5212.98,1.13063e+08,17799,1.04224e+08,3.35544e+07,26.8435,356909,3.66889e+09,22.6551,0,0.00025297,4.34268e+08,0,3.35544e+07,9.73396e+08
"PeterBloom_Nonpart_AVX512_7/MTCount/271/48/1/10000000/100000000/10/iterations:5/manual_time",5,22.7633,3.012,ms,,,,,,6.31329e+07,5718.82,1.13028e+08,18162.7,1.04251e+08,3.35544e+07,26.8435,347156,3.66818e+09,22.7633,0,0.00025297,4.36025e+08,0,3.35544e+07,9.73265e+08
"PeterBloom_Nonpart_AVX512_7/MTCount/285/48/1/10000000/100000000/10/iterations:5/manual_time",5,22.4766,3.11272,ms,,,,,,6.3085e+07,5604.93,1.13032e+08,18645.6,1.04126e+08,3.35544e+07,26.8435,348886,3.67034e+09,22.4766,0,0.00025297,4.35375e+08,0,3.35544e+07,9.73598e+08
"PeterBloom_Nonpart_AVX512_7/MTCount/300/48/1/10000000/100000000/10/iterations:5/manual_time",5,22.4304,3.07205,ms,,,,,,6.304e+07,5572.61,1.13085e+08,18061.7,1.04021e+08,3.35544e+07,26.8435,375154,3.67021e+09,22.4304,0,0.00025297,4.34425e+08,0,3.35544e+07,9.73408e+08
"PeterBloom_Nonpart_AVX512_7/MTCount/314/48/1/10000000/100000000/10/iterations:5/manual_time",5,22.481,3.09768,ms,,,,,,6.3119e+07,5521.97,1.12947e+08,18493.3,1.0438e+08,3.35544e+07,26.8435,343745,3.67358e+09,22.481,0,0.00025297,4.35242e+08,0,3.35544e+07,9.74741e+08
"PeterBloom_Nonpart_AVX512_7/MTCount/328/48/1/10000000/100000000/10/iterations:5/manual_time",5,22.7289,3.02495,ms,,,,,,6.30182e+07,5410.19,1.13075e+08,18411.4,1.04029e+08,3.35544e+07,26.8435,345575,3.66781e+09,22.7289,0,0.00025297,4.34356e+08,0,3.35544e+07,9.72775e+08
"PeterBloom_Nonpart_AVX512_7/MTCount/342/48/1/10000000/100000000/10/iterations:5/manual_time",5,22.4053,3.08252,ms,,,,,,6.3038e+07,5634.07,1.13144e+08,18534.6,1.03972e+08,3.35544e+07,26.8435,366234,3.67061e+09,22.4053,0,0.00025297,4.34737e+08,0,3.35544e+07,9.73383e+08
"PeterBloom_Nonpart_AVX512_7/MTCount/357/48/1/10000000/100000000/10/iterations:5/manual_time",5,22.4547,3.09844,ms,,,,,,6.30755e+07,5495.84,1.13054e+08,17865.8,1.04278e+08,3.35544e+07,26.8435,351135,3.67616e+09,22.4547,0,0.00025297,4.34853e+08,0,3.35544e+07,9.7531e+08
"PeterBloom_Nonpart_AVX512_7/MTCount/371/48/1/10000000/100000000/10/iterations:5/manual_time",5,22.4107,3.08526,ms,,,,,,6.30708e+07,5727.48,1.13078e+08,18530.7,1.04182e+08,3.35544e+07,26.8435,352551,3.67396e+09,22.4107,0,0.00025297,4.34537e+08,0,3.35544e+07,9.74503e+08
"PeterBloom_Nonpart_AVX512_7/MTCount/100/48/1/17782794/100000000/10/iterations:5/manual_time",5,9.07496,2.72619,ms,,,,,,2.54659e+07,2784.58,1.07373e+08,20389.9,1.01441e+08,1.67772e+07,7.54762,126117,1.20301e+09,9.07496,0,0.0400874,4.14657e+08,0,1.67772e+07,3.29052e+08
"PeterBloom_Nonpart_AVX512_7/MTCount/114/48/1/17782794/100000000/10/iterations:5/manual_time",5,23.2157,3.01554,ms,,,,,,6.30862e+07,5580.73,1.12995e+08,17660.4,1.04226e+08,3.35544e+07,15.0952,353372,3.6746e+09,23.2157,0,0.00271642,4.34911e+08,0,3.35544e+07,9.74962e+08
"PeterBloom_Nonpart_AVX512_7/MTCount/128/48/1/17782794/100000000/10/iterations:5/manual_time",5,22.3143,3.01775,ms,,,,,,6.30406e+07,5580.66,1.13094e+08,18731.6,1.03967e+08,3.35544e+07,15.0952,366703,3.67177e+09,22.3143,0,0.00271642,4.34131e+08,0,3.35544e+07,9.73846e+08
"PeterBloom_Nonpart_AVX512_7/MTCount/142/48/1/17782794/100000000/10/iterations:5/manual_time",5,22.583,3.01949,ms,,,,,,6.30176e+07,5673.21,1.13093e+08,18003.8,1.04142e+08,3.35544e+07,15.0952,349496,3.66939e+09,22.583,0,0.00271642,4.34061e+08,0,3.35544e+07,9.73325e+08
"PeterBloom_Nonpart_AVX512_7/MTCount/157/48/1/17782794/100000000/10/iterations:5/manual_time",5,22.9164,3.03997,ms,,,,,,6.31591e+07,5828.49,1.1309e+08,17554.6,1.04205e+08,3.35544e+07,15.0952,352360,3.66957e+09,22.9164,0,0.00271642,4.34592e+08,0,3.35544e+07,9.73556e+08
"PeterBloom_Nonpart_AVX512_7/MTCount/171/48/1/17782794/100000000/10/iterations:5/manual_time",5,22.4133,3.03895,ms,,,,,,6.3023e+07,5432.59,1.13018e+08,18506.3,1.04051e+08,3.35544e+07,15.0952,346907,3.67468e+09,22.4133,0,0.00271642,4.34376e+08,0,3.35544e+07,9.74634e+08
"PeterBloom_Nonpart_AVX512_7/MTCount/185/48/1/17782794/100000000/10/iterations:5/manual_time",5,22.7071,3.05286,ms,,,,,,6.29957e+07,5401.64,1.12978e+08,17736.6,1.04138e+08,3.35544e+07,15.0952,335901,3.67118e+09,22.7071,0,0.00271642,4.34741e+08,0,3.35544e+07,9.73708e+08
"PeterBloom_Nonpart_AVX512_7/MTCount/200/48/1/17782794/100000000/10/iterations:5/manual_time",5,23.0745,2.95184,ms,,,,,,6.30766e+07,5698.14,1.13038e+08,18053.7,1.0408e+08,3.35544e+07,15.0952,343456,3.67539e+09,23.0745,0,0.00271642,4.33626e+08,0,3.35544e+07,9.74799e+08
"PeterBloom_Nonpart_AVX512_7/MTCount/214/48/1/17782794/100000000/10/iterations:5/manual_time",5,22.4063,3.10508,ms,,,,,,6.30266e+07,5488.99,1.1306e+08,17417.6,1.04076e+08,3.35544e+07,15.0952,357284,3.67209e+09,22.4063,0,0.00271642,4.33765e+08,0,3.35544e+07,9.73997e+08
"PeterBloom_Nonpart_AVX512_7/MTCount/228/48/1/17782794/100000000/10/iterations:5/manual_time",5,30.8865,3.16288,ms,,,,,,8.17563e+07,4301.29,1.13413e+08,20443.3,1.08717e+08,6.71089e+07,30.1905,419674,5.14115e+09,30.8865,0,0.00015616,4.38286e+08,0,6.71089e+07,1.36319e+09
"PeterBloom_Nonpart_AVX512_7/MTCount/242/48/1/17782794/100000000/10/iterations:5/manual_time",5,31.3691,3.22515,ms,,,,,,8.1829e+07,5693.92,1.13594e+08,21402.7,1.08564e+08,6.71089e+07,30.1905,428740,5.23163e+09,31.3691,0,0.00015616,4.35162e+08,0,6.71089e+07,1.38659e+09
"PeterBloom_Nonpart_AVX512_7/MTCount/257/48/1/17782794/100000000/10/iterations:5/manual_time",5,30.9411,3.24483,ms,,,,,,8.1818e+07,4967.86,1.13463e+08,20549,1.08671e+08,6.71089e+07,30.1905,428225,5.14511e+09,30.9411,0,0.00015616,4.36658e+08,0,6.71089e+07,1.36404e+09
"PeterBloom_Nonpart_AVX512_7/MTCount/271/48/1/17782794/100000000/10/iterations:5/manual_time",5,31.6318,3.27774,ms,,,,,,8.18631e+07,5821.09,1.13599e+08,21086.5,1.0863e+08,6.71089e+07,30.1905,448012,5.22812e+09,31.6318,0,0.00015616,4.36583e+08,0,6.71089e+07,1.38573e+09
"PeterBloom_Nonpart_AVX512_7/MTCount/285/48/1/17782794/100000000/10/iterations:5/manual_time",5,31.0834,3.09238,ms,,,,,,8.17585e+07,4435.08,1.13402e+08,20796.7,1.08656e+08,6.71089e+07,30.1905,414852,5.14399e+09,31.0834,0,0.00015616,4.37646e+08,0,6.71089e+07,1.36385e+09
"PeterBloom_Nonpart_AVX512_7/MTCount/300/48/1/17782794/100000000/10/iterations:5/manual_time",5,31.4842,3.17357,ms,,,,,,8.18582e+07,6392.35,1.13386e+08,21101.7,1.08746e+08,6.71089e+07,30.1905,408535,5.22143e+09,31.4842,0,0.00015616,4.37622e+08,0,6.71089e+07,1.38394e+09
"PeterBloom_Nonpart_AVX512_7/MTCount/314/48/1/17782794/100000000/10/iterations:5/manual_time",5,30.7174,2.99647,ms,,,,,,8.17998e+07,4655.67,1.13468e+08,20047.7,1.08621e+08,6.71089e+07,30.1905,441717,5.13874e+09,30.7174,0,0.00015616,4.38295e+08,0,6.71089e+07,1.36247e+09
"PeterBloom_Nonpart_AVX512_7/MTCount/328/48/1/17782794/100000000/10/iterations:5/manual_time",5,31.338,3.05892,ms,,,,,,8.18407e+07,5829.27,1.13587e+08,21547.4,1.08551e+08,6.71089e+07,30.1905,434382,5.23375e+09,31.338,0,0.00015616,4.36471e+08,0,6.71089e+07,1.38739e+09
"PeterBloom_Nonpart_AVX512_7/MTCount/342/48/1/17782794/100000000/10/iterations:5/manual_time",5,31.0871,3.22443,ms,,,,,,8.17814e+07,4503.25,1.13405e+08,20056.2,1.08653e+08,6.71089e+07,30.1905,425496,5.13383e+09,31.0871,0,0.00015616,4.35807e+08,0,6.71089e+07,1.36093e+09
"PeterBloom_Nonpart_AVX512_7/MTCount/357/48/1/17782794/100000000/10/iterations:5/manual_time",5,31.042,2.90976,ms,,,,,,8.18201e+07,5136.78,1.13583e+08,21120.5,1.08521e+08,6.71089e+07,30.1905,420499,5.23387e+09,31.042,0,0.00015616,4.3875e+08,0,6.71089e+07,1.38778e+09
"PeterBloom_Nonpart_AVX512_7/MTCount/371/48/1/17782794/100000000/10/iterations:5/manual_time",5,30.6915,2.99594,ms,,,,,,8.17864e+07,4813.67,1.13479e+08,20763.3,1.08632e+08,6.71089e+07,30.1905,423558,5.13628e+09,30.6915,0,0.00015616,4.37271e+08,0,6.71089e+07,1.36175e+09
"PeterBloom_Nonpart_AVX512_7/MTCount/100/48/1/31622777/100000000/10/iterations:5/manual_time",5,23.1199,3.30369,ms,,,,,,6.30397e+07,5308.84,1.13119e+08,18080.9,1.0407e+08,3.35544e+07,8.48867,379398,3.67117e+09,23.1199,0,0.0262134,4.3388e+08,0,3.35544e+07,9.73703e+08
"PeterBloom_Nonpart_AVX512_7/MTCount/114/48/1/31622777/100000000/10/iterations:5/manual_time",5,22.8745,3.28271,ms,,,,,,6.29832e+07,5080.33,1.13103e+08,17787.9,1.04071e+08,3.35544e+07,8.48867,366571,3.67492e+09,22.8745,0,0.0262134,4.33679e+08,0,3.35544e+07,9.74767e+08
"PeterBloom_Nonpart_AVX512_7/MTCount/128/48/1/31622777/100000000/10/iterations:5/manual_time",5,31.7794,3.22427,ms,,,,,,8.18836e+07,5801.38,1.13458e+08,20388.8,1.08653e+08,6.71089e+07,16.9773,432107,5.22089e+09,31.7794,0,0.0016804,4.35754e+08,0,6.71089e+07,1.38407e+09
"PeterBloom_Nonpart_AVX512_7/MTCount/142/48/1/31622777/100000000/10/iterations:5/manual_time",5,31.4344,3.05462,ms,,,,,,8.18353e+07,4999.11,1.13553e+08,21220.9,1.0855e+08,6.71089e+07,16.9773,439569,5.22215e+09,31.4344,0,0.0016804,4.37577e+08,0,6.71089e+07,1.38453e+09
"PeterBloom_Nonpart_AVX512_7/MTCount/157/48/1/31622777/100000000/10/iterations:5/manual_time",5,31.5475,3.11203,ms,,,,,,8.18457e+07,6063.68,1.13482e+08,21218.9,1.08559e+08,6.71089e+07,16.9773,420733,5.22266e+09,31.5475,0,0.0016804,4.34259e+08,0,6.71089e+07,1.38421e+09
"PeterBloom_Nonpart_AVX512_7/MTCount/171/48/1/31622777/100000000/10/iterations:5/manual_time",5,31.201,3.20885,ms,,,,,,8.17959e+07,5011.26,1.13343e+08,21073.4,1.08684e+08,6.71089e+07,16.9773,417188,5.13342e+09,31.201,0,0.0016804,4.35783e+08,0,6.71089e+07,1.36079e+09
"PeterBloom_Nonpart_AVX512_7/MTCount/185/48/1/31622777/100000000/10/iterations:5/manual_time",5,31.6306,3.11752,ms,,,,,,8.17822e+07,5521.69,1.13522e+08,20688.8,1.085e+08,6.71089e+07,16.9773,412202,5.23409e+09,31.6306,0,0.0016804,4.38521e+08,0,6.71089e+07,1.38762e+09
"PeterBloom_Nonpart_AVX512_7/MTCount/200/48/1/31622777/100000000/10/iterations:5/manual_time",5,31.6446,3.11882,ms,,,,,,8.17601e+07,5209.07,1.13535e+08,21598,1.08518e+08,6.71089e+07,16.9773,408538,5.22123e+09,31.6446,0,0.0016804,4.3733e+08,0,6.71089e+07,1.38403e+09
"PeterBloom_Nonpart_AVX512_7/MTCount/214/48/1/31622777/100000000/10/iterations:5/manual_time",5,31.5693,3.00753,ms,,,,,,8.18549e+07,5744.48,1.1357e+08,21203.8,1.08604e+08,6.71089e+07,16.9773,414283,5.23127e+09,31.5693,0,0.0016804,4.38042e+08,0,6.71089e+07,1.38676e+09
"PeterBloom_Nonpart_AVX512_7/MTCount/228/48/1/31622777/100000000/10/iterations:5/manual_time",5,31.1689,3.05259,ms,,,,,,8.18534e+07,5925.93,1.13552e+08,21361.1,1.08615e+08,6.71089e+07,16.9773,420593,5.23243e+09,31.1689,0,0.0016804,4.36364e+08,0,6.71089e+07,1.38697e+09
"PeterBloom_Nonpart_AVX512_7/MTCount/242/48/1/31622777/100000000/10/iterations:5/manual_time",5,31.2653,3.16033,ms,,,,,,8.18734e+07,5871,1.13452e+08,20969.8,1.0869e+08,6.71089e+07,16.9773,419577,5.22912e+09,31.2653,0,0.0016804,4.36558e+08,0,6.71089e+07,1.3862e+09
"PeterBloom_Nonpart_AVX512_7/MTCount/257/48/1/31622777/100000000/10/iterations:5/manual_time",5,36.4237,3.22626,ms,,,,,,9.11112e+07,6302.05,1.13586e+08,24045.3,1.21705e+08,1.34218e+08,33.9547,433320,6.13237e+09,36.4237,0,9.738e-05,4.38638e+08,0,1.34218e+08,1.62471e+09
"PeterBloom_Nonpart_AVX512_7/MTCount/271/48/1/31622777/100000000/10/iterations:5/manual_time",5,36.3361,3.10518,ms,,,,,,9.11086e+07,4977.53,1.13485e+08,24197.1,1.2165e+08,1.34218e+08,33.9547,402855,6.13858e+09,36.3361,0,9.738e-05,4.39256e+08,0,1.34218e+08,1.62653e+09
"PeterBloom_Nonpart_AVX512_7/MTCount/285/48/1/31622777/100000000/10/iterations:5/manual_time",5,35.7116,3.10257,ms,,,,,,9.09733e+07,4818.03,1.1356e+08,24151.6,1.21742e+08,1.34218e+08,33.9547,405567,6.01936e+09,35.7116,0,9.738e-05,4.39546e+08,0,1.34218e+08,1.59494e+09
"PeterBloom_Nonpart_AVX512_7/MTCount/300/48/1/31622777/100000000/10/iterations:5/manual_time",5,35.8141,3.21006,ms,,,,,,9.09792e+07,4069.77,1.13585e+08,24017.9,1.21695e+08,1.34218e+08,33.9547,421445,6.03567e+09,35.8141,0,9.738e-05,4.39151e+08,0,1.34218e+08,1.59944e+09
"PeterBloom_Nonpart_AVX512_7/MTCount/314/48/1/31622777/100000000/10/iterations:5/manual_time",5,35.7706,3.16001,ms,,,,,,9.09633e+07,4237.01,1.13554e+08,24655.6,1.21768e+08,1.34218e+08,33.9547,409111,6.03936e+09,35.7706,0,9.738e-05,4.39846e+08,0,1.34218e+08,1.60044e+09
"PeterBloom_Nonpart_AVX512_7/MTCount/328/48/1/31622777/100000000/10/iterations:5/manual_time",5,35.9768,2.90326,ms,,,,,,9.09327e+07,2269.2,1.13526e+08,25406.3,1.21795e+08,1.34218e+08,33.9547,415086,6.0318e+09,35.9768,0,9.738e-05,4.42082e+08,0,1.34218e+08,1.59876e+09
"PeterBloom_Nonpart_AVX512_7/MTCount/342/48/1/31622777/100000000/10/iterations:5/manual_time",5,35.4653,2.97534,ms,,,,,,9.09383e+07,4702.36,1.13562e+08,25767.4,1.21833e+08,1.34218e+08,33.9547,409777,6.02783e+09,35.4653,0,9.738e-05,4.39542e+08,0,1.34218e+08,1.5971e+09
"PeterBloom_Nonpart_AVX512_7/MTCount/357/48/1/31622777/100000000/10/iterations:5/manual_time",5,36.2729,3.24829,ms,,,,,,9.09498e+07,4142.22,1.13581e+08,23380.1,1.2169e+08,1.34218e+08,33.9547,419403,6.03075e+09,36.2729,0,9.738e-05,4.3862e+08,0,1.34218e+08,1.59816e+09
"PeterBloom_Nonpart_AVX512_7/MTCount/371/48/1/31622777/100000000/10/iterations:5/manual_time",5,35.9867,3.26373,ms,,,,,,9.09288e+07,4534.37,1.13552e+08,24771.1,1.21726e+08,1.34218e+08,33.9547,405507,6.01966e+09,35.9867,0,9.738e-05,4.38963e+08,0,1.34218e+08,1.59506e+09
"PeterBloom_Nonpart_AVX512_7/MTCount/100/48/1/56234133/100000000/10/iterations:5/manual_time",5,31.0106,3.3038,ms,,,,,,8.17614e+07,5446.23,1.13477e+08,21276.5,1.08653e+08,6.71089e+07,9.54706,440611,5.15027e+09,31.0106,0,0.0168652,4.3638e+08,0,6.71089e+07,1.36511e+09
"PeterBloom_Nonpart_AVX512_7/MTCount/114/48/1/56234133/100000000/10/iterations:5/manual_time",5,31.0928,3.21049,ms,,,,,,8.17929e+07,4819.53,1.13357e+08,21066.6,1.08653e+08,6.71089e+07,9.54706,420285,5.12919e+09,31.0928,0,0.0168652,4.35947e+08,0,6.71089e+07,1.35976e+09
"PeterBloom_Nonpart_AVX512_7/MTCount/128/48/1/56234133/100000000/10/iterations:5/manual_time",5,30.8521,3.25498,ms,,,,,,8.17628e+07,4967.07,1.13486e+08,20653.8,1.08624e+08,6.71089e+07,9.54706,434884,5.14332e+09,30.8521,0,0.0168652,4.36286e+08,0,6.71089e+07,1.36341e+09
"PeterBloom_Nonpart_AVX512_7/MTCount/142/48/1/56234133/100000000/10/iterations:5/manual_time",5,35.7357,3.20374,ms,,,,,,9.09753e+07,5376.65,1.13599e+08,24600,1.21683e+08,1.34218e+08,19.0941,396693,6.0347e+09,35.7357,0,0.00103414,4.37724e+08,0,1.34218e+08,1.59892e+09
"PeterBloom_Nonpart_AVX512_7/MTCount/157/48/1/56234133/100000000/10/iterations:5/manual_time",5,36.107,3.22269,ms,,,,,,9.09819e+07,4589.66,1.13601e+08,24223.3,1.21736e+08,1.34218e+08,19.0941,410837,6.03695e+09,36.107,0,0.00103414,4.38879e+08,0,1.34218e+08,1.59961e+09
"PeterBloom_Nonpart_AVX512_7/MTCount/171/48/1/56234133/100000000/10/iterations:5/manual_time",5,36.0829,3.03726,ms,,,,,,9.10535e+07,4756.75,1.13475e+08,24759.7,1.21765e+08,1.34218e+08,19.0941,399270,6.01339e+09,36.0829,0,0.00103414,4.3815e+08,0,1.34218e+08,1.59351e+09
"PeterBloom_Nonpart_AVX512_7/MTCount/185/48/1/56234133/100000000/10/iterations:5/manual_time",5,36.3103,3.21154,ms,,,,,,9.097e+07,4415.27,1.13581e+08,24436.4,1.2166e+08,1.34218e+08,19.0941,404061,6.03064e+09,36.3103,0,0.00103414,4.3921e+08,0,1.34218e+08,1.59798e+09
"PeterBloom_Nonpart_AVX512_7/MTCount/200/48/1/56234133/100000000/10/iterations:5/manual_time",5,35.7696,3.25316,ms,,,,,,9.09576e+07,5047.3,1.1363e+08,24292.9,1.21662e+08,1.34218e+08,19.0941,415095,6.03425e+09,35.7696,0,0.00103414,4.38429e+08,0,1.34218e+08,1.59884e+09
"PeterBloom_Nonpart_AVX512_7/MTCount/214/48/1/56234133/100000000/10/iterations:5/manual_time",5,36.1101,3.24803,ms,,,,,,9.09381e+07,4629.56,1.13566e+08,25215.6,1.21689e+08,1.34218e+08,19.0941,417184,6.03054e+09,36.1101,0,0.00103414,4.3839e+08,0,1.34218e+08,1.59795e+09
"PeterBloom_Nonpart_AVX512_7/MTCount/228/48/1/56234133/100000000/10/iterations:5/manual_time",5,35.7419,3.23071,ms,,,,,,9.09424e+07,4236.76,1.13551e+08,24428.6,1.21732e+08,1.34218e+08,19.0941,400837,6.02741e+09,35.7419,0,0.00103414,4.38771e+08,0,1.34218e+08,1.5972e+09
"PeterBloom_Nonpart_AVX512_7/MTCount/242/48/1/56234133/100000000/10/iterations:5/manual_time",5,35.9539,3.24714,ms,,,,,,9.10639e+07,4513.79,1.13566e+08,25176.1,1.21679e+08,1.34218e+08,19.0941,416421,6.0207e+09,35.9539,0,0.00103414,4.39572e+08,0,1.34218e+08,1.5953e+09
"PeterBloom_Nonpart_AVX512_7/MTCount/257/48/1/56234133/100000000/10/iterations:5/manual_time",5,35.9653,3.10264,ms,,,,,,9.09621e+07,5685.32,1.1356e+08,25290.9,1.2175e+08,1.34218e+08,19.0941,386441,6.0359e+09,35.9653,0,0.00103414,4.37953e+08,0,1.34218e+08,1.59914e+09
"PeterBloom_Nonpart_AVX512_7/MTCount/271/48/1/56234133/100000000/10/iterations:5/manual_time",5,35.7181,3.09293,ms,,,,,,9.09588e+07,5104.04,1.13589e+08,24719.4,1.21734e+08,1.34218e+08,19.0941,400439,6.03511e+09,35.7181,0,0.00103414,4.39755e+08,0,1.34218e+08,1.59902e+09
"PeterBloom_Nonpart_AVX512_7/MTCount/285/48/1/56234133/100000000/10/iterations:5/manual_time",5,38.7004,3.19126,ms,,,,,,9.57999e+07,6699.06,1.1358e+08,22434.2,1.42449e+08,2.68435e+08,38.1883,491094,6.56864e+09,38.7004,0,6.067e-05,4.37699e+08,0,2.68435e+08,1.74026e+09
"PeterBloom_Nonpart_AVX512_7/MTCount/300/48/1/56234133/100000000/10/iterations:5/manual_time",5,38.7175,3.22894,ms,,,,,,9.58131e+07,6701.08,1.13583e+08,22787.9,1.42436e+08,2.68435e+08,38.1883,503247,6.56483e+09,38.7175,0,6.067e-05,4.38074e+08,0,2.68435e+08,1.73933e+09
"PeterBloom_Nonpart_AVX512_7/MTCount/314/48/1/56234133/100000000/10/iterations:5/manual_time",5,39.2341,3.20653,ms,,,,,,9.58235e+07,7102.84,1.13626e+08,22429.4,1.42422e+08,2.68435e+08,38.1883,491206,6.55666e+09,39.2341,0,6.067e-05,4.3724e+08,0,2.68435e+08,1.73693e+09
"PeterBloom_Nonpart_AVX512_7/MTCount/328/48/1/56234133/100000000/10/iterations:5/manual_time",5,38.9417,3.18304,ms,,,,,,9.5798e+07,6776.58,1.13594e+08,22008,1.42383e+08,2.68435e+08,38.1883,500663,6.56474e+09,38.9417,0,6.067e-05,4.36422e+08,0,2.68435e+08,1.73914e+09
"PeterBloom_Nonpart_AVX512_7/MTCount/342/48/1/56234133/100000000/10/iterations:5/manual_time",5,38.946,3.30791,ms,,,,,,9.58423e+07,6559.19,1.13597e+08,23171.1,1.42443e+08,2.68435e+08,38.1883,472818,6.55603e+09,38.946,0,6.067e-05,4.38372e+08,0,2.68435e+08,1.73696e+09
"PeterBloom_Nonpart_AVX512_7/MTCount/357/48/1/56234133/100000000/10/iterations:5/manual_time",5,38.0918,2.90185,ms,,,,,,9.57115e+07,7189.42,1.13684e+08,24340.7,1.4238e+08,2.68435e+08,38.1883,473149,6.51454e+09,38.0918,0,6.067e-05,4.39838e+08,0,2.68435e+08,1.72591e+09
"PeterBloom_Nonpart_AVX512_7/MTCount/371/48/1/56234133/100000000/10/iterations:5/manual_time",5,38.7623,3.22403,ms,,,,,,9.57613e+07,6356.17,1.1355e+08,22626.4,1.42473e+08,2.68435e+08,38.1883,482059,6.57354e+09,38.7623,0,6.067e-05,4.38384e+08,0,2.68435e+08,1.74166e+09
"PeterBloom_Nonpart_AVX512_7/MTCount/100/48/1/100000000/100000000/10/iterations:5/manual_time",5,36.1782,3.23582,ms,,,,,,9.09673e+07,5058.6,1.13587e+08,24984.3,1.21646e+08,1.34218e+08,10.7374,397212,6.04422e+09,36.1782,0,0.0107056,4.39855e+08,0,1.34218e+08,1.60138e+09
"PeterBloom_Nonpart_AVX512_7/MTCount/114/48/1/100000000/100000000/10/iterations:5/manual_time",5,36.248,2.86908,ms,,,,,,9.09655e+07,4074.23,1.13565e+08,24238.5,1.21705e+08,1.34218e+08,10.7374,398188,6.03498e+09,36.248,0,0.0107056,4.39878e+08,0,1.34218e+08,1.59916e+09
"PeterBloom_Nonpart_AVX512_7/MTCount/128/48/1/100000000/100000000/10/iterations:5/manual_time",5,36.5031,3.21139,ms,,,,,,9.1009e+07,4208.81,1.1355e+08,24047.2,1.21787e+08,1.34218e+08,10.7374,409090,6.00988e+09,36.5031,0,0.0107056,4.39957e+08,0,1.34218e+08,1.59246e+09
"PeterBloom_Nonpart_AVX512_7/MTCount/142/48/1/100000000/100000000/10/iterations:5/manual_time",5,35.733,3.28624,ms,,,,,,9.09873e+07,5464.57,1.13589e+08,23477.4,1.21711e+08,1.34218e+08,10.7374,426999,6.01668e+09,35.733,0,0.0107056,4.37061e+08,0,1.34218e+08,1.59411e+09
"PeterBloom_Nonpart_AVX512_7/MTCount/157/48/1/100000000/100000000/10/iterations:5/manual_time",5,38.9189,3.2483,ms,,,,,,9.57612e+07,6822.73,1.13663e+08,22586.7,1.42373e+08,2.68435e+08,21.4748,496066,6.53777e+09,38.9189,0,0.00063016,4.37246e+08,0,2.68435e+08,1.73188e+09
"PeterBloom_Nonpart_AVX512_7/MTCount/171/48/1/100000000/100000000/10/iterations:5/manual_time",5,38.3901,2.90382,ms,,,,,,9.57427e+07,7089.17,1.13749e+08,24178.5,1.42212e+08,2.68435e+08,21.4748,474789,6.48518e+09,38.3901,0,0.00063016,4.39092e+08,0,2.68435e+08,1.71816e+09
"PeterBloom_Nonpart_AVX512_7/MTCount/185/48/1/100000000/100000000/10/iterations:5/manual_time",5,38.4821,3.00046,ms,,,,,,9.57761e+07,6799.05,1.13524e+08,23132,1.42504e+08,2.68435e+08,21.4748,483964,6.58001e+09,38.4821,0,0.00063016,4.37985e+08,0,2.68435e+08,1.74324e+09
"PeterBloom_Nonpart_AVX512_7/MTCount/200/48/1/100000000/100000000/10/iterations:5/manual_time",5,38.4288,3.02363,ms,,,,,,9.57451e+07,6295.52,1.13653e+08,23656.5,1.42406e+08,2.68435e+08,21.4748,474752,6.55925e+09,38.4288,0,0.00063016,4.39881e+08,0,2.68435e+08,1.73797e+09
"PeterBloom_Nonpart_AVX512_7/MTCount/214/48/1/100000000/100000000/10/iterations:5/manual_time",5,38.4639,3.02819,ms,,,,,,9.57908e+07,6697.49,1.13607e+08,22517.5,1.42364e+08,2.68435e+08,21.4748,482874,6.55212e+09,38.4639,0,0.00063016,4.38085e+08,0,2.68435e+08,1.73598e+09
"PeterBloom_Nonpart_AVX512_7/MTCount/228/48/1/100000000/100000000/10/iterations:5/manual_time",5,38.9349,3.21699,ms,,,,,,9.57905e+07,6688.5,1.13584e+08,22619.4,1.42397e+08,2.68435e+08,21.4748,482336,6.55547e+09,38.9349,0,0.00063016,4.3759e+08,0,2.68435e+08,1.73674e+09
"PeterBloom_Nonpart_AVX512_7/MTCount/242/48/1/100000000/100000000/10/iterations:5/manual_time",5,38.5959,3.07483,ms,,,,,,9.57993e+07,6651.73,1.13578e+08,22332.1,1.42397e+08,2.68435e+08,21.4748,487528,6.56613e+09,38.5959,0,0.00063016,4.38122e+08,0,2.68435e+08,1.73957e+09
"PeterBloom_Nonpart_AVX512_7/MTCount/257/48/1/100000000/100000000/10/iterations:5/manual_time",5,38.6829,3.0996,ms,,,,,,9.56845e+07,6202.72,1.13776e+08,23626.4,1.42337e+08,2.68435e+08,21.4748,486641,6.51513e+09,38.6829,0,0.00063016,4.39016e+08,0,2.68435e+08,1.72615e+09
"PeterBloom_Nonpart_AVX512_7/MTCount/271/48/1/100000000/100000000/10/iterations:5/manual_time",5,38.4128,3.26644,ms,,,,,,9.57216e+07,6734.58,1.13739e+08,22747.9,1.42348e+08,2.68435e+08,21.4748,498742,6.50532e+09,38.4128,0,0.00063016,4.36668e+08,0,2.68435e+08,1.7233e+09
"PeterBloom_Nonpart_AVX512_7/MTCount/285/48/1/100000000/100000000/10/iterations:5/manual_time",5,39.5121,3.25283,ms,,,,,,9.57757e+07,6364.62,1.13712e+08,23678.3,1.42454e+08,2.68435e+08,21.4748,457796,6.5336e+09,39.5121,0,0.00063016,4.4126e+08,0,2.68435e+08,1.73105e+09
"PeterBloom_Nonpart_AVX512_7/MTCount/300/48/1/100000000/100000000/10/iterations:5/manual_time",5,38.7479,3.23398,ms,,,,,,9.57374e+07,6747.58,1.13691e+08,23227.1,1.42448e+08,2.68435e+08,21.4748,476851,6.51915e+09,38.7479,0,0.00063016,4.39814e+08,0,2.68435e+08,1.72707e+09
"PeterBloom_Nonpart_AVX512_7/MTCount/314/48/1/100000000/100000000/10/iterations:5/manual_time",5,38.9472,3.2772,ms,,,,,,9.57985e+07,6614.64,1.13582e+08,22957,1.42434e+08,2.68435e+08,21.4748,488978,6.55778e+09,38.9472,0,0.00063016,4.37564e+08,0,2.68435e+08,1.73737e+09
"PeterBloom_Nonpart_AVX512_7/MTCount/328/48/1/100000000/100000000/10/iterations:5/manual_time",5,39.1277,3.24967,ms,,,,,,9.58158e+07,6657.97,1.13586e+08,22676.3,1.42427e+08,2.68435e+08,21.4748,503230,6.56082e+09,39.1277,0,0.00063016,4.37344e+08,0,2.68435e+08,1.73816e+09
"PeterBloom_Nonpart_AVX512_7/MTCount/342/48/1/100000000/100000000/10/iterations:5/manual_time",5,38.7229,3.17961,ms,,,,,,9.58216e+07,6764.82,1.13652e+08,22391.2,1.42417e+08,2.68435e+08,21.4748,481632,6.54139e+09,38.7229,0,0.00063016,4.37469e+08,0,2.68435e+08,1.73288e+09
"PeterBloom_Nonpart_AVX512_7/MTCount/357/48/1/100000000/100000000/10/iterations:5/manual_time",5,39.137,3.20944,ms,,,,,,9.58213e+07,6974.8,1.13683e+08,21897.6,1.42348e+08,2.68435e+08,21.4748,510276,6.54429e+09,39.137,0,0.00063016,4.36169e+08,0,2.68435e+08,1.73372e+09
"PeterBloom_Nonpart_AVX512_7/MTCount/371/48/1/100000000/100000000/10/iterations:5/manual_time",5,38.7998,3.22426,ms,,,,,,9.5842e+07,6885.42,1.13653e+08,22322.7,1.42395e+08,2.68435e+08,21.4748,493062,6.54881e+09,38.7998,0,0.00063016,4.37575e+08,0,2.68435e+08,1.73493e+09
