name,iterations,real_time,cpu_time,time_unit,bytes_per_second,items_per_second,label,error_occurred,error_message,"DTLB-misses","ITLB-misses","L1D-misses","L1I-misses","LLC-misses","avg_size","bits","branch-misses","cycles","duration","failures","fpr","instructions","retries","size","task-clock"
"UmbraBloom_Nonpart_Scalar_4/MTCount/100/48/1/10000/100000000/10/iterations:5/manual_time",5,4.63807,4.08593,ms,,,,,,208494,4669.51,1.35513e+07,10307.4,550599,8192,6.5536,280545,3.97583e+08,4.63807,0,0.0875806,1.23399e+09,0,8192,1.11778e+08
"UmbraBloom_Nonpart_Scalar_4/MTCount/125/48/1/10000/100000000/10/iterations:5/manual_time",5,4.82991,4.38555,ms,,,,,,205600,4640.91,1.36531e+07,9016.56,536491,8192,6.5536,258584,3.88061e+08,4.82991,0,0.0875806,1.18851e+09,0,8192,1.06164e+08
"UmbraBloom_Nonpart_Scalar_4/MTCount/150/48/1/10000/100000000/10/iterations:5/manual_time",5,4.22204,3.50575,ms,,,,,,207702,4672.94,1.35254e+07,10215,506212,8192,6.5536,243999,3.87036e+08,4.22204,0,0.0875806,1.24012e+09,0,8192,1.11322e+08
"UmbraBloom_Nonpart_Scalar_4/MTCount/175/48/1/10000/100000000/10/iterations:5/manual_time",5,4.14817,2.9561,ms,,,,,,207573,4596.56,1.72713e+07,10706.3,406311,16384,13.1072,172683,4.16842e+08,4.14817,0,0.0212633,1.23915e+09,0,16384,1.15204e+08
"UmbraBloom_Nonpart_Scalar_4/MTCount/200/48/1/10000/100000000/10/iterations:5/manual_time",5,4.16403,2.57946,ms,,,,,,207884,4596.1,1.69103e+07,11156.3,379774,16384,13.1072,151463,4.08528e+08,4.16403,0,0.0212633,1.23031e+09,0,16384,1.17058e+08
"UmbraBloom_Nonpart_Scalar_4/MTCount/225/48/1/10000/100000000/10/iterations:5/manual_time",5,4.17771,3.03577,ms,,,,,,206523,4337.47,1.72673e+07,10375.3,417625,16384,13.1072,171394,4.07784e+08,4.17771,0,0.0212633,1.27493e+09,0,16384,1.13551e+08
"UmbraBloom_Nonpart_Scalar_4/MTCount/250/48/1/10000/100000000/10/iterations:5/manual_time",5,4.13005,3.0526,ms,,,,,,205676,4355.31,1.7127e+07,11024.1,391595,16384,13.1072,135938,4.13677e+08,4.13005,0,0.0212633,1.2244e+09,0,16384,1.14375e+08
"UmbraBloom_Nonpart_Scalar_4/MTCount/275/48/1/10000/100000000/10/iterations:5/manual_time",5,4.15502,3.09656,ms,,,,,,207554,4618.43,1.70247e+07,10822.1,391678,16384,13.1072,146842,4.19953e+08,4.15502,0,0.0212633,1.17512e+09,0,16384,1.16303e+08
"UmbraBloom_Nonpart_Scalar_4/MTCount/300/48/1/10000/100000000/10/iterations:5/manual_time",5,4.11029,3.10841,ms,,,,,,207983,4546.29,1.74495e+07,10660.1,425367,16384,13.1072,171174,4.10445e+08,4.11029,0,0.0212633,1.20956e+09,0,16384,1.15254e+08
"UmbraBloom_Nonpart_Scalar_4/MTCount/325/48/1/10000/100000000/10/iterations:5/manual_time",5,4.26266,2.82433,ms,,,,,,208031,4181.82,1.74852e+07,10871.6,408678,16384,13.1072,199739,4.00898e+08,4.26266,0,0.0212633,1.21511e+09,0,16384,1.15709e+08
"UmbraBloom_Nonpart_Scalar_4/MTCount/350/48/1/10000/100000000/10/iterations:5/manual_time",5,4.76379,3.19841,ms,,,,,,208167,4518.13,4.96496e+07,9991.33,1.05261e+06,32768,26.2144,157251,4.92104e+08,4.76379,0,0.0048445,1.19157e+09,0,32768,1.36233e+08
"UmbraBloom_Nonpart_Scalar_4/MTCount/375/48/1/10000/100000000/10/iterations:5/manual_time",5,4.74479,3.22094,ms,,,,,,207434,4445.45,4.92291e+07,9474.6,1.04438e+06,32768,26.2144,137365,4.94954e+08,4.74479,0,0.0048445,1.21668e+09,0,32768,1.34561e+08
"UmbraBloom_Nonpart_Scalar_4/MTCount/400/48/1/10000/100000000/10/iterations:5/manual_time",5,4.91838,3.21103,ms,,,,,,207505,4152.19,4.96246e+07,10316.8,1.05843e+06,32768,26.2144,146609,4.89072e+08,4.91838,0,0.0048445,1.22217e+09,0,32768,1.34086e+08
"UmbraBloom_Nonpart_Scalar_4/MTCount/425/48/1/10000/100000000/10/iterations:5/manual_time",5,4.7322,3.20833,ms,,,,,,208263,4369.48,4.95784e+07,9587.98,1.05393e+06,32768,26.2144,148922,4.88656e+08,4.7322,0,0.0048445,1.19474e+09,0,32768,1.35193e+08
"UmbraBloom_Nonpart_Scalar_4/MTCount/450/48/1/10000/100000000/10/iterations:5/manual_time",5,4.69041,2.99753,ms,,,,,,207407,4334.8,4.98095e+07,11655.7,1.04152e+06,32768,26.2144,181632,4.80759e+08,4.69041,0,0.0048445,1.1707e+09,0,32768,1.34866e+08
"UmbraBloom_Nonpart_Scalar_4/MTCount/475/48/1/10000/100000000/10/iterations:5/manual_time",5,4.80328,3.23988,ms,,,,,,207930,4350.49,4.96061e+07,9792.8,1.05168e+06,32768,26.2144,133592,4.90311e+08,4.80328,0,0.0048445,1.19669e+09,0,32768,1.35286e+08
"UmbraBloom_Nonpart_Scalar_4/MTCount/500/48/1/10000/100000000/10/iterations:5/manual_time",5,4.90433,3.24896,ms,,,,,,207004,4441.72,4.95046e+07,9894.3,1.04739e+06,32768,26.2144,128698,4.94779e+08,4.90433,0,0.0048445,1.2194e+09,0,32768,1.34027e+08
"UmbraBloom_Nonpart_Scalar_4/MTCount/525/48/1/10000/100000000/10/iterations:5/manual_time",5,4.73762,3.23349,ms,,,,,,207538,4259.97,4.90796e+07,10379.6,1.02926e+06,32768,26.2144,148338,4.89347e+08,4.73762,0,0.0048445,1.19224e+09,0,32768,1.34886e+08
"UmbraBloom_Nonpart_Scalar_4/MTCount/550/48/1/10000/100000000/10/iterations:5/manual_time",5,4.75193,3.24032,ms,,,,,,206543,4369.92,4.99232e+07,10791.2,1.05343e+06,32768,26.2144,145427,4.89762e+08,4.75193,0,0.0048445,1.2161e+09,0,32768,1.35092e+08
"UmbraBloom_Nonpart_Scalar_4/MTCount/575/48/1/10000/100000000/10/iterations:5/manual_time",5,4.97082,3.27928,ms,,,,,,207402,4027.5,4.95553e+07,10190.1,1.05705e+06,32768,26.2144,137552,4.83588e+08,4.97082,0,0.0048445,1.22045e+09,0,32768,1.33904e+08
"UmbraBloom_Nonpart_Scalar_4/MTCount/600/48/1/10000/100000000/10/iterations:5/manual_time",5,4.72489,2.92033,ms,,,,,,208341,4230.72,4.9286e+07,11078.2,1.05061e+06,32768,26.2144,148009,4.71233e+08,4.72489,0,0.0048445,1.20657e+09,0,32768,1.33742e+08
"UmbraBloom_Nonpart_Scalar_4/MTCount/625/48/1/10000/100000000/10/iterations:5/manual_time",5,4.61112,2.90399,ms,,,,,,206464,4315.93,4.83552e+07,10784.6,1.03474e+06,32768,26.2144,126705,4.91367e+08,4.61112,0,0.0048445,1.19975e+09,0,32768,1.3435e+08
"UmbraBloom_Nonpart_Scalar_4/MTCount/650/48/1/10000/100000000/10/iterations:5/manual_time",5,4.54485,2.94756,ms,,,,,,208154,4411.27,4.88568e+07,10708.4,1.02189e+06,32768,26.2144,142366,4.93625e+08,4.54485,0,0.0048445,1.20374e+09,0,32768,1.34787e+08
"UmbraBloom_Nonpart_Scalar_4/MTCount/100/48/1/17783/100000000/10/iterations:5/manual_time",5,4.14758,2.53981,ms,,,,,,207016,4109.19,1.68512e+07,11328.8,400108,16384,7.37063,160062,4.08334e+08,4.14758,0,0.0701215,1.22885e+09,0,16384,1.15997e+08
"UmbraBloom_Nonpart_Scalar_4/MTCount/125/48/1/17783/100000000/10/iterations:5/manual_time",5,4.40077,3.39473,ms,,,,,,206424,4697.56,1.77117e+07,10209.7,443943,16384,7.37063,155136,4.22352e+08,4.40077,0,0.0701215,1.22637e+09,0,16384,1.16227e+08
"UmbraBloom_Nonpart_Scalar_4/MTCount/150/48/1/17783/100000000/10/iterations:5/manual_time",5,4.20797,2.54514,ms,,,,,,206939,4543.72,1.66757e+07,11437.5,384744,16384,7.37063,153422,4.23376e+08,4.20797,0,0.0701215,1.21263e+09,0,16384,1.16714e+08
"UmbraBloom_Nonpart_Scalar_4/MTCount/175/48/1/17783/100000000/10/iterations:5/manual_time",5,4.0101,2.44874,ms,,,,,,206739,4507.43,1.68498e+07,11074.5,374108,16384,7.37063,131967,4.12565e+08,4.0101,0,0.0701215,1.19785e+09,0,16384,1.15624e+08
"UmbraBloom_Nonpart_Scalar_4/MTCount/200/48/1/17783/100000000/10/iterations:5/manual_time",5,4.47449,2.62358,ms,,,,,,207837,4021.42,4.8921e+07,10800.3,1.03325e+06,32768,14.7413,161441,4.76479e+08,4.47449,0,0.0164967,1.21014e+09,0,32768,1.34228e+08
"UmbraBloom_Nonpart_Scalar_4/MTCount/225/48/1/17783/100000000/10/iterations:5/manual_time",5,4.41507,2.61728,ms,,,,,,208606,4361.14,4.92821e+07,10536,1.03541e+06,32768,14.7413,160360,4.78604e+08,4.41507,0,0.0164967,1.20244e+09,0,32768,1.33938e+08
"UmbraBloom_Nonpart_Scalar_4/MTCount/250/48/1/17783/100000000/10/iterations:5/manual_time",5,4.40638,2.59138,ms,,,,,,207485,4131.83,4.88083e+07,10351.8,1.02514e+06,32768,14.7413,146549,4.76957e+08,4.40638,0,0.0164967,1.19034e+09,0,32768,1.33899e+08
"UmbraBloom_Nonpart_Scalar_4/MTCount/275/48/1/17783/100000000/10/iterations:5/manual_time",5,4.43931,2.61656,ms,,,,,,206916,4038.27,4.85852e+07,10579.2,1.04702e+06,32768,14.7413,127375,4.82859e+08,4.43931,0,0.0164967,1.17695e+09,0,32768,1.3485e+08
"UmbraBloom_Nonpart_Scalar_4/MTCount/300/48/1/17783/100000000/10/iterations:5/manual_time",5,4.42002,2.64159,ms,,,,,,209511,4557.91,4.94555e+07,10865.1,1.03906e+06,32768,14.7413,132876,4.81543e+08,4.42002,0,0.0164967,1.22524e+09,0,32768,1.34114e+08
"UmbraBloom_Nonpart_Scalar_4/MTCount/325/48/1/17783/100000000/10/iterations:5/manual_time",5,4.44126,2.63005,ms,,,,,,207463,3910.36,4.90729e+07,10881.6,1.0379e+06,32768,14.7413,163233,4.67508e+08,4.44126,0,0.0164967,1.1987e+09,0,32768,1.34303e+08
"UmbraBloom_Nonpart_Scalar_4/MTCount/350/48/1/17783/100000000/10/iterations:5/manual_time",5,4.44321,2.6071,ms,,,,,,207164,4263.45,4.88861e+07,10983.2,1.01932e+06,32768,14.7413,125452,4.88743e+08,4.44321,0,0.0164967,1.17538e+09,0,32768,1.33951e+08
"UmbraBloom_Nonpart_Scalar_4/MTCount/375/48/1/17783/100000000/10/iterations:5/manual_time",5,4.50223,2.62913,ms,,,,,,209596,4351.2,7.47576e+07,11067.6,1.00682e+06,65536,29.4825,119871,4.90235e+08,4.50223,0,0.00396508,1.20209e+09,0,65536,1.35132e+08
"UmbraBloom_Nonpart_Scalar_4/MTCount/400/48/1/17783/100000000/10/iterations:5/manual_time",5,4.49079,2.64808,ms,,,,,,212102,4496.9,7.60796e+07,11298.5,1.04423e+06,65536,29.4825,135582,4.88024e+08,4.49079,0,0.00396508,1.20317e+09,0,65536,1.34176e+08
"UmbraBloom_Nonpart_Scalar_4/MTCount/425/48/1/17783/100000000/10/iterations:5/manual_time",5,4.39935,2.51496,ms,,,,,,213066,4317.14,7.65357e+07,11649.3,1.0303e+06,65536,29.4825,148054,4.78041e+08,4.39935,0,0.00396508,1.22736e+09,0,65536,1.33805e+08
"UmbraBloom_Nonpart_Scalar_4/MTCount/450/48/1/17783/100000000/10/iterations:5/manual_time",5,4.58436,2.91204,ms,,,,,,209701,4052.1,7.64524e+07,10571.9,1.04867e+06,65536,29.4825,137969,4.80522e+08,4.58436,0,0.00396508,1.21521e+09,0,65536,1.34659e+08
"UmbraBloom_Nonpart_Scalar_4/MTCount/475/48/1/17783/100000000/10/iterations:5/manual_time",5,4.56809,2.8158,ms,,,,,,211817,4335.07,7.63049e+07,10693,1.02295e+06,65536,29.4825,137104,4.96568e+08,4.56809,0,0.00396508,1.21242e+09,0,65536,1.35871e+08
"UmbraBloom_Nonpart_Scalar_4/MTCount/500/48/1/17783/100000000/10/iterations:5/manual_time",5,4.80743,3.13985,ms,,,,,,210734,4319.07,7.65659e+07,9750.21,1.04941e+06,65536,29.4825,146239,4.77396e+08,4.80743,0,0.00396508,1.20887e+09,0,65536,1.35057e+08
"UmbraBloom_Nonpart_Scalar_4/MTCount/525/48/1/17783/100000000/10/iterations:5/manual_time",5,4.60917,2.53289,ms,,,,,,210414,3895.08,7.6013e+07,11392.2,1.01198e+06,65536,29.4825,117264,4.90059e+08,4.60917,0,0.00396508,1.19844e+09,0,65536,1.34481e+08
"UmbraBloom_Nonpart_Scalar_4/MTCount/550/48/1/17783/100000000/10/iterations:5/manual_time",5,4.73799,3.09137,ms,,,,,,211828,4496.39,7.64953e+07,11295,1.05726e+06,65536,29.4825,137900,4.89929e+08,4.73799,0,0.00396508,1.18851e+09,0,65536,1.34969e+08
"UmbraBloom_Nonpart_Scalar_4/MTCount/575/48/1/17783/100000000/10/iterations:5/manual_time",5,4.75844,3.28003,ms,,,,,,209680,4368.55,7.56447e+07,10414.3,1.04613e+06,65536,29.4825,144283,5.02128e+08,4.75844,0,0.00396508,1.17774e+09,0,65536,1.36513e+08
"UmbraBloom_Nonpart_Scalar_4/MTCount/600/48/1/17783/100000000/10/iterations:5/manual_time",5,4.59141,2.44407,ms,,,,,,212200,4397.71,7.55244e+07,11306.9,1.0343e+06,65536,29.4825,165196,4.91925e+08,4.59141,0,0.00396508,1.21147e+09,0,65536,1.358e+08
"UmbraBloom_Nonpart_Scalar_4/MTCount/625/48/1/17783/100000000/10/iterations:5/manual_time",5,4.4324,2.43474,ms,,,,,,210437,4589.69,7.45465e+07,11840.3,1.02616e+06,65536,29.4825,124838,4.96688e+08,4.4324,0,0.00396508,1.21912e+09,0,65536,1.36206e+08
"UmbraBloom_Nonpart_Scalar_4/MTCount/650/48/1/17783/100000000/10/iterations:5/manual_time",5,4.40225,2.40003,ms,,,,,,210680,4066.43,7.57453e+07,11052.5,1.03321e+06,65536,29.4825,154320,4.85215e+08,4.40225,0,0.00396508,1.21202e+09,0,65536,1.35412e+08
"UmbraBloom_Nonpart_Scalar_4/MTCount/100/48/1/31623/100000000/10/iterations:5/manual_time",5,4.00091,2.39363,ms,,,,,,206176,3931.57,1.68735e+07,11534.9,425815,16384,4.14483,166879,4.04146e+08,4.00091,0,0.207689,1.20895e+09,0,16384,1.1696e+08
"UmbraBloom_Nonpart_Scalar_4/MTCount/125/48/1/31623/100000000/10/iterations:5/manual_time",5,4.62749,3.07011,ms,,,,,,208824,4359.63,4.95201e+07,9724.09,1.03115e+06,32768,8.28966,174192,4.89461e+08,4.62749,0,0.0545812,1.2031e+09,0,32768,1.35031e+08
"UmbraBloom_Nonpart_Scalar_4/MTCount/150/48/1/31623/100000000/10/iterations:5/manual_time",5,4.84741,3.30138,ms,,,,,,207998,4369.68,4.94431e+07,9910.9,1.04713e+06,32768,8.28966,162097,4.86422e+08,4.84741,0,0.0545812,1.22138e+09,0,32768,1.35115e+08
"UmbraBloom_Nonpart_Scalar_4/MTCount/175/48/1/31623/100000000/10/iterations:5/manual_time",5,4.84879,3.20302,ms,,,,,,207792,4228.57,4.94911e+07,10268.6,1.06194e+06,32768,8.28966,134686,4.83598e+08,4.84879,0,0.0545812,1.20498e+09,0,32768,1.34593e+08
"UmbraBloom_Nonpart_Scalar_4/MTCount/200/48/1/31623/100000000/10/iterations:5/manual_time",5,4.81844,3.24888,ms,,,,,,208023,4386.71,4.95714e+07,9967.19,1.05333e+06,32768,8.28966,120916,4.8443e+08,4.81844,0,0.0545812,1.21927e+09,0,32768,1.3487e+08
"UmbraBloom_Nonpart_Scalar_4/MTCount/225/48/1/31623/100000000/10/iterations:5/manual_time",5,4.63407,3.10708,ms,,,,,,210942,4146.32,7.67614e+07,9761.35,1.03483e+06,65536,16.5793,145759,4.8578e+08,4.63407,0,0.0128941,1.23991e+09,0,65536,1.34943e+08
"UmbraBloom_Nonpart_Scalar_4/MTCount/250/48/1/31623/100000000/10/iterations:5/manual_time",5,4.74325,3.18519,ms,,,,,,210356,4221.6,7.64375e+07,10953.2,1.03821e+06,65536,16.5793,121927,4.82475e+08,4.74325,0,0.0128941,1.21555e+09,0,65536,1.33572e+08
"UmbraBloom_Nonpart_Scalar_4/MTCount/275/48/1/31623/100000000/10/iterations:5/manual_time",5,4.67161,3.13554,ms,,,,,,208737,4330.66,7.60529e+07,10146.8,1.04842e+06,65536,16.5793,137512,4.91385e+08,4.67161,0,0.0128941,1.23266e+09,0,65536,1.35923e+08
"UmbraBloom_Nonpart_Scalar_4/MTCount/300/48/1/31623/100000000/10/iterations:5/manual_time",5,4.64644,3.17393,ms,,,,,,211296,4279.22,7.66662e+07,9791.48,1.03853e+06,65536,16.5793,147940,4.86442e+08,4.64644,0,0.0128941,1.22642e+09,0,65536,1.35454e+08
"UmbraBloom_Nonpart_Scalar_4/MTCount/325/48/1/31623/100000000/10/iterations:5/manual_time",5,4.44549,2.4463,ms,,,,,,210382,3563.6,7.61962e+07,10865.4,1.02873e+06,65536,16.5793,159224,4.76907e+08,4.44549,0,0.0128941,1.20942e+09,0,65536,1.34229e+08
"UmbraBloom_Nonpart_Scalar_4/MTCount/350/48/1/31623/100000000/10/iterations:5/manual_time",5,4.83466,3.19368,ms,,,,,,211064,4377.39,7.68179e+07,10080.3,1.03522e+06,65536,16.5793,148318,4.8336e+08,4.83466,0,0.0128941,1.22096e+09,0,65536,1.3467e+08
"UmbraBloom_Nonpart_Scalar_4/MTCount/375/48/1/31623/100000000/10/iterations:5/manual_time",5,4.59144,3.04669,ms,,,,,,208765,4508.16,7.72042e+07,10221.6,1.04839e+06,65536,16.5793,128064,4.92924e+08,4.59144,0,0.0128941,1.24159e+09,0,65536,1.34206e+08
"UmbraBloom_Nonpart_Scalar_4/MTCount/400/48/1/31623/100000000/10/iterations:5/manual_time",5,4.46636,2.53236,ms,,,,,,211902,4021.05,7.63832e+07,10955.2,1.02982e+06,65536,16.5793,143049,4.86712e+08,4.46636,0,0.0128941,1.19816e+09,0,65536,1.34633e+08
"UmbraBloom_Nonpart_Scalar_4/MTCount/425/48/1/31623/100000000/10/iterations:5/manual_time",5,4.75305,3.01323,ms,,,,,,216851,4528.64,9.26907e+07,11356.8,992357,131072,33.1587,148230,4.98029e+08,4.75305,0,0.00311473,1.1987e+09,0,131072,1.36454e+08
"UmbraBloom_Nonpart_Scalar_4/MTCount/450/48/1/31623/100000000/10/iterations:5/manual_time",5,4.92702,3.37594,ms,,,,,,217278,4227.02,9.40734e+07,9732.15,1.01703e+06,131072,33.1587,154224,4.92739e+08,4.92702,0,0.00311473,1.197e+09,0,131072,1.36421e+08
"UmbraBloom_Nonpart_Scalar_4/MTCount/475/48/1/31623/100000000/10/iterations:5/manual_time",5,4.5946,2.631,ms,,,,,,222253,4144.13,9.35978e+07,11364.9,1.01512e+06,131072,33.1587,147566,4.83568e+08,4.5946,0,0.00311473,1.18887e+09,0,131072,1.35478e+08
"UmbraBloom_Nonpart_Scalar_4/MTCount/500/48/1/31623/100000000/10/iterations:5/manual_time",5,4.72098,3.04493,ms,,,,,,214967,4355.08,9.39643e+07,11135.6,1.01053e+06,131072,33.1587,138751,4.87551e+08,4.72098,0,0.00311473,1.19854e+09,0,131072,1.35743e+08
"UmbraBloom_Nonpart_Scalar_4/MTCount/525/48/1/31623/100000000/10/iterations:5/manual_time",5,4.89629,3.30738,ms,,,,,,216347,4466.22,9.54169e+07,10994.9,1.04416e+06,131072,33.1587,150467,4.95586e+08,4.89629,0,0.00311473,1.20478e+09,0,131072,1.35555e+08
"UmbraBloom_Nonpart_Scalar_4/MTCount/550/48/1/31623/100000000/10/iterations:5/manual_time",5,4.49176,2.5061,ms,,,,,,216246,4048.8,9.38501e+07,11202.5,984056,131072,33.1587,120347,4.90772e+08,4.49176,0,0.00311473,1.20183e+09,0,131072,1.35805e+08
"UmbraBloom_Nonpart_Scalar_4/MTCount/575/48/1/31623/100000000/10/iterations:5/manual_time",5,4.60387,2.75335,ms,,,,,,220478,4355.63,9.40903e+07,10781.4,1.01492e+06,131072,33.1587,137561,4.8166e+08,4.60387,0,0.00311473,1.19766e+09,0,131072,1.36757e+08
"UmbraBloom_Nonpart_Scalar_4/MTCount/600/48/1/31623/100000000/10/iterations:5/manual_time",5,4.52512,2.6808,ms,,,,,,220016,4365.05,9.22539e+07,10707.1,994493,131072,33.1587,138796,4.92098e+08,4.52512,0,0.00311473,1.14784e+09,0,131072,1.3578e+08
"UmbraBloom_Nonpart_Scalar_4/MTCount/625/48/1/31623/100000000/10/iterations:5/manual_time",5,4.4794,2.66437,ms,,,,,,218571,4086.73,9.38252e+07,10389.6,1.00129e+06,131072,33.1587,152954,4.84146e+08,4.4794,0,0.00311473,1.18099e+09,0,131072,1.3533e+08
"UmbraBloom_Nonpart_Scalar_4/MTCount/650/48/1/31623/100000000/10/iterations:5/manual_time",5,4.49635,2.68644,ms,,,,,,213759,4057.65,9.22175e+07,10962.9,1.00447e+06,131072,33.1587,116860,4.94288e+08,4.49635,0,0.00311473,1.15282e+09,0,131072,1.36008e+08
"UmbraBloom_Nonpart_Scalar_4/MTCount/100/48/1/56234/100000000/10/iterations:5/manual_time",5,4.43554,2.68947,ms,,,,,,208691,4457.96,4.92558e+07,10663.8,1.03574e+06,32768,4.66166,138814,4.79125e+08,4.43554,0,0.169622,1.20204e+09,0,32768,1.34756e+08
"UmbraBloom_Nonpart_Scalar_4/MTCount/125/48/1/56234/100000000/10/iterations:5/manual_time",5,4.41956,2.7359,ms,,,,,,212702,4283.7,7.57597e+07,11238.6,1.04721e+06,65536,9.32333,180494,4.90002e+08,4.41956,0,0.0429036,1.15459e+09,0,65536,1.34589e+08
"UmbraBloom_Nonpart_Scalar_4/MTCount/150/48/1/56234/100000000/10/iterations:5/manual_time",5,4.49909,2.65568,ms,,,,,,209165,4259.88,7.45315e+07,11332.2,1.04351e+06,65536,9.32333,119792,4.94136e+08,4.49909,0,0.0429036,1.20981e+09,0,65536,1.35467e+08
"UmbraBloom_Nonpart_Scalar_4/MTCount/175/48/1/56234/100000000/10/iterations:5/manual_time",5,4.59927,2.44516,ms,,,,,,212019,4002.69,7.53611e+07,10430.8,1.05869e+06,65536,9.32333,162848,4.82603e+08,4.59927,0,0.0429036,1.15813e+09,0,65536,1.34242e+08
"UmbraBloom_Nonpart_Scalar_4/MTCount/200/48/1/56234/100000000/10/iterations:5/manual_time",5,4.92225,3.24842,ms,,,,,,210435,4227.82,7.62178e+07,10118.3,1.05732e+06,65536,9.32333,168395,4.9142e+08,4.92225,0,0.0429036,1.20009e+09,0,65536,1.35206e+08
"UmbraBloom_Nonpart_Scalar_4/MTCount/225/48/1/56234/100000000/10/iterations:5/manual_time",5,4.63001,2.71755,ms,,,,,,211183,4118.32,7.60922e+07,10984.7,1.04066e+06,65536,9.32333,156592,4.89915e+08,4.63001,0,0.0429036,1.21615e+09,0,65536,1.35782e+08
"UmbraBloom_Nonpart_Scalar_4/MTCount/250/48/1/56234/100000000/10/iterations:5/manual_time",5,4.48899,2.65276,ms,,,,,,217191,4347.45,9.30914e+07,10770.4,1.00648e+06,131072,18.6467,158937,4.91373e+08,4.48899,0,0.0101148,1.18361e+09,0,131072,1.35557e+08
"UmbraBloom_Nonpart_Scalar_4/MTCount/275/48/1/56234/100000000/10/iterations:5/manual_time",5,4.73798,3.15964,ms,,,,,,220010,4513.29,9.32151e+07,9999.46,989370,131072,18.6467,137701,4.91755e+08,4.73798,0,0.0101148,1.12536e+09,0,131072,1.35731e+08
"UmbraBloom_Nonpart_Scalar_4/MTCount/300/48/1/56234/100000000/10/iterations:5/manual_time",5,4.77826,3.23834,ms,,,,,,214622,4143.29,9.39892e+07,10407.7,1.00843e+06,131072,18.6467,143148,4.9477e+08,4.77826,0,0.0101148,1.18986e+09,0,131072,1.36968e+08
"UmbraBloom_Nonpart_Scalar_4/MTCount/325/48/1/56234/100000000/10/iterations:5/manual_time",5,4.61778,2.80618,ms,,,,,,213314,4049.94,9.42637e+07,10749.1,1.00397e+06,131072,18.6467,141816,4.82934e+08,4.61778,0,0.0101148,1.20272e+09,0,131072,1.35377e+08
"UmbraBloom_Nonpart_Scalar_4/MTCount/350/48/1/56234/100000000/10/iterations:5/manual_time",5,4.48647,2.66528,ms,,,,,,215787,4253.31,9.31918e+07,10867.2,974646,131072,18.6467,129715,4.89654e+08,4.48647,0,0.0101148,1.18625e+09,0,131072,1.35193e+08
"UmbraBloom_Nonpart_Scalar_4/MTCount/375/48/1/56234/100000000/10/iterations:5/manual_time",5,4.50097,2.6756,ms,,,,,,216510,4127.59,9.40901e+07,10704.7,993848,131072,18.6467,150290,4.80256e+08,4.50097,0,0.0101148,1.21156e+09,0,131072,1.35518e+08
"UmbraBloom_Nonpart_Scalar_4/MTCount/400/48/1/56234/100000000/10/iterations:5/manual_time",5,4.60316,2.56944,ms,,,,,,215369,3833.54,9.24681e+07,11275.7,1.01996e+06,131072,18.6467,164739,4.85912e+08,4.60316,0,0.0101148,1.18034e+09,0,131072,1.36194e+08
"UmbraBloom_Nonpart_Scalar_4/MTCount/425/48/1/56234/100000000/10/iterations:5/manual_time",5,4.91427,3.15899,ms,,,,,,216367,4353.38,9.4943e+07,9998.75,1.03176e+06,131072,18.6467,151150,4.89913e+08,4.91427,0,0.0101148,1.21388e+09,0,131072,1.3629e+08
"UmbraBloom_Nonpart_Scalar_4/MTCount/450/48/1/56234/100000000/10/iterations:5/manual_time",5,4.64715,2.75184,ms,,,,,,213718,4063.63,9.35341e+07,10645.6,993573,131072,18.6467,145676,4.82909e+08,4.64715,0,0.0101148,1.19567e+09,0,131072,1.35959e+08
"UmbraBloom_Nonpart_Scalar_4/MTCount/475/48/1/56234/100000000/10/iterations:5/manual_time",5,4.50493,2.50809,ms,,,,,,227240,4247.66,1.03213e+08,10651.4,1.07603e+06,262144,37.2933,131353,4.82347e+08,4.50493,0,0.00241967,1.19192e+09,0,262144,1.36141e+08
"UmbraBloom_Nonpart_Scalar_4/MTCount/500/48/1/56234/100000000/10/iterations:5/manual_time",5,4.59435,2.51912,ms,,,,,,217878,3585.28,1.02136e+08,11109.1,1.04724e+06,262144,37.2933,126087,4.92075e+08,4.59435,0,0.00241967,1.19948e+09,0,262144,1.35194e+08
"UmbraBloom_Nonpart_Scalar_4/MTCount/525/48/1/56234/100000000/10/iterations:5/manual_time",5,4.83116,3.2786,ms,,,,,,227252,4403.8,1.04076e+08,10241.6,1.14468e+06,262144,37.2933,150537,4.91198e+08,4.83116,0,0.00241967,1.21564e+09,0,262144,1.36329e+08
"UmbraBloom_Nonpart_Scalar_4/MTCount/550/48/1/56234/100000000/10/iterations:5/manual_time",5,4.81386,3.27134,ms,,,,,,226187,4253.78,1.02721e+08,10414,1.11701e+06,262144,37.2933,140787,4.89264e+08,4.81386,0,0.00241967,1.18308e+09,0,262144,1.35904e+08
"UmbraBloom_Nonpart_Scalar_4/MTCount/575/48/1/56234/100000000/10/iterations:5/manual_time",5,4.6464,2.50986,ms,,,,,,230134,4014.38,1.01416e+08,11241.4,1.06522e+06,262144,37.2933,152762,4.93853e+08,4.6464,0,0.00241967,1.18076e+09,0,262144,1.36007e+08
"UmbraBloom_Nonpart_Scalar_4/MTCount/600/48/1/56234/100000000/10/iterations:5/manual_time",5,4.99424,3.42781,ms,,,,,,223095,4019.92,1.0364e+08,10079.4,1.13798e+06,262144,37.2933,141133,4.89951e+08,4.99424,0,0.00241967,1.17786e+09,0,262144,1.36424e+08
"UmbraBloom_Nonpart_Scalar_4/MTCount/625/48/1/56234/100000000/10/iterations:5/manual_time",5,4.49723,2.51872,ms,,,,,,234096,4157.8,1.02536e+08,11108.5,1.06212e+06,262144,37.2933,135672,4.93215e+08,4.49723,0,0.00241967,1.18428e+09,0,262144,1.36843e+08
"UmbraBloom_Nonpart_Scalar_4/MTCount/650/48/1/56234/100000000/10/iterations:5/manual_time",5,4.84755,3.37468,ms,,,,,,233518,4286.95,1.03406e+08,10498,1.12822e+06,262144,37.2933,177016,4.89672e+08,4.84755,0,0.00241967,1.18866e+09,0,262144,1.35658e+08
"UmbraBloom_Nonpart_Scalar_4/MTCount/100/48/1/100000/100000000/10/iterations:5/manual_time",5,4.76332,3.34181,ms,,,,,,209541,4296.78,7.74348e+07,10467.1,1.05815e+06,65536,5.24288,139565,4.89541e+08,4.76332,0,0.135995,1.24211e+09,0,65536,1.34096e+08
"UmbraBloom_Nonpart_Scalar_4/MTCount/125/48/1/100000/100000000/10/iterations:5/manual_time",5,4.69996,2.63471,ms,,,,,,209243,4112.28,7.66903e+07,11431,1.02235e+06,65536,5.24288,107591,4.87648e+08,4.69996,0,0.135995,1.23357e+09,0,65536,1.35647e+08
"UmbraBloom_Nonpart_Scalar_4/MTCount/150/48/1/100000/100000000/10/iterations:5/manual_time",5,4.85048,3.2554,ms,,,,,,217509,4262.89,9.4496e+07,9967.51,1.00548e+06,131072,10.4858,158581,4.92875e+08,4.85048,0,0.0337837,1.19539e+09,0,131072,1.36373e+08
"UmbraBloom_Nonpart_Scalar_4/MTCount/175/48/1/100000/100000000/10/iterations:5/manual_time",5,4.98668,3.28843,ms,,,,,,212612,4405.94,9.49212e+07,10429.4,1.0256e+06,131072,10.4858,157404,4.94184e+08,4.98668,0,0.0337837,1.24106e+09,0,131072,1.36272e+08
"UmbraBloom_Nonpart_Scalar_4/MTCount/200/48/1/100000/100000000/10/iterations:5/manual_time",5,4.78913,3.36189,ms,,,,,,216292,4405.3,9.61868e+07,10193.4,1.03906e+06,131072,10.4858,163260,4.92639e+08,4.78913,0,0.0337837,1.19482e+09,0,131072,1.35825e+08
"UmbraBloom_Nonpart_Scalar_4/MTCount/225/48/1/100000/100000000/10/iterations:5/manual_time",5,4.63461,2.73355,ms,,,,,,219358,4217.51,9.36422e+07,11394.9,1.00896e+06,131072,10.4858,126740,4.89566e+08,4.63461,0,0.0337837,1.20219e+09,0,131072,1.36241e+08
"UmbraBloom_Nonpart_Scalar_4/MTCount/250/48/1/100000/100000000/10/iterations:5/manual_time",5,4.48605,2.72202,ms,,,,,,216252,4278.25,9.4682e+07,10649.6,1.00387e+06,131072,10.4858,134097,4.78306e+08,4.48605,0,0.0337837,1.20953e+09,0,131072,1.35643e+08
"UmbraBloom_Nonpart_Scalar_4/MTCount/275/48/1/100000/100000000/10/iterations:5/manual_time",5,4.52565,2.67242,ms,,,,,,232286,4344.39,1.02398e+08,10756.1,1.11888e+06,262144,20.9715,143237,4.92968e+08,4.52565,0,0.00795466,1.16852e+09,0,262144,1.36559e+08
"UmbraBloom_Nonpart_Scalar_4/MTCount/300/48/1/100000/100000000/10/iterations:5/manual_time",5,4.49749,2.73705,ms,,,,,,229124,4110.92,1.03228e+08,10826.1,1.07878e+06,262144,20.9715,133635,4.79396e+08,4.49749,0,0.00795466,1.18957e+09,0,262144,1.35946e+08
"UmbraBloom_Nonpart_Scalar_4/MTCount/325/48/1/100000/100000000/10/iterations:5/manual_time",5,4.51174,2.73521,ms,,,,,,229642,4516,1.01045e+08,10806.3,1.11113e+06,262144,20.9715,128583,4.96514e+08,4.51174,0,0.00795466,1.18186e+09,0,262144,1.36388e+08
"UmbraBloom_Nonpart_Scalar_4/MTCount/350/48/1/100000/100000000/10/iterations:5/manual_time",5,4.51091,2.70557,ms,,,,,,233448,4153.47,1.02904e+08,10920.6,1.11974e+06,262144,20.9715,143967,4.75008e+08,4.51091,0,0.00795466,1.19656e+09,0,262144,1.36079e+08
"UmbraBloom_Nonpart_Scalar_4/MTCount/375/48/1/100000/100000000/10/iterations:5/manual_time",5,4.72,3.21241,ms,,,,,,227174,4256,1.03445e+08,10008.5,1.09957e+06,262144,20.9715,144073,4.85316e+08,4.72,0,0.00795466,1.19012e+09,0,262144,1.35871e+08
"UmbraBloom_Nonpart_Scalar_4/MTCount/400/48/1/100000/100000000/10/iterations:5/manual_time",5,4.91967,2.47636,ms,,,,,,220553,3159,1.066e+08,16650.9,1.12397e+06,262144,20.9715,156341,4.83343e+08,4.91967,0,0.00795466,1.21788e+09,0,262144,1.36195e+08
"UmbraBloom_Nonpart_Scalar_4/MTCount/425/48/1/100000/100000000/10/iterations:5/manual_time",5,4.7185,2.87671,ms,,,,,,229080,4472.78,1.01864e+08,11600.1,1.14845e+06,262144,20.9715,141841,4.97379e+08,4.7185,0,0.00795466,1.2043e+09,0,262144,1.37373e+08
"UmbraBloom_Nonpart_Scalar_4/MTCount/450/48/1/100000/100000000/10/iterations:5/manual_time",5,4.57108,3.00185,ms,,,,,,232122,4398.72,1.02287e+08,10136.2,1.09513e+06,262144,20.9715,139178,4.97222e+08,4.57108,0,0.00795466,1.1846e+09,0,262144,1.35863e+08
"UmbraBloom_Nonpart_Scalar_4/MTCount/475/48/1/100000/100000000/10/iterations:5/manual_time",5,4.75174,3.05509,ms,,,,,,233063,4654.73,1.01824e+08,11312.1,1.10054e+06,262144,20.9715,156962,5.01111e+08,4.75174,0,0.00795466,1.21039e+09,0,262144,1.36324e+08
"UmbraBloom_Nonpart_Scalar_4/MTCount/500/48/1/100000/100000000/10/iterations:5/manual_time",5,4.92037,2.52042,ms,,,,,,221396,3788.41,1.07063e+08,17916.9,1.10835e+06,262144,20.9715,140772,4.88382e+08,4.92037,0,0.00795466,1.22585e+09,0,262144,1.37167e+08
"UmbraBloom_Nonpart_Scalar_4/MTCount/525/48/1/100000/100000000/10/iterations:5/manual_time",5,4.92384,2.94749,ms,,,,,,241885,3971.46,1.07477e+08,10902.4,3.77466e+06,524288,41.943,136311,5.05745e+08,4.92384,0,0.00194199,1.17529e+09,0,524288,1.41889e+08
"UmbraBloom_Nonpart_Scalar_4/MTCount/550/48/1/100000/100000000/10/iterations:5/manual_time",5,4.73977,2.94789,ms,,,,,,234349,4264.78,1.08409e+08,11185.5,3.71526e+06,524288,41.943,139444,5.2086e+08,4.73977,0,0.00194199,1.23736e+09,0,524288,1.43488e+08
"UmbraBloom_Nonpart_Scalar_4/MTCount/575/48/1/100000/100000000/10/iterations:5/manual_time",5,4.75659,2.98869,ms,,,,,,251692,4284.92,1.05643e+08,10503.7,3.65028e+06,524288,41.943,128355,5.22143e+08,4.75659,0,0.00194199,1.17095e+09,0,524288,1.43432e+08
"UmbraBloom_Nonpart_Scalar_4/MTCount/600/48/1/100000/100000000/10/iterations:5/manual_time",5,4.85655,2.97138,ms,,,,,,247589,4331.78,1.06248e+08,10766.1,3.74851e+06,524288,41.943,133856,5.23035e+08,4.85655,0,0.00194199,1.20695e+09,0,524288,1.43664e+08
"UmbraBloom_Nonpart_Scalar_4/MTCount/625/48/1/100000/100000000/10/iterations:5/manual_time",5,4.69636,2.87762,ms,,,,,,252181,4271.05,1.06973e+08,10513.7,3.70201e+06,524288,41.943,140406,5.18122e+08,4.69636,0,0.00194199,1.17307e+09,0,524288,1.41839e+08
"UmbraBloom_Nonpart_Scalar_4/MTCount/650/48/1/100000/100000000/10/iterations:5/manual_time",5,4.82914,2.92746,ms,,,,,,245442,4285.84,1.04312e+08,11064.5,3.69197e+06,524288,41.943,133779,5.22092e+08,4.82914,0,0.00194199,1.17312e+09,0,524288,1.43394e+08
"UmbraBloom_Nonpart_Scalar_4/MTCount/100/48/1/177828/100000000/10/iterations:5/manual_time",5,4.81276,3.13769,ms,,,,,,220836,4492.81,9.50761e+07,9573.07,1.02204e+06,131072,5.89657,146248,4.97924e+08,4.81276,0,0.108699,1.2342e+09,0,131072,1.36068e+08
"UmbraBloom_Nonpart_Scalar_4/MTCount/125/48/1/177828/100000000/10/iterations:5/manual_time",5,4.95231,3.32929,ms,,,,,,218089,4376.77,9.47317e+07,10086.3,1.00903e+06,131072,5.89657,157376,4.92937e+08,4.95231,0,0.108699,1.20639e+09,0,131072,1.35077e+08
"UmbraBloom_Nonpart_Scalar_4/MTCount/150/48/1/177828/100000000/10/iterations:5/manual_time",5,4.73644,2.93915,ms,,,,,,226969,4100.84,1.03164e+08,10639,1.10292e+06,262144,11.7931,145868,4.85375e+08,4.73644,0,0.0263632,1.18229e+09,0,262144,1.37421e+08
"UmbraBloom_Nonpart_Scalar_4/MTCount/175/48/1/177828/100000000/10/iterations:5/manual_time",5,4.65622,2.69564,ms,,,,,,231069,4447.29,1.02433e+08,11328.4,1.05573e+06,262144,11.7931,126768,4.97697e+08,4.65622,0,0.0263632,1.19476e+09,0,262144,1.36153e+08
"UmbraBloom_Nonpart_Scalar_4/MTCount/200/48/1/177828/100000000/10/iterations:5/manual_time",5,4.90177,3.39296,ms,,,,,,224702,4381.28,1.03346e+08,10616.6,1.16551e+06,262144,11.7931,128879,4.95061e+08,4.90177,0,0.0263632,1.19483e+09,0,262144,1.36418e+08
"UmbraBloom_Nonpart_Scalar_4/MTCount/225/48/1/177828/100000000/10/iterations:5/manual_time",5,5.02125,3.42267,ms,,,,,,225705,4313.21,1.03851e+08,10263,1.14624e+06,262144,11.7931,141875,4.94499e+08,5.02125,0,0.0263632,1.18835e+09,0,262144,1.36698e+08
"UmbraBloom_Nonpart_Scalar_4/MTCount/250/48/1/177828/100000000/10/iterations:5/manual_time",5,4.8831,3.3434,ms,,,,,,225462,4424.95,1.0367e+08,10820.2,1.14401e+06,262144,11.7931,173589,4.98171e+08,4.8831,0,0.0263632,1.18411e+09,0,262144,1.37333e+08
"UmbraBloom_Nonpart_Scalar_4/MTCount/275/48/1/177828/100000000/10/iterations:5/manual_time",5,4.69141,2.53764,ms,,,,,,228097,3926.25,1.02286e+08,11793,1.08142e+06,262144,11.7931,134577,4.8749e+08,4.69141,0,0.0263632,1.1817e+09,0,262144,1.3721e+08
"UmbraBloom_Nonpart_Scalar_4/MTCount/300/48/1/177828/100000000/10/iterations:5/manual_time",5,5.02806,3.14577,ms,,,,,,249413,4105.09,1.07599e+08,10679.3,3.74008e+06,524288,23.5863,143997,5.10356e+08,5.02806,0,0.00616138,1.15837e+09,0,524288,1.43842e+08
"UmbraBloom_Nonpart_Scalar_4/MTCount/325/48/1/177828/100000000/10/iterations:5/manual_time",5,5.11706,3.32984,ms,,,,,,243245,4116.47,1.06121e+08,10628.8,3.81272e+06,524288,23.5863,130735,5.20385e+08,5.11706,0,0.00616138,1.15321e+09,0,524288,1.44115e+08
"UmbraBloom_Nonpart_Scalar_4/MTCount/350/48/1/177828/100000000/10/iterations:5/manual_time",5,5.03643,3.38734,ms,,,,,,247625,4216.89,1.08696e+08,11014,3.8234e+06,524288,23.5863,170261,5.18627e+08,5.03643,0,0.00616138,1.21113e+09,0,524288,1.43717e+08
"UmbraBloom_Nonpart_Scalar_4/MTCount/375/48/1/177828/100000000/10/iterations:5/manual_time",5,4.99545,3.37319,ms,,,,,,247888,4289.23,1.0819e+08,10484,3.76815e+06,524288,23.5863,166014,5.15935e+08,4.99545,0,0.00616138,1.19651e+09,0,524288,1.43591e+08
"UmbraBloom_Nonpart_Scalar_4/MTCount/400/48/1/177828/100000000/10/iterations:5/manual_time",5,5.04373,3.43066,ms,,,,,,238711,4405.81,1.06658e+08,11744.5,3.85035e+06,524288,23.5863,165494,5.26385e+08,5.04373,0,0.00616138,1.14008e+09,0,524288,1.43707e+08
"UmbraBloom_Nonpart_Scalar_4/MTCount/425/48/1/177828/100000000/10/iterations:5/manual_time",5,5.001,2.49687,ms,,,,,,239180,3905.53,1.12612e+08,15789.4,3.64184e+06,524288,23.5863,153645,5.10237e+08,5.001,0,0.00616138,1.23903e+09,0,524288,1.42597e+08
"UmbraBloom_Nonpart_Scalar_4/MTCount/450/48/1/177828/100000000/10/iterations:5/manual_time",5,5.07334,3.04258,ms,,,,,,241186,3981.07,1.09841e+08,11345.1,3.71785e+06,524288,23.5863,163498,5.07955e+08,5.07334,0,0.00616138,1.1964e+09,0,524288,1.43189e+08
"UmbraBloom_Nonpart_Scalar_4/MTCount/475/48/1/177828/100000000/10/iterations:5/manual_time",5,5.07304,3.3807,ms,,,,,,238494,4034.9,1.0661e+08,9407.23,3.73414e+06,524288,23.5863,144891,5.20341e+08,5.07304,0,0.00616138,1.18238e+09,0,524288,1.43222e+08
"UmbraBloom_Nonpart_Scalar_4/MTCount/500/48/1/177828/100000000/10/iterations:5/manual_time",5,5.01399,3.39152,ms,,,,,,257059,4555.26,1.05747e+08,9724.8,3.77535e+06,524288,23.5863,134099,5.25965e+08,5.01399,0,0.00616138,1.18717e+09,0,524288,1.42959e+08
"UmbraBloom_Nonpart_Scalar_4/MTCount/525/48/1/177828/100000000/10/iterations:5/manual_time",5,4.77671,2.76656,ms,,,,,,262133,4401.71,1.075e+08,10732.5,3.65171e+06,524288,23.5863,145971,5.09029e+08,4.77671,0,0.00616138,1.196e+09,0,524288,1.42397e+08
"UmbraBloom_Nonpart_Scalar_4/MTCount/550/48/1/177828/100000000/10/iterations:5/manual_time",5,4.99631,3.29168,ms,,,,,,237578,4564.82,1.05282e+08,10921.8,3.78838e+06,524288,23.5863,133644,5.22911e+08,4.99631,0,0.00616138,1.13242e+09,0,524288,1.41969e+08
"UmbraBloom_Nonpart_Scalar_4/MTCount/575/48/1/177828/100000000/10/iterations:5/manual_time",5,4.75932,2.79376,ms,,,,,,257289,4314.94,1.06586e+08,10821.5,3.62072e+06,524288,23.5863,157879,5.16947e+08,4.75932,0,0.00616138,1.18095e+09,0,524288,1.43892e+08
"UmbraBloom_Nonpart_Scalar_4/MTCount/600/48/1/177828/100000000/10/iterations:5/manual_time",5,4.4673,2.87334,ms,,,,,,306333,4552.34,1.06439e+08,10836.5,2.769e+07,1.04858e+06,47.1726,154038,4.96406e+08,4.4673,0,0.00151082,1.08524e+09,0,1.04858e+06,1.38598e+08
"UmbraBloom_Nonpart_Scalar_4/MTCount/625/48/1/177828/100000000/10/iterations:5/manual_time",5,4.48502,2.88219,ms,,,,,,340081,4627.07,1.07294e+08,11026.2,2.7738e+07,1.04858e+06,47.1726,182102,4.95854e+08,4.48502,0,0.00151082,1.07425e+09,0,1.04858e+06,1.39135e+08
"UmbraBloom_Nonpart_Scalar_4/MTCount/650/48/1/177828/100000000/10/iterations:5/manual_time",5,4.51797,2.86371,ms,,,,,,345366,4586.39,1.06409e+08,10785.2,2.76775e+07,1.04858e+06,47.1726,160652,4.9777e+08,4.51797,0,0.00151082,1.09538e+09,0,1.04858e+06,1.39318e+08
"UmbraBloom_Nonpart_Scalar_4/MTCount/100/48/1/316228/100000000/10/iterations:5/manual_time",5,4.49872,2.66249,ms,,,,,,231525,4002.94,1.02433e+08,10488,1.10257e+06,262144,6.63177,151328,4.88834e+08,4.49872,0,0.0857693,1.18791e+09,0,262144,1.37425e+08
"UmbraBloom_Nonpart_Scalar_4/MTCount/125/48/1/316228/100000000/10/iterations:5/manual_time",5,4.4432,2.68249,ms,,,,,,226751,4303.8,1.03536e+08,10409.5,1.08409e+06,262144,6.63177,128568,4.81595e+08,4.4432,0,0.0857693,1.20035e+09,0,262144,1.35906e+08
"UmbraBloom_Nonpart_Scalar_4/MTCount/150/48/1/316228/100000000/10/iterations:5/manual_time",5,4.4528,2.6177,ms,,,,,,221829,3811.66,1.03242e+08,10526.7,1.074e+06,262144,6.63177,120695,4.73613e+08,4.4528,0,0.0857693,1.21094e+09,0,262144,1.35465e+08
"UmbraBloom_Nonpart_Scalar_4/MTCount/175/48/1/316228/100000000/10/iterations:5/manual_time",5,4.61518,2.69496,ms,,,,,,258317,3966.82,1.08028e+08,11041.1,3.65637e+06,524288,13.2635,177505,5.05216e+08,4.61518,0,0.020317,1.18475e+09,0,524288,1.42386e+08
"UmbraBloom_Nonpart_Scalar_4/MTCount/200/48/1/316228/100000000/10/iterations:5/manual_time",5,4.61156,2.66379,ms,,,,,,267976,4367.99,1.07098e+08,10431,3.63986e+06,524288,13.2635,159530,5.11343e+08,4.61156,0,0.020317,1.18486e+09,0,524288,1.43204e+08
"UmbraBloom_Nonpart_Scalar_4/MTCount/225/48/1/316228/100000000/10/iterations:5/manual_time",5,4.83522,3.07018,ms,,,,,,254248,4649.52,1.08141e+08,11694,3.77925e+06,524288,13.2635,183264,5.19244e+08,4.83522,0,0.020317,1.16723e+09,0,524288,1.43902e+08
"UmbraBloom_Nonpart_Scalar_4/MTCount/250/48/1/316228/100000000/10/iterations:5/manual_time",5,4.98884,3.33622,ms,,,,,,234617,4365.46,1.06969e+08,9914.49,3.77505e+06,524288,13.2635,135806,5.20649e+08,4.98884,0,0.020317,1.21922e+09,0,524288,1.43833e+08
"UmbraBloom_Nonpart_Scalar_4/MTCount/275/48/1/316228/100000000/10/iterations:5/manual_time",5,4.97265,3.05339,ms,,,,,,251568,4269.23,1.07422e+08,10945.4,3.74407e+06,524288,13.2635,149480,5.18607e+08,4.97265,0,0.020317,1.1635e+09,0,524288,1.43375e+08
"UmbraBloom_Nonpart_Scalar_4/MTCount/300/48/1/316228/100000000/10/iterations:5/manual_time",5,5.07787,3.39002,ms,,,,,,250508,4273.12,1.07613e+08,9855.61,3.76065e+06,524288,13.2635,150656,5.20787e+08,5.07787,0,0.020317,1.18001e+09,0,524288,1.43512e+08
"UmbraBloom_Nonpart_Scalar_4/MTCount/325/48/1/316228/100000000/10/iterations:5/manual_time",5,4.66897,2.87382,ms,,,,,,265619,4643.9,1.0746e+08,10889.5,3.73128e+06,524288,13.2635,163920,5.14055e+08,4.66897,0,0.020317,1.17259e+09,0,524288,1.43522e+08
"UmbraBloom_Nonpart_Scalar_4/MTCount/350/48/1/316228/100000000/10/iterations:5/manual_time",5,5.00666,3.30963,ms,,,,,,279292,4301.4,1.07704e+08,9245.06,2.7535e+07,1.04858e+06,26.5271,160889,4.90293e+08,5.00666,0,0.00476327,1.08431e+09,0,1.04858e+06,1.37638e+08
"UmbraBloom_Nonpart_Scalar_4/MTCount/375/48/1/316228/100000000/10/iterations:5/manual_time",5,4.69053,2.54509,ms,,,,,,295590,3548.19,1.0801e+08,10889.1,2.76366e+07,1.04858e+06,26.5271,151912,4.89019e+08,4.69053,0,0.00476327,1.13197e+09,0,1.04858e+06,1.38574e+08
"UmbraBloom_Nonpart_Scalar_4/MTCount/400/48/1/316228/100000000/10/iterations:5/manual_time",5,4.48966,2.87407,ms,,,,,,346537,4423.55,1.0983e+08,10712.1,2.79367e+07,1.04858e+06,26.5271,198161,4.79888e+08,4.48966,0,0.00476327,1.13545e+09,0,1.04858e+06,1.37796e+08
"UmbraBloom_Nonpart_Scalar_4/MTCount/425/48/1/316228/100000000/10/iterations:5/manual_time",5,5.07652,2.95084,ms,,,,,,286983,4434.96,1.07573e+08,10398.5,2.76307e+07,1.04858e+06,26.5271,163000,4.88961e+08,5.07652,0,0.00476327,1.10486e+09,0,1.04858e+06,1.3818e+08
"UmbraBloom_Nonpart_Scalar_4/MTCount/450/48/1/316228/100000000/10/iterations:5/manual_time",5,5.00855,3.46361,ms,,,,,,280384,4304.99,1.04533e+08,9777.06,2.76709e+07,1.04858e+06,26.5271,154041,5.12183e+08,5.00855,0,0.00476327,1.12257e+09,0,1.04858e+06,1.39354e+08
"UmbraBloom_Nonpart_Scalar_4/MTCount/475/48/1/316228/100000000/10/iterations:5/manual_time",5,4.99953,3.46055,ms,,,,,,275465,4374.14,1.08581e+08,9420.59,2.73826e+07,1.04858e+06,26.5271,150104,4.98262e+08,4.99953,0,0.00476327,1.1699e+09,0,1.04858e+06,1.38859e+08
"UmbraBloom_Nonpart_Scalar_4/MTCount/500/48/1/316228/100000000/10/iterations:5/manual_time",5,4.88108,2.602,ms,,,,,,319537,3959.31,1.08821e+08,12206.1,2.7819e+07,1.04858e+06,26.5271,193257,4.95039e+08,4.88108,0,0.00476327,1.1676e+09,0,1.04858e+06,1.38777e+08
"UmbraBloom_Nonpart_Scalar_4/MTCount/525/48/1/316228/100000000/10/iterations:5/manual_time",5,4.98254,3.48012,ms,,,,,,268183,4228.3,1.08267e+08,9704.72,2.74197e+07,1.04858e+06,26.5271,150538,4.96772e+08,4.98254,0,0.00476327,1.14914e+09,0,1.04858e+06,1.38244e+08
"UmbraBloom_Nonpart_Scalar_4/MTCount/550/48/1/316228/100000000/10/iterations:5/manual_time",5,4.99462,3.45907,ms,,,,,,302475,4268.36,1.06701e+08,10748,2.78157e+07,1.04858e+06,26.5271,157072,4.99671e+08,4.99462,0,0.00476327,1.09755e+09,0,1.04858e+06,1.39667e+08
"UmbraBloom_Nonpart_Scalar_4/MTCount/575/48/1/316228/100000000/10/iterations:5/manual_time",5,5.05502,3.40747,ms,,,,,,278624,4072.68,1.06463e+08,10096,2.78619e+07,1.04858e+06,26.5271,127557,4.98998e+08,5.05502,0,0.00476327,1.12956e+09,0,1.04858e+06,1.39546e+08
"UmbraBloom_Nonpart_Scalar_4/MTCount/600/48/1/316228/100000000/10/iterations:5/manual_time",5,5.08704,3.46482,ms,,,,,,287181,4211.48,1.07528e+08,9665.44,2.75508e+07,1.04858e+06,26.5271,136433,5.02399e+08,5.08704,0,0.00476327,1.12469e+09,0,1.04858e+06,1.39437e+08
"UmbraBloom_Nonpart_Scalar_4/MTCount/625/48/1/316228/100000000/10/iterations:5/manual_time",5,5.06101,3.43267,ms,,,,,,287848,4208.07,1.05555e+08,10330.9,2.78225e+07,1.04858e+06,26.5271,114723,5.07927e+08,5.06101,0,0.00476327,1.06531e+09,0,1.04858e+06,1.39265e+08
"UmbraBloom_Nonpart_Scalar_4/MTCount/650/48/1/316228/100000000/10/iterations:5/manual_time",5,5.01966,3.49259,ms,,,,,,311996,4476.5,1.07944e+08,9471.46,2.73678e+07,1.04858e+06,26.5271,170683,5.0486e+08,5.01966,0,0.00476327,1.18097e+09,0,1.04858e+06,1.40364e+08
"UmbraBloom_Nonpart_Scalar_4/MTCount/100/48/1/562341/100000000/10/iterations:5/manual_time",5,5.05048,3.38517,ms,,,,,,247597,4257.14,1.05941e+08,10575.6,3.84276e+06,524288,7.45865,138957,5.16058e+08,5.05048,0,0.0676841,1.14358e+09,0,524288,1.4551e+08
"UmbraBloom_Nonpart_Scalar_4/MTCount/125/48/1/562341/100000000/10/iterations:5/manual_time",5,5.0179,3.37608,ms,,,,,,244005,4237.09,1.07109e+08,10844.6,3.7133e+06,524288,7.45865,154723,5.23093e+08,5.0179,0,0.0676841,1.16775e+09,0,524288,1.42266e+08
"UmbraBloom_Nonpart_Scalar_4/MTCount/150/48/1/562341/100000000/10/iterations:5/manual_time",5,5.00725,3.24886,ms,,,,,,262331,4420.45,1.07585e+08,10481,3.75384e+06,524288,7.45865,148223,5.2051e+08,5.00725,0,0.0676841,1.17681e+09,0,524288,1.43816e+08
"UmbraBloom_Nonpart_Scalar_4/MTCount/175/48/1/562341/100000000/10/iterations:5/manual_time",5,5.08572,3.07291,ms,,,,,,239233,4081.77,1.07347e+08,11765.5,3.82061e+06,524288,7.45865,149114,5.17627e+08,5.08572,0,0.0676841,1.14398e+09,0,524288,1.44221e+08
"UmbraBloom_Nonpart_Scalar_4/MTCount/200/48/1/562341/100000000/10/iterations:5/manual_time",5,4.9406,3.50129,ms,,,,,,306752,4480.78,1.06873e+08,9539.22,2.74867e+07,1.04858e+06,14.9173,171082,5.04901e+08,4.9406,0,0.0159881,1.12975e+09,0,1.04858e+06,1.38945e+08
"UmbraBloom_Nonpart_Scalar_4/MTCount/225/48/1/562341/100000000/10/iterations:5/manual_time",5,5.04574,3.44604,ms,,,,,,270999,4336.66,1.05924e+08,10882.4,2.75696e+07,1.04858e+06,14.9173,138056,5.06884e+08,5.04574,0,0.0159881,1.11413e+09,0,1.04858e+06,1.39683e+08
"UmbraBloom_Nonpart_Scalar_4/MTCount/250/48/1/562341/100000000/10/iterations:5/manual_time",5,5.0339,3.51564,ms,,,,,,289875,4506.63,1.05436e+08,11464.6,2.74289e+07,1.04858e+06,14.9173,146599,5.07045e+08,5.0339,0,0.0159881,1.12329e+09,0,1.04858e+06,1.39119e+08
"UmbraBloom_Nonpart_Scalar_4/MTCount/275/48/1/562341/100000000/10/iterations:5/manual_time",5,5.00658,3.48237,ms,,,,,,290119,4285.6,1.07869e+08,9538.94,2.78628e+07,1.04858e+06,14.9173,158594,4.97788e+08,5.00658,0,0.0159881,1.12058e+09,0,1.04858e+06,1.38793e+08
"UmbraBloom_Nonpart_Scalar_4/MTCount/300/48/1/562341/100000000/10/iterations:5/manual_time",5,5.0414,3.38026,ms,,,,,,291821,4104.82,1.06871e+08,11029.3,2.79349e+07,1.04858e+06,14.9173,153471,4.97415e+08,5.0414,0,0.0159881,1.10901e+09,0,1.04858e+06,1.38323e+08
"UmbraBloom_Nonpart_Scalar_4/MTCount/325/48/1/562341/100000000/10/iterations:5/manual_time",5,4.86026,3.05403,ms,,,,,,308981,4161.9,1.0739e+08,10058.6,2.76846e+07,1.04858e+06,14.9173,141367,4.96627e+08,4.86026,0,0.0159881,1.13849e+09,0,1.04858e+06,1.39676e+08
"UmbraBloom_Nonpart_Scalar_4/MTCount/350/48/1/562341/100000000/10/iterations:5/manual_time",5,4.76441,3.21614,ms,,,,,,317854,4543.16,1.0777e+08,10656.2,2.74179e+07,1.04858e+06,14.9173,169551,5.00051e+08,4.76441,0,0.0159881,1.13236e+09,0,1.04858e+06,1.38366e+08
"UmbraBloom_Nonpart_Scalar_4/MTCount/375/48/1/562341/100000000/10/iterations:5/manual_time",5,4.89581,3.06509,ms,,,,,,398752,4603.09,1.08003e+08,10991,6.1037e+07,2.09715e+06,29.8346,181720,5.27673e+08,4.89581,0,0.00378914,1.15021e+09,0,2.09715e+06,1.48736e+08
"UmbraBloom_Nonpart_Scalar_4/MTCount/400/48/1/562341/100000000/10/iterations:5/manual_time",5,4.70272,2.94434,ms,,,,,,414859,4427.46,1.07815e+08,10930.5,6.15051e+07,2.09715e+06,29.8346,149293,5.18858e+08,4.70272,0,0.00378914,1.11471e+09,0,2.09715e+06,1.46958e+08
"UmbraBloom_Nonpart_Scalar_4/MTCount/425/48/1/562341/100000000/10/iterations:5/manual_time",5,5.03808,3.30519,ms,,,,,,363460,4237.48,1.06635e+08,10519.7,6.16765e+07,2.09715e+06,29.8346,130294,5.28515e+08,5.03808,0,0.00378914,1.10477e+09,0,2.09715e+06,1.46832e+08
"UmbraBloom_Nonpart_Scalar_4/MTCount/450/48/1/562341/100000000/10/iterations:5/manual_time",5,5.10103,3.26112,ms,,,,,,345665,4245.88,1.06067e+08,11195.3,6.15719e+07,2.09715e+06,29.8346,138717,5.29623e+08,5.10103,0,0.00378914,1.07343e+09,0,2.09715e+06,1.46406e+08
"UmbraBloom_Nonpart_Scalar_4/MTCount/475/48/1/562341/100000000/10/iterations:5/manual_time",5,5.26278,3.47851,ms,,,,,,409450,4485.06,1.0497e+08,10283.8,6.17859e+07,2.09715e+06,29.8346,133821,5.35002e+08,5.26278,0,0.00378914,1.08693e+09,0,2.09715e+06,1.4868e+08
"UmbraBloom_Nonpart_Scalar_4/MTCount/500/48/1/562341/100000000/10/iterations:5/manual_time",5,5.14265,3.28702,ms,,,,,,364427,4042.97,1.08199e+08,10122.4,6.21007e+07,2.09715e+06,29.8346,129456,5.20394e+08,5.14265,0,0.00378914,1.1127e+09,0,2.09715e+06,1.46631e+08
"UmbraBloom_Nonpart_Scalar_4/MTCount/525/48/1/562341/100000000/10/iterations:5/manual_time",5,5.36143,3.46085,ms,,,,,,332561,4167.02,1.05705e+08,10938.1,6.18487e+07,2.09715e+06,29.8346,122972,5.36656e+08,5.36143,0,0.00378914,1.11822e+09,0,2.09715e+06,1.48141e+08
"UmbraBloom_Nonpart_Scalar_4/MTCount/550/48/1/562341/100000000/10/iterations:5/manual_time",5,5.01468,3.24002,ms,,,,,,327718,4171.62,1.07854e+08,10855.2,6.1459e+07,2.09715e+06,29.8346,139909,5.25431e+08,5.01468,0,0.00378914,1.14454e+09,0,2.09715e+06,1.45639e+08
"UmbraBloom_Nonpart_Scalar_4/MTCount/575/48/1/562341/100000000/10/iterations:5/manual_time",5,5.04801,3.12902,ms,,,,,,336510,4272.37,1.07956e+08,12231.7,6.10482e+07,2.09715e+06,29.8346,133691,5.26426e+08,5.04801,0,0.00378914,1.16009e+09,0,2.09715e+06,1.46342e+08
"UmbraBloom_Nonpart_Scalar_4/MTCount/600/48/1/562341/100000000/10/iterations:5/manual_time",5,5.22256,3.56573,ms,,,,,,368876,4568,1.05634e+08,11157.1,6.15069e+07,2.09715e+06,29.8346,142638,5.35894e+08,5.22256,0,0.00378914,1.10599e+09,0,2.09715e+06,1.47934e+08
"UmbraBloom_Nonpart_Scalar_4/MTCount/625/48/1/562341/100000000/10/iterations:5/manual_time",5,5.12889,3.23374,ms,,,,,,441534,4017.28,1.08864e+08,10902.8,6.3277e+07,2.09715e+06,29.8346,179850,5.20378e+08,5.12889,0,0.00378914,1.1071e+09,0,2.09715e+06,1.4808e+08
"UmbraBloom_Nonpart_Scalar_4/MTCount/650/48/1/562341/100000000/10/iterations:5/manual_time",5,5.26937,3.54409,ms,,,,,,378619,4321.3,1.05862e+08,10769.1,6.20388e+07,2.09715e+06,29.8346,126749,5.34582e+08,5.26937,0,0.00378914,1.10305e+09,0,2.09715e+06,1.49123e+08
"UmbraBloom_Nonpart_Scalar_4/MTCount/100/48/1/1000000/100000000/10/iterations:5/manual_time",5,4.69489,2.83881,ms,,,,,,252901,4186.98,1.06996e+08,10670.5,3.64415e+06,524288,4.1943,178483,5.11903e+08,4.69489,0,0.204403,1.19137e+09,0,524288,1.43033e+08
"UmbraBloom_Nonpart_Scalar_4/MTCount/125/48/1/1000000/100000000/10/iterations:5/manual_time",5,4.67816,2.98955,ms,,,,,,322647,4493.8,1.06232e+08,11651.1,2.75279e+07,1.04858e+06,8.38861,180412,4.95818e+08,4.67816,0,0.0533542,1.05373e+09,0,1.04858e+06,1.37358e+08
"UmbraBloom_Nonpart_Scalar_4/MTCount/150/48/1/1000000/100000000/10/iterations:5/manual_time",5,5.48783,3.22635,ms,,,,,,265499,4091.45,1.06624e+08,11312.1,2.78477e+07,1.04858e+06,8.38861,146066,4.97644e+08,5.48783,0,0.0533542,1.08097e+09,0,1.04858e+06,1.38855e+08
"UmbraBloom_Nonpart_Scalar_4/MTCount/175/48/1/1000000/100000000/10/iterations:5/manual_time",5,4.84059,3.34497,ms,,,,,,305840,3956.51,1.07836e+08,10672.6,2.75393e+07,1.04858e+06,8.38861,166218,4.99821e+08,4.84059,0,0.0533542,1.1466e+09,0,1.04858e+06,1.38288e+08
"UmbraBloom_Nonpart_Scalar_4/MTCount/200/48/1/1000000/100000000/10/iterations:5/manual_time",5,5.13689,3.40053,ms,,,,,,290729,4328.26,1.06297e+08,10832.9,2.74993e+07,1.04858e+06,8.38861,150449,5.03837e+08,5.13689,0,0.0533542,1.11867e+09,0,1.04858e+06,1.39588e+08
"UmbraBloom_Nonpart_Scalar_4/MTCount/225/48/1/1000000/100000000/10/iterations:5/manual_time",5,5.21018,3.4335,ms,,,,,,391819,4442.21,1.08085e+08,11294.1,6.09373e+07,2.09715e+06,16.7772,154432,5.27434e+08,5.21018,0,0.0125326,1.11724e+09,0,2.09715e+06,1.47465e+08
"UmbraBloom_Nonpart_Scalar_4/MTCount/250/48/1/1000000/100000000/10/iterations:5/manual_time",5,5.06337,3.39566,ms,,,,,,376990,4207.3,1.06908e+08,11194.5,6.27586e+07,2.09715e+06,16.7772,171723,5.25857e+08,5.06337,0,0.0125326,1.06665e+09,0,2.09715e+06,1.4764e+08
"UmbraBloom_Nonpart_Scalar_4/MTCount/275/48/1/1000000/100000000/10/iterations:5/manual_time",5,5.34353,3.31839,ms,,,,,,304993,3836.52,1.09972e+08,13193.9,6.09688e+07,2.09715e+06,16.7772,158307,5.18786e+08,5.34353,0,0.0125326,1.15173e+09,0,2.09715e+06,1.46722e+08
"UmbraBloom_Nonpart_Scalar_4/MTCount/300/48/1/1000000/100000000/10/iterations:5/manual_time",5,5.11174,3.37503,ms,,,,,,330049,4444.69,1.04349e+08,10918.1,6.13529e+07,2.09715e+06,16.7772,137502,5.31017e+08,5.11174,0,0.0125326,1.09198e+09,0,2.09715e+06,1.45468e+08
"UmbraBloom_Nonpart_Scalar_4/MTCount/325/48/1/1000000/100000000/10/iterations:5/manual_time",5,5.12175,3.41908,ms,,,,,,372884,4376.14,1.06695e+08,10180.4,6.12772e+07,2.09715e+06,16.7772,118191,5.32467e+08,5.12175,0,0.0125326,1.12937e+09,0,2.09715e+06,1.48499e+08
"UmbraBloom_Nonpart_Scalar_4/MTCount/350/48/1/1000000/100000000/10/iterations:5/manual_time",5,5.09112,3.15999,ms,,,,,,416952,4221.24,1.08211e+08,9806.31,6.21792e+07,2.09715e+06,16.7772,145516,5.20317e+08,5.09112,0,0.0125326,1.11196e+09,0,2.09715e+06,1.47193e+08
"UmbraBloom_Nonpart_Scalar_4/MTCount/375/48/1/1000000/100000000/10/iterations:5/manual_time",5,5.17244,3.45307,ms,,,,,,337985,4237.73,1.06807e+08,10224.6,6.15939e+07,2.09715e+06,16.7772,148195,5.31482e+08,5.17244,0,0.0125326,1.10687e+09,0,2.09715e+06,1.48063e+08
"UmbraBloom_Nonpart_Scalar_4/MTCount/400/48/1/1000000/100000000/10/iterations:5/manual_time",5,4.90564,2.99286,ms,,,,,,433923,4311.66,1.09047e+08,10606.4,6.21531e+07,2.09715e+06,16.7772,170613,5.15817e+08,4.90564,0,0.0125326,1.12275e+09,0,2.09715e+06,1.49095e+08
"UmbraBloom_Nonpart_Scalar_4/MTCount/425/48/1/1000000/100000000/10/iterations:5/manual_time",5,4.86743,2.7676,ms,,,,,,527269,4112.39,1.07026e+08,10805.2,8.22284e+07,4.1943e+06,33.5544,155881,5.45412e+08,4.86743,0,0.00301466,1.14985e+09,0,4.1943e+06,1.5452e+08
"UmbraBloom_Nonpart_Scalar_4/MTCount/450/48/1/1000000/100000000/10/iterations:5/manual_time",5,4.92531,2.93724,ms,,,,,,607716,4500.72,1.06113e+08,11754.4,8.30849e+07,4.1943e+06,33.5544,166336,5.53401e+08,4.92531,0,0.00301466,1.08708e+09,0,4.1943e+06,1.5584e+08
"UmbraBloom_Nonpart_Scalar_4/MTCount/475/48/1/1000000/100000000/10/iterations:5/manual_time",5,5.26314,3.35523,ms,,,,,,561981,4324.32,1.07772e+08,10275.2,8.37201e+07,4.1943e+06,33.5544,156066,5.52532e+08,5.26314,0,0.00301466,1.06429e+09,0,4.1943e+06,1.54188e+08
"UmbraBloom_Nonpart_Scalar_4/MTCount/500/48/1/1000000/100000000/10/iterations:5/manual_time",5,5.34898,3.41172,ms,,,,,,427703,3872.14,1.0594e+08,11510,8.37648e+07,4.1943e+06,33.5544,137487,5.53953e+08,5.34898,0,0.00301466,1.1145e+09,0,4.1943e+06,1.53655e+08
"UmbraBloom_Nonpart_Scalar_4/MTCount/525/48/1/1000000/100000000/10/iterations:5/manual_time",5,5.37167,3.55313,ms,,,,,,444331,4297.72,1.07296e+08,10080.5,8.20802e+07,4.1943e+06,33.5544,141957,5.53401e+08,5.37167,0,0.00301466,1.10986e+09,0,4.1943e+06,1.54314e+08
"UmbraBloom_Nonpart_Scalar_4/MTCount/550/48/1/1000000/100000000/10/iterations:5/manual_time",5,5.41678,3.58142,ms,,,,,,478729,4314.32,1.05366e+08,11363.1,8.22127e+07,4.1943e+06,33.5544,114879,5.60414e+08,5.41678,0,0.00301466,1.15054e+09,0,4.1943e+06,1.5631e+08
"UmbraBloom_Nonpart_Scalar_4/MTCount/575/48/1/1000000/100000000/10/iterations:5/manual_time",5,5.39117,3.59651,ms,,,,,,495595,4300.93,1.07706e+08,11844.6,8.19937e+07,4.1943e+06,33.5544,143093,5.50014e+08,5.39117,0,0.00301466,1.14823e+09,0,4.1943e+06,1.54537e+08
"UmbraBloom_Nonpart_Scalar_4/MTCount/600/48/1/1000000/100000000/10/iterations:5/manual_time",5,5.5607,3.55272,ms,,,,,,474756,4206.81,1.05228e+08,11415.5,8.25184e+07,4.1943e+06,33.5544,139428,5.60561e+08,5.5607,0,0.00301466,1.10496e+09,0,4.1943e+06,1.56189e+08
"UmbraBloom_Nonpart_Scalar_4/MTCount/625/48/1/1000000/100000000/10/iterations:5/manual_time",5,5.38395,3.15339,ms,,,,,,550541,4263.91,1.07146e+08,10983.6,8.29996e+07,4.1943e+06,33.5544,156039,5.50947e+08,5.38395,0,0.00301466,1.0949e+09,0,4.1943e+06,1.54329e+08
"UmbraBloom_Nonpart_Scalar_4/MTCount/650/48/1/1000000/100000000/10/iterations:5/manual_time",5,5.39283,3.50741,ms,,,,,,435368,4377.23,1.05608e+08,11370.6,8.24991e+07,4.1943e+06,33.5544,166520,5.60919e+08,5.39283,0,0.00301466,1.08286e+09,0,4.1943e+06,1.55238e+08
"UmbraBloom_Nonpart_Scalar_4/MTCount/100/48/1/1778279/100000000/10/iterations:5/manual_time",5,4.98925,3.47203,ms,,,,,,303000,4407.65,1.05455e+08,9845.02,2.77596e+07,1.04858e+06,4.71726,134966,5.09266e+08,4.98925,0,0.165452,1.09592e+09,0,1.04858e+06,1.40388e+08
"UmbraBloom_Nonpart_Scalar_4/MTCount/125/48/1/1778279/100000000/10/iterations:5/manual_time",5,4.94071,3.06142,ms,,,,,,456835,4406.59,1.08817e+08,10687.2,6.16342e+07,2.09715e+06,9.43452,156290,5.23453e+08,4.94071,0,0.0419165,1.13091e+09,0,2.09715e+06,1.49974e+08
"UmbraBloom_Nonpart_Scalar_4/MTCount/150/48/1/1778279/100000000/10/iterations:5/manual_time",5,4.7355,2.94752,ms,,,,,,461449,4619.61,1.07155e+08,10972.5,6.20185e+07,2.09715e+06,9.43452,153049,5.19936e+08,4.7355,0,0.0419165,1.07902e+09,0,2.09715e+06,1.48694e+08
"UmbraBloom_Nonpart_Scalar_4/MTCount/175/48/1/1778279/100000000/10/iterations:5/manual_time",5,4.75587,2.84612,ms,,,,,,400543,4438.6,1.07538e+08,10897.2,6.19057e+07,2.09715e+06,9.43452,155630,5.23784e+08,4.75587,0,0.0419165,1.10255e+09,0,2.09715e+06,1.4892e+08
"UmbraBloom_Nonpart_Scalar_4/MTCount/200/48/1/1778279/100000000/10/iterations:5/manual_time",5,4.74756,2.90546,ms,,,,,,396094,4348.69,1.0847e+08,10832.5,6.15918e+07,2.09715e+06,9.43452,150932,5.19364e+08,4.74756,0,0.0419165,1.09568e+09,0,2.09715e+06,1.48614e+08
"UmbraBloom_Nonpart_Scalar_4/MTCount/225/48/1/1778279/100000000/10/iterations:5/manual_time",5,4.78335,2.93046,ms,,,,,,443439,4799.87,1.06623e+08,11743,6.1269e+07,2.09715e+06,9.43452,164033,5.25825e+08,4.78335,0,0.0419165,1.12339e+09,0,2.09715e+06,1.48811e+08
"UmbraBloom_Nonpart_Scalar_4/MTCount/250/48/1/1778279/100000000/10/iterations:5/manual_time",5,4.85835,2.9072,ms,,,,,,652873,4391.85,1.07635e+08,11262.4,8.30979e+07,4.1943e+06,18.869,145467,5.40315e+08,4.85835,0,0.00982323,1.05821e+09,0,4.1943e+06,1.54714e+08
"UmbraBloom_Nonpart_Scalar_4/MTCount/275/48/1/1778279/100000000/10/iterations:5/manual_time",5,4.98955,2.93698,ms,,,,,,580220,4347.41,1.05162e+08,11599.7,8.34569e+07,4.1943e+06,18.869,129303,5.52753e+08,4.98955,0,0.00982323,1.09008e+09,0,4.1943e+06,1.56254e+08
"UmbraBloom_Nonpart_Scalar_4/MTCount/300/48/1/1778279/100000000/10/iterations:5/manual_time",5,4.91135,2.9057,ms,,,,,,622087,4691.52,1.06707e+08,11856.4,8.30547e+07,4.1943e+06,18.869,135261,5.47862e+08,4.91135,0,0.00982323,1.04395e+09,0,4.1943e+06,1.5526e+08
"UmbraBloom_Nonpart_Scalar_4/MTCount/325/48/1/1778279/100000000/10/iterations:5/manual_time",5,4.89379,2.93346,ms,,,,,,525353,4414.03,1.05573e+08,11361.9,8.34112e+07,4.1943e+06,18.869,128125,5.4809e+08,4.89379,0,0.00982323,1.01614e+09,0,4.1943e+06,1.55335e+08
"UmbraBloom_Nonpart_Scalar_4/MTCount/350/48/1/1778279/100000000/10/iterations:5/manual_time",5,4.94254,2.92863,ms,,,,,,582790,4422.89,1.0727e+08,11370.8,8.2868e+07,4.1943e+06,18.869,149722,5.49187e+08,4.94254,0,0.00982323,1.07063e+09,0,4.1943e+06,1.55706e+08
"UmbraBloom_Nonpart_Scalar_4/MTCount/375/48/1/1778279/100000000/10/iterations:5/manual_time",5,4.91404,2.92558,ms,,,,,,646552,4503.45,1.07655e+08,11973.1,8.24808e+07,4.1943e+06,18.869,142076,5.44323e+08,4.91404,0,0.00982323,1.06888e+09,0,4.1943e+06,1.54861e+08
"UmbraBloom_Nonpart_Scalar_4/MTCount/400/48/1/1778279/100000000/10/iterations:5/manual_time",5,4.88916,2.99105,ms,,,,,,640618,4373.25,1.07314e+08,11401.2,8.28275e+07,4.1943e+06,18.869,140458,5.428e+08,4.88916,0,0.00982323,1.06486e+09,0,4.1943e+06,1.55211e+08
"UmbraBloom_Nonpart_Scalar_4/MTCount/425/48/1/1778279/100000000/10/iterations:5/manual_time",5,4.96059,2.95279,ms,,,,,,673670,4269.08,1.07924e+08,11749.1,8.46356e+07,4.1943e+06,18.869,142249,5.39526e+08,4.96059,0,0.00982323,1.05918e+09,0,4.1943e+06,1.56467e+08
"UmbraBloom_Nonpart_Scalar_4/MTCount/450/48/1/1778279/100000000/10/iterations:5/manual_time",5,4.92083,2.88884,ms,,,,,,551072,3963.25,1.08681e+08,11464.9,8.45854e+07,4.1943e+06,18.869,153797,5.41951e+08,4.92083,0,0.00982323,1.08524e+09,0,4.1943e+06,1.55856e+08
"UmbraBloom_Nonpart_Scalar_4/MTCount/475/48/1/1778279/100000000/10/iterations:5/manual_time",5,5.14744,2.90642,ms,,,,,,1.10475e+06,4332.6,1.05126e+08,11690.9,9.36693e+07,8.38861e+06,37.7381,151393,5.76072e+08,5.14744,0,0.00237923,1.1492e+09,0,8.38861e+06,1.63011e+08
"UmbraBloom_Nonpart_Scalar_4/MTCount/500/48/1/1778279/100000000/10/iterations:5/manual_time",5,5.36717,3.20238,ms,,,,,,726892,4446.05,1.01944e+08,12237.8,9.37031e+07,8.38861e+06,37.7381,139668,5.79998e+08,5.36717,0,0.00237923,1.08763e+09,0,8.38861e+06,1.61265e+08
"UmbraBloom_Nonpart_Scalar_4/MTCount/525/48/1/1778279/100000000/10/iterations:5/manual_time",5,5.74422,3.52869,ms,,,,,,769813,4219.32,1.04702e+08,12536.4,9.55489e+07,8.38861e+06,37.7381,145959,5.85211e+08,5.74422,0,0.00237923,1.06609e+09,0,8.38861e+06,1.62538e+08
"UmbraBloom_Nonpart_Scalar_4/MTCount/550/48/1/1778279/100000000/10/iterations:5/manual_time",5,5.18885,2.998,ms,,,,,,994382,4333.8,1.0667e+08,11591.7,9.45321e+07,8.38861e+06,37.7381,122442,5.7319e+08,5.18885,0,0.00237923,1.05429e+09,0,8.38861e+06,1.62427e+08
"UmbraBloom_Nonpart_Scalar_4/MTCount/575/48/1/1778279/100000000/10/iterations:5/manual_time",5,5.10618,2.8919,ms,,,,,,989397,4323.8,1.06187e+08,11189.6,9.34765e+07,8.38861e+06,37.7381,138105,5.69476e+08,5.10618,0,0.00237923,1.15287e+09,0,8.38861e+06,1.62e+08
"UmbraBloom_Nonpart_Scalar_4/MTCount/600/48/1/1778279/100000000/10/iterations:5/manual_time",5,5.47337,3.37113,ms,,,,,,903626,4431.12,1.04302e+08,11732.6,9.42933e+07,8.38861e+06,37.7381,154268,5.80417e+08,5.47337,0,0.00237923,1.02585e+09,0,8.38861e+06,1.6116e+08
"UmbraBloom_Nonpart_Scalar_4/MTCount/625/48/1/1778279/100000000/10/iterations:5/manual_time",5,5.60014,3.53122,ms,,,,,,747177,4035.64,1.06318e+08,11419.1,9.60762e+07,8.38861e+06,37.7381,171295,5.80488e+08,5.60014,0,0.00237923,1.06626e+09,0,8.38861e+06,1.61672e+08
"UmbraBloom_Nonpart_Scalar_4/MTCount/650/48/1/1778279/100000000/10/iterations:5/manual_time",5,5.65603,3.57716,ms,,,,,,858844,4251.69,1.05067e+08,10920.4,9.35469e+07,8.38861e+06,37.7381,133973,5.82883e+08,5.65603,0,0.00237923,1.0918e+09,0,8.38861e+06,1.62276e+08
"UmbraBloom_Nonpart_Scalar_4/MTCount/100/48/1/3162278/100000000/10/iterations:5/manual_time",5,5.18964,3.54463,ms,,,,,,320358,4109.5,1.06592e+08,9786.6,6.14711e+07,2.09715e+06,5.30542,120465,5.27919e+08,5.18964,0,0.132857,1.11577e+09,0,2.09715e+06,1.48087e+08
"UmbraBloom_Nonpart_Scalar_4/MTCount/125/48/1/3162278/100000000/10/iterations:5/manual_time",5,5.18506,3.55396,ms,,,,,,323676,4326.04,1.06007e+08,11022.3,6.14283e+07,2.09715e+06,5.30542,158364,5.33115e+08,5.18506,0,0.132857,1.08874e+09,0,2.09715e+06,1.47436e+08
"UmbraBloom_Nonpart_Scalar_4/MTCount/150/48/1/3162278/100000000/10/iterations:5/manual_time",5,5.483,3.62711,ms,,,,,,526668,4537.6,1.06166e+08,11637.5,8.24613e+07,4.1943e+06,10.6108,158897,5.55819e+08,5.483,0,0.0327988,1.11628e+09,0,4.1943e+06,1.56329e+08
"UmbraBloom_Nonpart_Scalar_4/MTCount/175/48/1/3162278/100000000/10/iterations:5/manual_time",5,5.5895,3.52282,ms,,,,,,519658,4248.94,1.06595e+08,10834.3,8.29113e+07,4.1943e+06,10.6108,140853,5.56279e+08,5.5895,0,0.0327988,1.09134e+09,0,4.1943e+06,1.56364e+08
"UmbraBloom_Nonpart_Scalar_4/MTCount/200/48/1/3162278/100000000/10/iterations:5/manual_time",5,5.40484,3.47111,ms,,,,,,415390,4261.31,1.05419e+08,11240,8.24383e+07,4.1943e+06,10.6108,165889,5.58084e+08,5.40484,0,0.0327988,1.1239e+09,0,4.1943e+06,1.54866e+08
"UmbraBloom_Nonpart_Scalar_4/MTCount/225/48/1/3162278/100000000/10/iterations:5/manual_time",5,5.39525,3.53329,ms,,,,,,569397,4574.73,1.03781e+08,11305.4,8.26595e+07,4.1943e+06,10.6108,142836,5.61054e+08,5.39525,0,0.0327988,1.08169e+09,0,4.1943e+06,1.56079e+08
"UmbraBloom_Nonpart_Scalar_4/MTCount/250/48/1/3162278/100000000/10/iterations:5/manual_time",5,5.37407,3.48139,ms,,,,,,440970,4292.54,1.07698e+08,11937.2,8.17671e+07,4.1943e+06,10.6108,143069,5.47754e+08,5.37407,0,0.0327988,1.13513e+09,0,4.1943e+06,1.55184e+08
"UmbraBloom_Nonpart_Scalar_4/MTCount/275/48/1/3162278/100000000/10/iterations:5/manual_time",5,5.72054,3.51268,ms,,,,,,850428,4363.17,1.04986e+08,11324.1,9.46821e+07,8.38861e+06,21.2217,131699,5.8722e+08,5.72054,0,0.00766393,1.06635e+09,0,8.38861e+06,1.62956e+08
"UmbraBloom_Nonpart_Scalar_4/MTCount/300/48/1/3162278/100000000/10/iterations:5/manual_time",5,5.69919,3.499,ms,,,,,,731905,4310.33,1.04679e+08,11180.1,9.36421e+07,8.38861e+06,21.2217,156908,5.86585e+08,5.69919,0,0.00766393,1.08473e+09,0,8.38861e+06,1.63021e+08
"UmbraBloom_Nonpart_Scalar_4/MTCount/325/48/1/3162278/100000000/10/iterations:5/manual_time",5,5.6394,3.3729,ms,,,,,,815708,4113.64,1.05318e+08,11495.3,9.53982e+07,8.38861e+06,21.2217,131596,5.81001e+08,5.6394,0,0.00766393,1.07632e+09,0,8.38861e+06,1.62052e+08
"UmbraBloom_Nonpart_Scalar_4/MTCount/350/48/1/3162278/100000000/10/iterations:5/manual_time",5,5.59529,3.55989,ms,,,,,,726350,4390.38,1.04859e+08,11893.9,9.31456e+07,8.38861e+06,21.2217,159715,5.82736e+08,5.59529,0,0.00766393,1.09923e+09,0,8.38861e+06,1.62007e+08
"UmbraBloom_Nonpart_Scalar_4/MTCount/375/48/1/3162278/100000000/10/iterations:5/manual_time",5,5.74226,3.55317,ms,,,,,,551564,4363.95,1.05012e+08,13257.5,9.22818e+07,8.38861e+06,21.2217,172048,5.81629e+08,5.74226,0,0.00766393,1.15933e+09,0,8.38861e+06,1.62478e+08
"UmbraBloom_Nonpart_Scalar_4/MTCount/400/48/1/3162278/100000000/10/iterations:5/manual_time",5,5.67462,3.61327,ms,,,,,,721976,4246.2,1.02931e+08,11148.3,9.39992e+07,8.38861e+06,21.2217,148511,5.87208e+08,5.67462,0,0.00766393,1.09439e+09,0,8.38861e+06,1.62242e+08
"UmbraBloom_Nonpart_Scalar_4/MTCount/425/48/1/3162278/100000000/10/iterations:5/manual_time",5,5.57315,3.32352,ms,,,,,,904466,3922.13,1.06947e+08,11045,9.63152e+07,8.38861e+06,21.2217,137277,5.75086e+08,5.57315,0,0.00766393,1.07829e+09,0,8.38861e+06,1.62952e+08
"UmbraBloom_Nonpart_Scalar_4/MTCount/450/48/1/3162278/100000000/10/iterations:5/manual_time",5,5.38965,3.23491,ms,,,,,,775378,4011.89,1.06879e+08,11170.3,9.41416e+07,8.38861e+06,21.2217,127850,5.78892e+08,5.38965,0,0.00766393,1.09571e+09,0,8.38861e+06,1.61585e+08
"UmbraBloom_Nonpart_Scalar_4/MTCount/475/48/1/3162278/100000000/10/iterations:5/manual_time",5,5.39988,3.26986,ms,,,,,,810600,4123,1.06452e+08,11013.9,9.49296e+07,8.38861e+06,21.2217,131766,5.7658e+08,5.39988,0,0.00766393,1.07165e+09,0,8.38861e+06,1.61546e+08
"UmbraBloom_Nonpart_Scalar_4/MTCount/500/48/1/3162278/100000000/10/iterations:5/manual_time",5,5.46749,3.30001,ms,,,,,,946842,4110.55,1.06221e+08,11258.1,9.41537e+07,8.38861e+06,21.2217,159320,5.83852e+08,5.46749,0,0.00766393,1.08028e+09,0,8.38861e+06,1.62422e+08
"UmbraBloom_Nonpart_Scalar_4/MTCount/525/48/1/3162278/100000000/10/iterations:5/manual_time",5,5.4165,3.27334,ms,,,,,,831269,4286.4,1.04842e+08,11316.3,9.4247e+07,8.38861e+06,21.2217,137279,5.83788e+08,5.4165,0,0.00766393,1.07669e+09,0,8.38861e+06,1.62294e+08
"UmbraBloom_Nonpart_Scalar_4/MTCount/550/48/1/3162278/100000000/10/iterations:5/manual_time",5,6.51422,3.52055,ms,,,,,,2.55255e+07,3766.78,1.00661e+08,14371.2,9.97996e+07,1.67772e+07,42.4434,151201,7.8511e+08,6.51422,0,0.00188741,1.15949e+09,0,1.67772e+07,2.14552e+08
"UmbraBloom_Nonpart_Scalar_4/MTCount/575/48/1/3162278/100000000/10/iterations:5/manual_time",5,6.50335,3.4175,ms,,,,,,2.5498e+07,3390.55,1.01521e+08,14878.8,1.00299e+08,1.67772e+07,42.4434,135864,7.82125e+08,6.50335,0,0.00188741,1.14972e+09,0,1.67772e+07,2.14128e+08
"UmbraBloom_Nonpart_Scalar_4/MTCount/600/48/1/3162278/100000000/10/iterations:5/manual_time",5,6.46833,3.52405,ms,,,,,,2.57875e+07,3700.93,1.01131e+08,13300.4,1.00667e+08,1.67772e+07,42.4434,151789,7.8148e+08,6.46833,0,0.00188741,1.12565e+09,0,1.67772e+07,2.13939e+08
"UmbraBloom_Nonpart_Scalar_4/MTCount/625/48/1/3162278/100000000/10/iterations:5/manual_time",5,6.44282,3.49388,ms,,,,,,2.57026e+07,3772.85,9.98219e+07,14354.8,1.00572e+08,1.67772e+07,42.4434,144453,7.82763e+08,6.44282,0,0.00188741,1.12376e+09,0,1.67772e+07,2.13639e+08
"UmbraBloom_Nonpart_Scalar_4/MTCount/650/48/1/3162278/100000000/10/iterations:5/manual_time",5,6.44766,3.49244,ms,,,,,,2.5578e+07,3641.77,1.01346e+08,14698.7,1.00179e+08,1.67772e+07,42.4434,145919,7.82549e+08,6.44766,0,0.00188741,1.14885e+09,0,1.67772e+07,2.13789e+08
"UmbraBloom_Nonpart_Scalar_4/MTCount/100/48/1/5623413/100000000/10/iterations:5/manual_time",5,5.23888,3.28638,ms,,,,,,477753,4077.39,1.07536e+08,10416.9,8.29923e+07,4.1943e+06,5.96692,121235,5.54477e+08,5.23888,0,0.105927,1.11056e+09,0,4.1943e+06,1.55918e+08
"UmbraBloom_Nonpart_Scalar_4/MTCount/125/48/1/5623413/100000000/10/iterations:5/manual_time",5,5.22428,3.22119,ms,,,,,,556147,3987.64,1.07715e+08,11043.8,8.44657e+07,4.1943e+06,5.96692,154789,5.45549e+08,5.22428,0,0.105927,1.08319e+09,0,4.1943e+06,1.55744e+08
"UmbraBloom_Nonpart_Scalar_4/MTCount/150/48/1/5623413/100000000/10/iterations:5/manual_time",5,5.42885,3.2592,ms,,,,,,890080,4324.21,1.06154e+08,11192.6,9.42758e+07,8.38861e+06,11.9338,159284,5.85203e+08,5.42885,0,0.0256027,1.08643e+09,0,8.38861e+06,1.63158e+08
"UmbraBloom_Nonpart_Scalar_4/MTCount/175/48/1/5623413/100000000/10/iterations:5/manual_time",5,5.42704,3.24143,ms,,,,,,728894,4152.55,1.05366e+08,11782.1,9.30175e+07,8.38861e+06,11.9338,130223,5.76525e+08,5.42704,0,0.0256027,1.11108e+09,0,8.38861e+06,1.62712e+08
"UmbraBloom_Nonpart_Scalar_4/MTCount/200/48/1/5623413/100000000/10/iterations:5/manual_time",5,5.57672,3.281,ms,,,,,,751760,4141.69,1.0481e+08,11690,9.40415e+07,8.38861e+06,11.9338,145594,5.81603e+08,5.57672,0,0.0256027,1.0932e+09,0,8.38861e+06,1.62781e+08
"UmbraBloom_Nonpart_Scalar_4/MTCount/225/48/1/5623413/100000000/10/iterations:5/manual_time",5,5.71029,3.33593,ms,,,,,,915054,4086.35,1.06062e+08,11873.4,9.59948e+07,8.38861e+06,11.9338,143510,5.82547e+08,5.71029,0,0.0256027,1.0611e+09,0,8.38861e+06,1.62928e+08
"UmbraBloom_Nonpart_Scalar_4/MTCount/250/48/1/5623413/100000000/10/iterations:5/manual_time",5,5.6123,3.48903,ms,,,,,,689156,4153.77,1.05257e+08,12829.9,9.26582e+07,8.38861e+06,11.9338,162080,5.78059e+08,5.6123,0,0.0256027,1.16167e+09,0,8.38861e+06,1.62661e+08
"UmbraBloom_Nonpart_Scalar_4/MTCount/275/48/1/5623413/100000000/10/iterations:5/manual_time",5,5.63615,3.22048,ms,,,,,,876813,3882.57,1.0678e+08,11818.1,9.50216e+07,8.38861e+06,11.9338,159828,5.77172e+08,5.63615,0,0.0256027,1.08711e+09,0,8.38861e+06,1.62096e+08
"UmbraBloom_Nonpart_Scalar_4/MTCount/300/48/1/5623413/100000000/10/iterations:5/manual_time",5,6.58378,3.0233,ms,,,,,,2.54955e+07,3777.4,9.93023e+07,15966.9,1.00779e+08,1.67772e+07,23.8677,149964,7.9271e+08,6.58378,0,0.00601973,1.13551e+09,0,1.67772e+07,2.17071e+08
"UmbraBloom_Nonpart_Scalar_4/MTCount/325/48/1/5623413/100000000/10/iterations:5/manual_time",5,6.81053,3.51993,ms,,,,,,2.53348e+07,3708.51,1.04712e+08,16755.8,9.9255e+07,1.67772e+07,23.8677,191072,7.81835e+08,6.81053,0,0.00601973,1.15714e+09,0,1.67772e+07,2.15295e+08
"UmbraBloom_Nonpart_Scalar_4/MTCount/350/48/1/5623413/100000000/10/iterations:5/manual_time",5,6.31173,2.54376,ms,,,,,,2.59609e+07,3641.63,1.03938e+08,15077.4,1.00345e+08,1.67772e+07,23.8677,120737,7.62555e+08,6.31173,0,0.00601973,1.12667e+09,0,1.67772e+07,2.09304e+08
"UmbraBloom_Nonpart_Scalar_4/MTCount/375/48/1/5623413/100000000/10/iterations:5/manual_time",5,6.14161,2.54611,ms,,,,,,2.61354e+07,3676.52,1.04431e+08,14880.2,1.01303e+08,1.67772e+07,23.8677,126486,7.55212e+08,6.14161,0,0.00601973,1.08197e+09,0,1.67772e+07,2.08474e+08
"UmbraBloom_Nonpart_Scalar_4/MTCount/400/48/1/5623413/100000000/10/iterations:5/manual_time",5,6.2497,2.6874,ms,,,,,,2.54489e+07,3670.89,9.95262e+07,15743.3,1.01419e+08,1.67772e+07,23.8677,134796,7.85552e+08,6.2497,0,0.00601973,1.12213e+09,0,1.67772e+07,2.16158e+08
"UmbraBloom_Nonpart_Scalar_4/MTCount/425/48/1/5623413/100000000/10/iterations:5/manual_time",5,6.64989,3.59376,ms,,,,,,2.51105e+07,4003.12,9.95254e+07,16514.4,1.00368e+08,1.67772e+07,23.8677,160962,8.03453e+08,6.64989,0,0.00601973,1.15062e+09,0,1.67772e+07,2.193e+08
"UmbraBloom_Nonpart_Scalar_4/MTCount/450/48/1/5623413/100000000/10/iterations:5/manual_time",5,6.61602,3.68013,ms,,,,,,2.54979e+07,3361.06,1.01566e+08,16081.5,9.88746e+07,1.67772e+07,23.8677,166574,7.76583e+08,6.61602,0,0.00601973,1.17537e+09,0,1.67772e+07,2.12223e+08
"UmbraBloom_Nonpart_Scalar_4/MTCount/475/48/1/5623413/100000000/10/iterations:5/manual_time",5,6.5539,2.62454,ms,,,,,,2.55046e+07,3424.27,9.84622e+07,17061.2,1.00885e+08,1.67772e+07,23.8677,114918,7.87079e+08,6.5539,0,0.00601973,1.1264e+09,0,1.67772e+07,2.15901e+08
"UmbraBloom_Nonpart_Scalar_4/MTCount/500/48/1/5623413/100000000/10/iterations:5/manual_time",5,6.47882,2.86039,ms,,,,,,2.62821e+07,3799.71,1.03979e+08,14487.7,1.02628e+08,1.67772e+07,23.8677,149389,7.71329e+08,6.47882,0,0.00601973,1.05823e+09,0,1.67772e+07,2.12237e+08
"UmbraBloom_Nonpart_Scalar_4/MTCount/525/48/1/5623413/100000000/10/iterations:5/manual_time",5,6.65358,3.46228,ms,,,,,,2.60095e+07,3710.55,1.02645e+08,13570.8,1.01453e+08,1.67772e+07,23.8677,149459,7.78073e+08,6.65358,0,0.00601973,1.10409e+09,0,1.67772e+07,2.12307e+08
"UmbraBloom_Nonpart_Scalar_4/MTCount/550/48/1/5623413/100000000/10/iterations:5/manual_time",5,6.48383,2.61915,ms,,,,,,2.51388e+07,3587.11,1.03848e+08,17700.5,9.98445e+07,1.67772e+07,23.8677,136542,7.78491e+08,6.48383,0,0.00601973,1.16204e+09,0,1.67772e+07,2.14954e+08
"UmbraBloom_Nonpart_Scalar_4/MTCount/575/48/1/5623413/100000000/10/iterations:5/manual_time",5,6.64835,3.63296,ms,,,,,,2.60629e+07,3712.43,1.00392e+08,15119,1.02459e+08,1.67772e+07,23.8677,160515,7.85838e+08,6.64835,0,0.00601973,1.08307e+09,0,1.67772e+07,2.14918e+08
"UmbraBloom_Nonpart_Scalar_4/MTCount/600/48/1/5623413/100000000/10/iterations:5/manual_time",5,14.6139,3.32398,ms,,,,,,6.29383e+07,4862.65,1.12498e+08,15607.4,9.99277e+07,3.35544e+07,47.7353,256853,2.16392e+09,14.6139,0,0.00149903,1.21252e+09,0,3.35544e+07,5.75564e+08
"UmbraBloom_Nonpart_Scalar_4/MTCount/625/48/1/5623413/100000000/10/iterations:5/manual_time",5,14.3769,3.32133,ms,,,,,,6.27987e+07,4658.54,1.1222e+08,15969.7,9.9903e+07,3.35544e+07,47.7353,257069,2.16432e+09,14.3769,0,0.00149903,1.21318e+09,0,3.35544e+07,5.75328e+08
"UmbraBloom_Nonpart_Scalar_4/MTCount/650/48/1/5623413/100000000/10/iterations:5/manual_time",5,14.5206,3.47825,ms,,,,,,6.27946e+07,5037.15,1.12472e+08,16679.8,9.95616e+07,3.35544e+07,47.7353,266287,2.16845e+09,14.5206,0,0.00149903,1.21853e+09,0,3.35544e+07,5.7647e+08
"UmbraBloom_Nonpart_Scalar_4/MTCount/100/48/1/10000000/100000000/10/iterations:5/manual_time",5,5.62875,3.53482,ms,,,,,,686809,4315.24,1.0362e+08,12699.5,9.26468e+07,8.38861e+06,6.71089,139818,5.78231e+08,5.62875,0,0.0838922,1.12744e+09,0,8.38861e+06,1.62953e+08
"UmbraBloom_Nonpart_Scalar_4/MTCount/125/48/1/10000000/100000000/10/iterations:5/manual_time",5,5.63323,3.56416,ms,,,,,,834627,4344.32,1.03749e+08,11627,9.40901e+07,8.38861e+06,6.71089,136568,5.85002e+08,5.63323,0,0.0838922,1.06045e+09,0,8.38861e+06,1.63998e+08
"UmbraBloom_Nonpart_Scalar_4/MTCount/150/48/1/10000000/100000000/10/iterations:5/manual_time",5,5.84593,3.5889,ms,,,,,,894200,4218.18,1.06574e+08,11120.9,9.43177e+07,8.38861e+06,6.71089,135224,5.80753e+08,5.84593,0,0.0838922,1.09519e+09,0,8.38861e+06,1.62935e+08
"UmbraBloom_Nonpart_Scalar_4/MTCount/175/48/1/10000000/100000000/10/iterations:5/manual_time",5,6.58799,3.45417,ms,,,,,,2.5452e+07,3499.04,1.00182e+08,16290.9,9.98735e+07,1.67772e+07,13.4218,166203,7.8835e+08,6.58799,0,0.0200176,1.15934e+09,0,1.67772e+07,2.15794e+08
"UmbraBloom_Nonpart_Scalar_4/MTCount/200/48/1/10000000/100000000/10/iterations:5/manual_time",5,6.35042,3.401,ms,,,,,,2.58296e+07,3562.45,1.03207e+08,14219.5,1.00227e+08,1.67772e+07,13.4218,144279,7.71644e+08,6.35042,0,0.0200176,1.13206e+09,0,1.67772e+07,2.11987e+08
"UmbraBloom_Nonpart_Scalar_4/MTCount/225/48/1/10000000/100000000/10/iterations:5/manual_time",5,6.40717,3.41753,ms,,,,,,2.55643e+07,3934.93,1.04259e+08,14885.6,9.94714e+07,1.67772e+07,13.4218,146431,7.69564e+08,6.40717,0,0.0200176,1.15411e+09,0,1.67772e+07,2.12012e+08
"UmbraBloom_Nonpart_Scalar_4/MTCount/250/48/1/10000000/100000000/10/iterations:5/manual_time",5,6.40241,2.57366,ms,,,,,,2.61549e+07,3663.21,1.04237e+08,15724.8,1.01716e+08,1.67772e+07,13.4218,124338,7.62392e+08,6.40241,0,0.0200176,1.08304e+09,0,1.67772e+07,2.10853e+08
"UmbraBloom_Nonpart_Scalar_4/MTCount/275/48/1/10000000/100000000/10/iterations:5/manual_time",5,6.24434,2.57272,ms,,,,,,2.55735e+07,3595.79,9.8747e+07,16777.1,1.01408e+08,1.67772e+07,13.4218,110528,7.75184e+08,6.24434,0,0.0200176,1.10693e+09,0,1.67772e+07,2.13547e+08
"UmbraBloom_Nonpart_Scalar_4/MTCount/300/48/1/10000000/100000000/10/iterations:5/manual_time",5,6.60428,3.64878,ms,,,,,,2.5462e+07,3336.65,1.02201e+08,15726.4,9.90594e+07,1.67772e+07,13.4218,173095,7.77845e+08,6.60428,0,0.0200176,1.17692e+09,0,1.67772e+07,2.13165e+08
"UmbraBloom_Nonpart_Scalar_4/MTCount/325/48/1/10000000/100000000/10/iterations:5/manual_time",5,6.59077,3.74005,ms,,,,,,2.57286e+07,3607.03,1.00356e+08,15576.1,9.98462e+07,1.67772e+07,13.4218,168741,7.79704e+08,6.59077,0,0.0200176,1.14584e+09,0,1.67772e+07,2.12868e+08
"UmbraBloom_Nonpart_Scalar_4/MTCount/350/48/1/10000000/100000000/10/iterations:5/manual_time",5,14.6426,3.52015,ms,,,,,,6.28326e+07,4729.2,1.12334e+08,16052.1,9.9651e+07,3.35544e+07,26.8435,287993,2.16949e+09,14.6426,0,0.0047341,1.21548e+09,0,3.35544e+07,5.76561e+08
"UmbraBloom_Nonpart_Scalar_4/MTCount/375/48/1/10000000/100000000/10/iterations:5/manual_time",5,14.9423,3.2678,ms,,,,,,6.28292e+07,4487.04,1.1253e+08,17270.1,9.98813e+07,3.35544e+07,26.8435,249473,2.15503e+09,14.9423,0,0.0047341,1.21406e+09,0,3.35544e+07,5.7311e+08
"UmbraBloom_Nonpart_Scalar_4/MTCount/400/48/1/10000000/100000000/10/iterations:5/manual_time",5,14.6824,3.39982,ms,,,,,,6.27694e+07,4691.66,1.1226e+08,16055.3,9.95738e+07,3.35544e+07,26.8435,248191,2.16499e+09,14.6824,0,0.0047341,1.21719e+09,0,3.35544e+07,5.754e+08
"UmbraBloom_Nonpart_Scalar_4/MTCount/425/48/1/10000000/100000000/10/iterations:5/manual_time",5,14.5854,3.46468,ms,,,,,,6.2748e+07,4783.73,1.12477e+08,16378.5,9.95767e+07,3.35544e+07,26.8435,251558,2.16789e+09,14.5854,0,0.0047341,1.21807e+09,0,3.35544e+07,5.7634e+08
"UmbraBloom_Nonpart_Scalar_4/MTCount/450/48/1/10000000/100000000/10/iterations:5/manual_time",5,14.3595,3.3248,ms,,,,,,6.29041e+07,4466.71,1.12229e+08,15376.9,1.00184e+08,3.35544e+07,26.8435,259276,2.16061e+09,14.3595,0,0.0047341,1.20889e+09,0,3.35544e+07,5.7466e+08
"UmbraBloom_Nonpart_Scalar_4/MTCount/475/48/1/10000000/100000000/10/iterations:5/manual_time",5,14.5921,3.49078,ms,,,,,,6.28327e+07,4548.72,1.12329e+08,16740.1,9.98185e+07,3.35544e+07,26.8435,259693,2.17072e+09,14.5921,0,0.0047341,1.21504e+09,0,3.35544e+07,5.77244e+08
"UmbraBloom_Nonpart_Scalar_4/MTCount/500/48/1/10000000/100000000/10/iterations:5/manual_time",5,14.7116,3.34338,ms,,,,,,6.29034e+07,5087.66,1.1241e+08,16379.7,9.98196e+07,3.35544e+07,26.8435,243174,2.15959e+09,14.7116,0,0.0047341,1.21336e+09,0,3.35544e+07,5.74214e+08
"UmbraBloom_Nonpart_Scalar_4/MTCount/525/48/1/10000000/100000000/10/iterations:5/manual_time",5,14.5189,3.46736,ms,,,,,,6.28009e+07,4703.23,1.1224e+08,14573.9,1.00002e+08,3.35544e+07,26.8435,255691,2.16803e+09,14.5189,0,0.0047341,1.21238e+09,0,3.35544e+07,5.76375e+08
"UmbraBloom_Nonpart_Scalar_4/MTCount/550/48/1/10000000/100000000/10/iterations:5/manual_time",5,14.5794,3.50584,ms,,,,,,6.28509e+07,4806.28,1.12321e+08,16430.3,9.96664e+07,3.35544e+07,26.8435,264295,2.17022e+09,14.5794,0,0.0047341,1.21552e+09,0,3.35544e+07,5.76732e+08
"UmbraBloom_Nonpart_Scalar_4/MTCount/575/48/1/10000000/100000000/10/iterations:5/manual_time",5,14.5134,3.46947,ms,,,,,,6.28235e+07,4684.66,1.12304e+08,15545.6,9.96948e+07,3.35544e+07,26.8435,250579,2.1633e+09,14.5134,0,0.0047341,1.21508e+09,0,3.35544e+07,5.75173e+08
"UmbraBloom_Nonpart_Scalar_4/MTCount/600/48/1/10000000/100000000/10/iterations:5/manual_time",5,14.2858,3.3192,ms,,,,,,6.27849e+07,4828.77,1.12227e+08,16082.7,9.99886e+07,3.35544e+07,26.8435,250541,2.15819e+09,14.2858,0,0.0047341,1.21187e+09,0,3.35544e+07,5.7389e+08
"UmbraBloom_Nonpart_Scalar_4/MTCount/625/48/1/10000000/100000000/10/iterations:5/manual_time",5,14.5075,3.51881,ms,,,,,,6.28392e+07,4855.79,1.12306e+08,16888.2,9.98018e+07,3.35544e+07,26.8435,256292,2.16445e+09,14.5075,0,0.0047341,1.2145e+09,0,3.35544e+07,5.75717e+08
"UmbraBloom_Nonpart_Scalar_4/MTCount/650/48/1/10000000/100000000/10/iterations:5/manual_time",5,14.7068,3.56787,ms,,,,,,6.27784e+07,4833.33,1.12383e+08,17149,9.96173e+07,3.35544e+07,26.8435,252758,2.1704e+09,14.7068,0,0.0047341,1.21726e+09,0,3.35544e+07,5.76772e+08
"UmbraBloom_Nonpart_Scalar_4/MTCount/100/48/1/17782794/100000000/10/iterations:5/manual_time",5,6.7312,3.72738,ms,,,,,,2.58889e+07,3625.54,1.01388e+08,14607.9,1.00399e+08,1.67772e+07,7.54762,148096,7.75092e+08,6.7312,0,0.0662221,1.11826e+09,0,1.67772e+07,2.12551e+08
"UmbraBloom_Nonpart_Scalar_4/MTCount/125/48/1/17782794/100000000/10/iterations:5/manual_time",5,6.78398,3.3184,ms,,,,,,2.58849e+07,4028.1,1.02101e+08,14387.5,1.00584e+08,1.67772e+07,7.54762,134536,7.75862e+08,6.78398,0,0.0662221,1.10741e+09,0,1.67772e+07,2.13583e+08
"UmbraBloom_Nonpart_Scalar_4/MTCount/150/48/1/17782794/100000000/10/iterations:5/manual_time",5,6.74752,2.55517,ms,,,,,,2.54485e+07,3805.54,1.04705e+08,18890.7,9.92899e+07,1.67772e+07,7.54762,151754,7.70692e+08,6.74752,0,0.0662221,1.16862e+09,0,1.67772e+07,2.11687e+08
"UmbraBloom_Nonpart_Scalar_4/MTCount/175/48/1/17782794/100000000/10/iterations:5/manual_time",5,6.63873,3.77466,ms,,,,,,2.56677e+07,3266.93,1.03017e+08,14543.8,9.93536e+07,1.67772e+07,7.54762,164416,7.74116e+08,6.63873,0,0.0662221,1.16878e+09,0,1.67772e+07,2.12516e+08
"UmbraBloom_Nonpart_Scalar_4/MTCount/200/48/1/17782794/100000000/10/iterations:5/manual_time",5,14.6103,3.54248,ms,,,,,,6.28789e+07,4839.22,1.12338e+08,16113.4,1.0001e+08,3.35544e+07,15.0952,239175,2.15487e+09,14.6103,0,0.0156476,1.21139e+09,0,3.35544e+07,5.73076e+08
"UmbraBloom_Nonpart_Scalar_4/MTCount/225/48/1/17782794/100000000/10/iterations:5/manual_time",5,14.6868,3.48236,ms,,,,,,6.27664e+07,4750.49,1.12309e+08,17062.8,9.96671e+07,3.35544e+07,15.0952,247871,2.16857e+09,14.6868,0,0.0156476,1.21616e+09,0,3.35544e+07,5.76311e+08
"UmbraBloom_Nonpart_Scalar_4/MTCount/250/48/1/17782794/100000000/10/iterations:5/manual_time",5,14.6167,3.44698,ms,,,,,,6.27754e+07,4695.38,1.12283e+08,15739,9.9757e+07,3.35544e+07,15.0952,235309,2.16648e+09,14.6167,0,0.0156476,1.21378e+09,0,3.35544e+07,5.75892e+08
"UmbraBloom_Nonpart_Scalar_4/MTCount/275/48/1/17782794/100000000/10/iterations:5/manual_time",5,14.5549,3.5494,ms,,,,,,6.28304e+07,4760.64,1.12424e+08,15652,9.97454e+07,3.35544e+07,15.0952,265255,2.16513e+09,14.5549,0,0.0156476,1.21407e+09,0,3.35544e+07,5.75549e+08
"UmbraBloom_Nonpart_Scalar_4/MTCount/300/48/1/17782794/100000000/10/iterations:5/manual_time",5,14.7071,3.48928,ms,,,,,,6.27629e+07,4710.16,1.12561e+08,15455.1,9.96001e+07,3.35544e+07,15.0952,267294,2.16764e+09,14.7071,0,0.0156476,1.21748e+09,0,3.35544e+07,5.76344e+08
"UmbraBloom_Nonpart_Scalar_4/MTCount/325/48/1/17782794/100000000/10/iterations:5/manual_time",5,14.5254,3.53023,ms,,,,,,6.28046e+07,4638.34,1.12447e+08,16586.9,9.97159e+07,3.35544e+07,15.0952,271888,2.15991e+09,14.5254,0,0.0156476,1.21535e+09,0,3.35544e+07,5.7412e+08
"UmbraBloom_Nonpart_Scalar_4/MTCount/350/48/1/17782794/100000000/10/iterations:5/manual_time",5,14.5322,3.33175,ms,,,,,,6.29166e+07,5244.59,1.12323e+08,16014.3,9.99129e+07,3.35544e+07,15.0952,241856,2.16819e+09,14.5322,0,0.0156476,1.21353e+09,0,3.35544e+07,5.76389e+08
"UmbraBloom_Nonpart_Scalar_4/MTCount/375/48/1/17782794/100000000/10/iterations:5/manual_time",5,14.4406,3.31258,ms,,,,,,6.29577e+07,4880.31,1.12288e+08,15548,1.00207e+08,3.35544e+07,15.0952,247912,2.16451e+09,14.4406,0,0.0156476,1.21049e+09,0,3.35544e+07,5.75721e+08
"UmbraBloom_Nonpart_Scalar_4/MTCount/400/48/1/17782794/100000000/10/iterations:5/manual_time",5,22.4898,3.36908,ms,,,,,,8.17117e+07,6039.76,1.13201e+08,19689.8,1.02339e+08,6.71089e+07,30.1905,282626,3.57526e+09,22.4898,0,0.00371254,1.21756e+09,0,6.71089e+07,9.48114e+08
"UmbraBloom_Nonpart_Scalar_4/MTCount/425/48/1/17782794/100000000/10/iterations:5/manual_time",5,22.6069,3.31927,ms,,,,,,8.17122e+07,5719.66,1.13157e+08,20456.4,1.02231e+08,6.71089e+07,30.1905,265485,3.58216e+09,22.6069,0,0.00371254,1.21829e+09,0,6.71089e+07,9.49951e+08
"UmbraBloom_Nonpart_Scalar_4/MTCount/450/48/1/17782794/100000000/10/iterations:5/manual_time",5,22.3727,3.38542,ms,,,,,,8.16621e+07,5879.83,1.13277e+08,19925.9,1.02263e+08,6.71089e+07,30.1905,307354,3.58419e+09,22.3727,0,0.00371254,1.21927e+09,0,6.71089e+07,9.50422e+08
"UmbraBloom_Nonpart_Scalar_4/MTCount/475/48/1/17782794/100000000/10/iterations:5/manual_time",5,22.3266,3.29454,ms,,,,,,8.17019e+07,5102.22,1.13325e+08,20531.7,1.02099e+08,6.71089e+07,30.1905,266276,3.55223e+09,22.3266,0,0.00371254,1.22155e+09,0,6.71089e+07,9.4225e+08
"UmbraBloom_Nonpart_Scalar_4/MTCount/500/48/1/17782794/100000000/10/iterations:5/manual_time",5,22.6001,3.28055,ms,,,,,,8.16102e+07,5442.29,1.13326e+08,20991.6,1.02157e+08,6.71089e+07,30.1905,286400,3.57789e+09,22.6001,0,0.00371254,1.21897e+09,0,6.71089e+07,9.48797e+08
"UmbraBloom_Nonpart_Scalar_4/MTCount/525/48/1/17782794/100000000/10/iterations:5/manual_time",5,21.4994,3.35329,ms,,,,,,8.1859e+07,6035.71,1.13704e+08,20825.3,1.01683e+08,6.71089e+07,30.1905,293286,3.4353e+09,21.4994,0,0.00371254,1.22114e+09,0,6.71089e+07,9.11005e+08
"UmbraBloom_Nonpart_Scalar_4/MTCount/550/48/1/17782794/100000000/10/iterations:5/manual_time",5,22.5126,3.47537,ms,,,,,,8.16119e+07,5393.73,1.13474e+08,19814.1,1.02097e+08,6.71089e+07,30.1905,320675,3.56329e+09,22.5126,0,0.00371254,1.21818e+09,0,6.71089e+07,9.4486e+08
"UmbraBloom_Nonpart_Scalar_4/MTCount/575/48/1/17782794/100000000/10/iterations:5/manual_time",5,22.5369,3.51566,ms,,,,,,8.16403e+07,5081.2,1.13399e+08,20358.1,1.02158e+08,6.71089e+07,30.1905,310696,3.57531e+09,22.5369,0,0.00371254,1.21916e+09,0,6.71089e+07,9.48236e+08
"UmbraBloom_Nonpart_Scalar_4/MTCount/600/48/1/17782794/100000000/10/iterations:5/manual_time",5,22.6673,3.53311,ms,,,,,,8.16834e+07,5843.56,1.13559e+08,19459.1,1.01973e+08,6.71089e+07,30.1905,352225,3.58603e+09,22.6673,0,0.00371254,1.21964e+09,0,6.71089e+07,9.50948e+08
"UmbraBloom_Nonpart_Scalar_4/MTCount/625/48/1/17782794/100000000/10/iterations:5/manual_time",5,21.5441,3.50443,ms,,,,,,8.17717e+07,5703.32,1.13634e+08,20706,1.01733e+08,6.71089e+07,30.1905,257653,3.43259e+09,21.5441,0,0.00371254,1.22011e+09,0,6.71089e+07,9.10367e+08
"UmbraBloom_Nonpart_Scalar_4/MTCount/650/48/1/17782794/100000000/10/iterations:5/manual_time",5,22.3621,3.4986,ms,,,,,,8.15525e+07,5399.42,1.13428e+08,20515.3,1.0213e+08,6.71089e+07,30.1905,295180,3.58096e+09,22.3621,0,0.00371254,1.2198e+09,0,6.71089e+07,9.49597e+08
"UmbraBloom_Nonpart_Scalar_4/MTCount/100/48/1/31622777/100000000/10/iterations:5/manual_time",5,6.64543,3.76674,ms,,,,,,2.54852e+07,3813.34,1.05276e+08,15265.7,9.85236e+07,1.67772e+07,4.24434,177822,7.71595e+08,6.64543,0,0.200154,1.17887e+09,0,1.67772e+07,2.12991e+08
"UmbraBloom_Nonpart_Scalar_4/MTCount/125/48/1/31622777/100000000/10/iterations:5/manual_time",5,14.6252,3.5119,ms,,,,,,6.28524e+07,4351.56,1.12472e+08,16381.3,1.0003e+08,3.35544e+07,8.48867,248346,2.1662e+09,14.6252,0,0.0520674,1.21427e+09,0,3.35544e+07,5.76052e+08
"UmbraBloom_Nonpart_Scalar_4/MTCount/150/48/1/31622777/100000000/10/iterations:5/manual_time",5,14.5377,3.51607,ms,,,,,,6.28237e+07,4888.76,1.12382e+08,16264.9,9.96524e+07,3.35544e+07,8.48867,262085,2.16087e+09,14.5377,0,0.0520674,1.21572e+09,0,3.35544e+07,5.74314e+08
"UmbraBloom_Nonpart_Scalar_4/MTCount/175/48/1/31622777/100000000/10/iterations:5/manual_time",5,14.6361,3.58563,ms,,,,,,6.28252e+07,4869.57,1.12224e+08,16319.3,9.98079e+07,3.35544e+07,8.48867,246349,2.16636e+09,14.6361,0,0.0520674,1.21403e+09,0,3.35544e+07,5.75827e+08
"UmbraBloom_Nonpart_Scalar_4/MTCount/200/48/1/31622777/100000000/10/iterations:5/manual_time",5,14.6711,3.47181,ms,,,,,,6.27944e+07,4980.1,1.12332e+08,16164.6,9.97666e+07,3.35544e+07,8.48867,241033,2.15772e+09,14.6711,0,0.0520674,1.21446e+09,0,3.35544e+07,5.73526e+08
"UmbraBloom_Nonpart_Scalar_4/MTCount/225/48/1/31622777/100000000/10/iterations:5/manual_time",5,22.4832,3.50724,ms,,,,,,8.15323e+07,5178.35,1.13524e+08,20439.6,1.02058e+08,6.71089e+07,16.9773,335061,3.59071e+09,22.4832,0,0.0122218,1.21978e+09,0,6.71089e+07,9.52178e+08
"UmbraBloom_Nonpart_Scalar_4/MTCount/250/48/1/31622777/100000000/10/iterations:5/manual_time",5,22.3873,3.18567,ms,,,,,,8.16625e+07,5288.89,1.13085e+08,21148.8,1.02268e+08,6.71089e+07,16.9773,346151,3.54103e+09,22.3873,0,0.0122218,1.2168e+09,0,6.71089e+07,9.3911e+08
"UmbraBloom_Nonpart_Scalar_4/MTCount/275/48/1/31622777/100000000/10/iterations:5/manual_time",5,22.6118,3.48448,ms,,,,,,8.16556e+07,5716.48,1.13232e+08,19340.6,1.02215e+08,6.71089e+07,16.9773,332279,3.57855e+09,22.6118,0,0.0122218,1.21732e+09,0,6.71089e+07,9.4886e+08
"UmbraBloom_Nonpart_Scalar_4/MTCount/300/48/1/31622777/100000000/10/iterations:5/manual_time",5,22.5493,3.20834,ms,,,,,,8.1663e+07,5748.88,1.13486e+08,21463.1,1.01915e+08,6.71089e+07,16.9773,312011,3.57256e+09,22.5493,0,0.0122218,1.22172e+09,0,6.71089e+07,9.47494e+08
"UmbraBloom_Nonpart_Scalar_4/MTCount/325/48/1/31622777/100000000/10/iterations:5/manual_time",5,22.3088,3.24952,ms,,,,,,8.16309e+07,5322.85,1.13269e+08,20802.8,1.0207e+08,6.71089e+07,16.9773,298191,3.59139e+09,22.3088,0,0.0122218,1.22212e+09,0,6.71089e+07,9.52623e+08
"UmbraBloom_Nonpart_Scalar_4/MTCount/350/48/1/31622777/100000000/10/iterations:5/manual_time",5,22.3248,3.50694,ms,,,,,,8.15368e+07,5767.71,1.13428e+08,20075.3,1.02063e+08,6.71089e+07,16.9773,300627,3.5824e+09,22.3248,0,0.0122218,1.22009e+09,0,6.71089e+07,9.49831e+08
"UmbraBloom_Nonpart_Scalar_4/MTCount/375/48/1/31622777/100000000/10/iterations:5/manual_time",5,21.5325,3.48055,ms,,,,,,8.17978e+07,5853.8,1.13671e+08,20353.2,1.01577e+08,6.71089e+07,16.9773,265233,3.44211e+09,21.5325,0,0.0122218,1.22111e+09,0,6.71089e+07,9.12918e+08
"UmbraBloom_Nonpart_Scalar_4/MTCount/400/48/1/31622777/100000000/10/iterations:5/manual_time",5,22.3325,3.48058,ms,,,,,,8.15546e+07,5464.42,1.13486e+08,20279.7,1.01985e+08,6.71089e+07,16.9773,295459,3.58271e+09,22.3325,0,0.0122218,1.22048e+09,0,6.71089e+07,9.49971e+08
"UmbraBloom_Nonpart_Scalar_4/MTCount/425/48/1/31622777/100000000/10/iterations:5/manual_time",5,26.4781,3.51046,ms,,,,,,9.10714e+07,5521.26,1.1379e+08,20193.5,1.09622e+08,1.34218e+08,33.9547,363820,4.33153e+09,26.4781,0,0.00293885,1.22406e+09,0,1.34218e+08,1.14811e+09
"UmbraBloom_Nonpart_Scalar_4/MTCount/450/48/1/31622777/100000000/10/iterations:5/manual_time",5,25.2882,3.48703,ms,,,,,,9.0786e+07,5308.8,1.13822e+08,20713.5,1.0943e+08,1.34218e+08,33.9547,335354,4.12518e+09,25.2882,0,0.00293885,1.22658e+09,0,1.34218e+08,1.0936e+09
"UmbraBloom_Nonpart_Scalar_4/MTCount/475/48/1/31622777/100000000/10/iterations:5/manual_time",5,26.2696,3.45456,ms,,,,,,9.08643e+07,5561.63,1.13722e+08,20332.8,1.09543e+08,1.34218e+08,33.9547,356268,4.30752e+09,26.2696,0,0.00293885,1.22542e+09,0,1.34218e+08,1.14166e+09
"UmbraBloom_Nonpart_Scalar_4/MTCount/500/48/1/31622777/100000000/10/iterations:5/manual_time",5,26.237,3.41727,ms,,,,,,9.11299e+07,5681,1.13862e+08,20434.6,1.09473e+08,1.34218e+08,33.9547,363527,4.25956e+09,26.237,0,0.00293885,1.22217e+09,0,1.34218e+08,1.1289e+09
"UmbraBloom_Nonpart_Scalar_4/MTCount/525/48/1/31622777/100000000/10/iterations:5/manual_time",5,25.1397,3.29056,ms,,,,,,9.08617e+07,5204.99,1.13839e+08,21639.9,1.09535e+08,1.34218e+08,33.9547,330276,4.11888e+09,25.1397,0,0.00293885,1.22525e+09,0,1.34218e+08,1.092e+09
"UmbraBloom_Nonpart_Scalar_4/MTCount/550/48/1/31622777/100000000/10/iterations:5/manual_time",5,26.291,3.1382,ms,,,,,,9.10438e+07,5539.15,1.13912e+08,20188.3,1.09419e+08,1.34218e+08,33.9547,354469,4.27416e+09,26.291,0,0.00293885,1.22611e+09,0,1.34218e+08,1.13301e+09
"UmbraBloom_Nonpart_Scalar_4/MTCount/575/48/1/31622777/100000000/10/iterations:5/manual_time",5,26.279,3.32672,ms,,,,,,9.08348e+07,5543.33,1.13685e+08,20971.7,1.0957e+08,1.34218e+08,33.9547,361501,4.32079e+09,26.279,0,0.00293885,1.2258e+09,0,1.34218e+08,1.14519e+09
"UmbraBloom_Nonpart_Scalar_4/MTCount/600/48/1/31622777/100000000/10/iterations:5/manual_time",5,25.1067,3.217,ms,,,,,,9.07894e+07,4513.75,1.13579e+08,21311,1.09575e+08,1.34218e+08,33.9547,319438,4.12136e+09,25.1067,0,0.00293885,1.2261e+09,0,1.34218e+08,1.09277e+09
"UmbraBloom_Nonpart_Scalar_4/MTCount/625/48/1/31622777/100000000/10/iterations:5/manual_time",5,26.1972,3.42264,ms,,,,,,9.10212e+07,5360.76,1.13584e+08,20696.4,1.09638e+08,1.34218e+08,33.9547,370733,4.28827e+09,26.1972,0,0.00293885,1.22262e+09,0,1.34218e+08,1.13666e+09
"UmbraBloom_Nonpart_Scalar_4/MTCount/650/48/1/31622777/100000000/10/iterations:5/manual_time",5,26.3261,3.44766,ms,,,,,,9.08964e+07,5087.61,1.13577e+08,21079.9,1.09612e+08,1.34218e+08,33.9547,330645,4.31188e+09,26.3261,0,0.00293885,1.22518e+09,0,1.34218e+08,1.14294e+09
"UmbraBloom_Nonpart_Scalar_4/MTCount/100/48/1/56234133/100000000/10/iterations:5/manual_time",5,14.4754,3.50917,ms,,,,,,6.2849e+07,4823.06,1.12401e+08,15498.1,9.98535e+07,3.35544e+07,4.77353,257978,2.15951e+09,14.4754,0,0.161868,1.21346e+09,0,3.35544e+07,5.74208e+08
"UmbraBloom_Nonpart_Scalar_4/MTCount/125/48/1/56234133/100000000/10/iterations:5/manual_time",5,22.6029,3.48197,ms,,,,,,8.16321e+07,5446.05,1.13457e+08,20259.9,1.02129e+08,6.71089e+07,9.54706,333451,3.58411e+09,22.6029,0,0.0408733,1.21927e+09,0,6.71089e+07,9.50353e+08
"UmbraBloom_Nonpart_Scalar_4/MTCount/150/48/1/56234133/100000000/10/iterations:5/manual_time",5,22.3802,3.14637,ms,,,,,,8.17497e+07,5581.28,1.13464e+08,20795.4,1.01812e+08,6.71089e+07,9.54706,292160,3.51949e+09,22.3802,0,0.0408733,1.22122e+09,0,6.71089e+07,9.33314e+08
"UmbraBloom_Nonpart_Scalar_4/MTCount/175/48/1/56234133/100000000/10/iterations:5/manual_time",5,22.8207,3.50222,ms,,,,,,8.17426e+07,5482.72,1.13579e+08,21309.1,1.01946e+08,6.71089e+07,9.54706,319030,3.54695e+09,22.8207,0,0.0408733,1.21965e+09,0,6.71089e+07,9.40635e+08
"UmbraBloom_Nonpart_Scalar_4/MTCount/200/48/1/56234133/100000000/10/iterations:5/manual_time",5,22.4162,3.15031,ms,,,,,,8.17329e+07,5406.74,1.13039e+08,20437.6,1.0222e+08,6.71089e+07,9.54706,331678,3.5444e+09,22.4162,0,0.0408733,1.21826e+09,0,6.71089e+07,9.4002e+08
"UmbraBloom_Nonpart_Scalar_4/MTCount/225/48/1/56234133/100000000/10/iterations:5/manual_time",5,22.4212,3.25455,ms,,,,,,8.1731e+07,5327.87,1.13265e+08,20720.8,1.02173e+08,6.71089e+07,9.54706,269283,3.57779e+09,22.4212,0,0.0408733,1.22096e+09,0,6.71089e+07,9.49094e+08
"UmbraBloom_Nonpart_Scalar_4/MTCount/250/48/1/56234133/100000000/10/iterations:5/manual_time",5,25.2709,3.32521,ms,,,,,,9.08067e+07,5264.33,1.13615e+08,20313.2,1.09642e+08,1.34218e+08,19.0941,345109,4.14469e+09,25.2709,0,0.00957621,1.22479e+09,0,1.34218e+08,1.0987e+09
"UmbraBloom_Nonpart_Scalar_4/MTCount/275/48/1/56234133/100000000/10/iterations:5/manual_time",5,26.4466,3.37266,ms,,,,,,9.10253e+07,5514.29,1.13775e+08,20244.2,1.09717e+08,1.34218e+08,19.0941,377315,4.33979e+09,26.4466,0,0.00957621,1.22326e+09,0,1.34218e+08,1.15029e+09
"UmbraBloom_Nonpart_Scalar_4/MTCount/300/48/1/56234133/100000000/10/iterations:5/manual_time",5,25.6038,3.4123,ms,,,,,,9.09298e+07,5802.57,1.13835e+08,20703,1.09503e+08,1.34218e+08,19.0941,367186,4.14171e+09,25.6038,0,0.00957621,1.22349e+09,0,1.34218e+08,1.09772e+09
"UmbraBloom_Nonpart_Scalar_4/MTCount/325/48/1/56234133/100000000/10/iterations:5/manual_time",5,26.6042,3.4174,ms,,,,,,9.09947e+07,5280.83,1.13742e+08,20259.6,1.09729e+08,1.34218e+08,19.0941,359733,4.32871e+09,26.6042,0,0.00957621,1.22348e+09,0,1.34218e+08,1.1474e+09
"UmbraBloom_Nonpart_Scalar_4/MTCount/350/48/1/56234133/100000000/10/iterations:5/manual_time",5,25.3286,3.30893,ms,,,,,,9.0823e+07,5187.97,1.13703e+08,20802,1.09694e+08,1.34218e+08,19.0941,335660,4.07973e+09,25.3286,0,0.00957621,1.22362e+09,0,1.34218e+08,1.08145e+09
"UmbraBloom_Nonpart_Scalar_4/MTCount/375/48/1/56234133/100000000/10/iterations:5/manual_time",5,26.4704,3.21003,ms,,,,,,9.10025e+07,5421.95,1.13698e+08,20545.1,1.09535e+08,1.34218e+08,19.0941,350270,4.2942e+09,26.4704,0,0.00957621,1.22636e+09,0,1.34218e+08,1.13849e+09
"UmbraBloom_Nonpart_Scalar_4/MTCount/400/48/1/56234133/100000000/10/iterations:5/manual_time",5,25.3727,3.23991,ms,,,,,,9.09308e+07,5571.08,1.13669e+08,21479.7,1.09672e+08,1.34218e+08,19.0941,364924,4.10506e+09,25.3727,0,0.00957621,1.22445e+09,0,1.34218e+08,1.08823e+09
"UmbraBloom_Nonpart_Scalar_4/MTCount/425/48/1/56234133/100000000/10/iterations:5/manual_time",5,26.5505,3.2288,ms,,,,,,9.11151e+07,5539.24,1.13655e+08,21214.3,1.09688e+08,1.34218e+08,19.0941,360173,4.29293e+09,26.5505,0,0.00957621,1.22357e+09,0,1.34218e+08,1.13809e+09
"UmbraBloom_Nonpart_Scalar_4/MTCount/450/48/1/56234133/100000000/10/iterations:5/manual_time",5,25.3632,3.23077,ms,,,,,,9.07643e+07,5061.13,1.13616e+08,22027.7,1.09686e+08,1.34218e+08,19.0941,335073,4.14833e+09,25.3632,0,0.00957621,1.22503e+09,0,1.34218e+08,1.09982e+09
"UmbraBloom_Nonpart_Scalar_4/MTCount/475/48/1/56234133/100000000/10/iterations:5/manual_time",5,26.467,3.21407,ms,,,,,,9.08231e+07,4608.06,1.13572e+08,21082,1.09763e+08,1.34218e+08,19.0941,369311,4.32182e+09,26.467,0,0.00957621,1.22702e+09,0,1.34218e+08,1.14593e+09
"UmbraBloom_Nonpart_Scalar_4/MTCount/500/48/1/56234133/100000000/10/iterations:5/manual_time",5,27.682,3.29629,ms,,,,,,9.53016e+07,5272.45,1.14137e+08,22165.6,1.31911e+08,2.68435e+08,38.1883,364270,4.50987e+09,27.682,0,0.00231889,1.23308e+09,0,2.68435e+08,1.19527e+09
"UmbraBloom_Nonpart_Scalar_4/MTCount/525/48/1/56234133/100000000/10/iterations:5/manual_time",5,28.9323,3.18566,ms,,,,,,9.52502e+07,4546.19,1.14111e+08,22338.1,1.32413e+08,2.68435e+08,38.1883,393502,4.77416e+09,28.9323,0,0.00231889,1.2302e+09,0,2.68435e+08,1.26505e+09
"UmbraBloom_Nonpart_Scalar_4/MTCount/550/48/1/56234133/100000000/10/iterations:5/manual_time",5,27.5934,3.15438,ms,,,,,,9.52342e+07,4585.8,1.14105e+08,22987.4,1.31926e+08,2.68435e+08,38.1883,336511,4.54182e+09,27.5934,0,0.00231889,1.23299e+09,0,2.68435e+08,1.20371e+09
"UmbraBloom_Nonpart_Scalar_4/MTCount/575/48/1/56234133/100000000/10/iterations:5/manual_time",5,28.6114,3.37177,ms,,,,,,9.53141e+07,4675.84,1.13861e+08,20520.2,1.32369e+08,2.68435e+08,38.1883,372559,4.74268e+09,28.6114,0,0.00231889,1.22999e+09,0,2.68435e+08,1.25679e+09
"UmbraBloom_Nonpart_Scalar_4/MTCount/600/48/1/56234133/100000000/10/iterations:5/manual_time",5,27.6673,2.97896,ms,,,,,,9.51271e+07,4503.77,1.13994e+08,23854.1,1.32214e+08,2.68435e+08,38.1883,321423,4.54771e+09,27.6673,0,0.00231889,1.2316e+09,0,2.68435e+08,1.2053e+09
"UmbraBloom_Nonpart_Scalar_4/MTCount/625/48/1/56234133/100000000/10/iterations:5/manual_time",5,28.5406,3.23802,ms,,,,,,9.5577e+07,5386.72,1.141e+08,22634.8,1.32177e+08,2.68435e+08,38.1883,377885,4.67429e+09,28.5406,0,0.00231889,1.231e+09,0,2.68435e+08,1.23891e+09
"UmbraBloom_Nonpart_Scalar_4/MTCount/650/48/1/56234133/100000000/10/iterations:5/manual_time",5,27.8279,3.27403,ms,,,,,,9.52696e+07,4630.56,1.14066e+08,21750.3,1.32154e+08,2.68435e+08,38.1883,337826,4.51955e+09,27.8279,0,0.00231889,1.23047e+09,0,2.68435e+08,1.19782e+09
"UmbraBloom_Nonpart_Scalar_4/MTCount/100/48/1/100000000/100000000/10/iterations:5/manual_time",5,22.4765,3.28314,ms,,,,,,8.1685e+07,5513.44,1.13128e+08,20026.2,1.02242e+08,6.71089e+07,5.36871,361353,3.55192e+09,22.4765,0,0.129905,1.21664e+09,0,6.71089e+07,9.41991e+08
"UmbraBloom_Nonpart_Scalar_4/MTCount/125/48/1/100000000/100000000/10/iterations:5/manual_time",5,21.7125,3.40676,ms,,,,,,8.19858e+07,6419.61,1.13728e+08,20258.5,1.01711e+08,6.71089e+07,5.36871,288244,3.40817e+09,21.7125,0,0.129905,1.21903e+09,0,6.71089e+07,9.03904e+08
"UmbraBloom_Nonpart_Scalar_4/MTCount/150/48/1/100000000/100000000/10/iterations:5/manual_time",5,26.5276,3.44894,ms,,,,,,9.09251e+07,5563.17,1.13584e+08,19918.1,1.097e+08,1.34218e+08,10.7374,339205,4.29563e+09,26.5276,0,0.0319913,1.22492e+09,0,1.34218e+08,1.13856e+09
"UmbraBloom_Nonpart_Scalar_4/MTCount/175/48/1/100000000/100000000/10/iterations:5/manual_time",5,25.2947,3.48712,ms,,,,,,9.08709e+07,5234.43,1.13599e+08,21178.5,1.09616e+08,1.34218e+08,10.7374,329590,4.11246e+09,25.2947,0,0.0319913,1.22372e+09,0,1.34218e+08,1.09021e+09
"UmbraBloom_Nonpart_Scalar_4/MTCount/200/48/1/100000000/100000000/10/iterations:5/manual_time",5,26.2989,3.2206,ms,,,,,,9.10376e+07,5519.35,1.13702e+08,20118.4,1.09675e+08,1.34218e+08,10.7374,349105,4.30441e+09,26.2989,0,0.0319913,1.22375e+09,0,1.34218e+08,1.14103e+09
"UmbraBloom_Nonpart_Scalar_4/MTCount/225/48/1/100000000/100000000/10/iterations:5/manual_time",5,25.156,3.16098,ms,,,,,,9.08165e+07,4756.41,1.13437e+08,21467.8,1.09984e+08,1.34218e+08,10.7374,347781,4.12185e+09,25.156,0,0.0319913,1.22289e+09,0,1.34218e+08,1.09288e+09
"UmbraBloom_Nonpart_Scalar_4/MTCount/250/48/1/100000000/100000000/10/iterations:5/manual_time",5,26.3137,3.48389,ms,,,,,,9.1106e+07,5721.7,1.13786e+08,21010.2,1.0962e+08,1.34218e+08,10.7374,375325,4.29447e+09,26.3137,0,0.0319913,1.22195e+09,0,1.34218e+08,1.13815e+09
"UmbraBloom_Nonpart_Scalar_4/MTCount/275/48/1/100000000/100000000/10/iterations:5/manual_time",5,27.0133,3.16119,ms,,,,,,9.499e+07,3290.46,1.13654e+08,22846.7,1.32434e+08,2.68435e+08,21.4748,329197,4.45219e+09,27.0133,0,0.00748705,1.23098e+09,0,2.68435e+08,1.18011e+09
"UmbraBloom_Nonpart_Scalar_4/MTCount/300/48/1/100000000/100000000/10/iterations:5/manual_time",5,27.4943,3.1205,ms,,,,,,9.52948e+07,4740.95,1.14281e+08,23532.2,1.31886e+08,2.68435e+08,21.4748,369012,4.52213e+09,27.4943,0,0.00748705,1.23169e+09,0,2.68435e+08,1.1985e+09
"UmbraBloom_Nonpart_Scalar_4/MTCount/325/48/1/100000000/100000000/10/iterations:5/manual_time",5,28.5298,3.22144,ms,,,,,,9.54342e+07,3895.29,1.13538e+08,21231.5,1.32803e+08,2.68435e+08,21.4748,350788,4.65225e+09,28.5298,0,0.00748705,1.22533e+09,0,2.68435e+08,1.23333e+09
"UmbraBloom_Nonpart_Scalar_4/MTCount/350/48/1/100000000/100000000/10/iterations:5/manual_time",5,27.0393,3.21995,ms,,,,,,9.50885e+07,3876.84,1.13587e+08,21579.3,1.32743e+08,2.68435e+08,21.4748,364865,4.41994e+09,27.0393,0,0.00748705,1.23042e+09,0,2.68435e+08,1.17157e+09
"UmbraBloom_Nonpart_Scalar_4/MTCount/375/48/1/100000000/100000000/10/iterations:5/manual_time",5,28.1416,3.22678,ms,,,,,,9.55118e+07,5218.17,1.14011e+08,22043.4,1.32322e+08,2.68435e+08,21.4748,364800,4.63663e+09,28.1416,0,0.00748705,1.22732e+09,0,2.68435e+08,1.22862e+09
"UmbraBloom_Nonpart_Scalar_4/MTCount/400/48/1/100000000/100000000/10/iterations:5/manual_time",5,28.1838,3.19352,ms,,,,,,9.55141e+07,4794.87,1.13923e+08,21685,1.32302e+08,2.68435e+08,21.4748,356692,4.68331e+09,28.1838,0,0.00748705,1.22763e+09,0,2.68435e+08,1.2415e+09
"UmbraBloom_Nonpart_Scalar_4/MTCount/425/48/1/100000000/100000000/10/iterations:5/manual_time",5,26.699,2.9998,ms,,,,,,9.51262e+07,3652.68,1.13574e+08,22629.4,1.32441e+08,2.68435e+08,21.4748,334669,4.43325e+09,26.699,0,0.00748705,1.23056e+09,0,2.68435e+08,1.17533e+09
"UmbraBloom_Nonpart_Scalar_4/MTCount/450/48/1/100000000/100000000/10/iterations:5/manual_time",5,27.9176,3.0937,ms,,,,,,9.53468e+07,4321.35,1.14149e+08,23046.9,1.31909e+08,2.68435e+08,21.4748,345762,4.54425e+09,27.9176,0,0.00748705,1.23162e+09,0,2.68435e+08,1.20458e+09
"UmbraBloom_Nonpart_Scalar_4/MTCount/475/48/1/100000000/100000000/10/iterations:5/manual_time",5,28.0289,3.41976,ms,,,,,,9.53495e+07,4872.18,1.14201e+08,22614.1,1.31976e+08,2.68435e+08,21.4748,353877,4.58529e+09,28.0289,0,0.00748705,1.22953e+09,0,2.68435e+08,1.2151e+09
"UmbraBloom_Nonpart_Scalar_4/MTCount/500/48/1/100000000/100000000/10/iterations:5/manual_time",5,27.1947,3.21991,ms,,,,,,9.52254e+07,4748,1.1402e+08,22880.9,1.31947e+08,2.68435e+08,21.4748,336313,4.50594e+09,27.1947,0,0.00748705,1.23274e+09,0,2.68435e+08,1.19437e+09
"UmbraBloom_Nonpart_Scalar_4/MTCount/525/48/1/100000000/100000000/10/iterations:5/manual_time",5,27.6413,3.37399,ms,,,,,,9.53278e+07,4877.58,1.14224e+08,22454.1,1.31829e+08,2.68435e+08,21.4748,350348,4.53375e+09,27.6413,0,0.00748705,1.23196e+09,0,2.68435e+08,1.20161e+09
"UmbraBloom_Nonpart_Scalar_4/MTCount/550/48/1/100000000/100000000/10/iterations:5/manual_time",5,28.4572,3.32974,ms,,,,,,9.78725e+07,4620.53,1.14278e+08,22019.6,1.60805e+08,5.36871e+08,42.9497,368831,4.60558e+09,28.4572,0,0.00183606,1.22653e+09,0,5.36871e+08,1.22045e+09
"UmbraBloom_Nonpart_Scalar_4/MTCount/575/48/1/100000000/100000000/10/iterations:5/manual_time",5,29.5726,3.23939,ms,,,,,,9.78259e+07,4085.36,1.13976e+08,22019.8,1.60948e+08,5.36871e+08,42.9497,374627,4.83718e+09,29.5726,0,0.00183606,1.23112e+09,0,5.36871e+08,1.28215e+09
"UmbraBloom_Nonpart_Scalar_4/MTCount/600/48/1/100000000/100000000/10/iterations:5/manual_time",5,29.1767,3.21094,ms,,,,,,9.75065e+07,3319.61,1.13867e+08,21672.4,1.61712e+08,5.36871e+08,42.9497,375623,4.81896e+09,29.1767,0,0.00183606,1.2278e+09,0,5.36871e+08,1.27719e+09
"UmbraBloom_Nonpart_Scalar_4/MTCount/625/48/1/100000000/100000000/10/iterations:5/manual_time",5,27.5759,3.40168,ms,,,,,,9.76719e+07,4078.54,1.14247e+08,21442.9,1.60808e+08,5.36871e+08,42.9497,362490,4.50444e+09,27.5759,0,0.00183606,1.22857e+09,0,5.36871e+08,1.19391e+09
"UmbraBloom_Nonpart_Scalar_4/MTCount/650/48/1/100000000/100000000/10/iterations:5/manual_time",5,29.2064,3.03277,ms,,,,,,9.74542e+07,3234.31,1.13882e+08,23339.5,1.61343e+08,5.36871e+08,42.9497,356239,4.8484e+09,29.2064,0,0.00183606,1.23129e+09,0,5.36871e+08,1.285e+09
"UmbraBloom_Nonpart_AVX512_4/MTCount/100/48/1/10000/100000000/10/iterations:5/manual_time",5,4.63192,3.05725,ms,,,,,,206187,4569.27,1.31412e+07,10284.8,455755,8192,6.5536,139648,4.79564e+08,4.63192,0,0.0875806,2.88486e+08,0,8192,1.32017e+08
"UmbraBloom_Nonpart_AVX512_4/MTCount/125/48/1/10000/100000000/10/iterations:5/manual_time",5,4.71786,2.97081,ms,,,,,,205600,4357.12,1.29618e+07,10118.1,455697,8192,6.5536,131052,4.77432e+08,4.71786,0,0.0875806,2.83379e+08,0,8192,1.33117e+08
"UmbraBloom_Nonpart_AVX512_4/MTCount/150/48/1/10000/100000000/10/iterations:5/manual_time",5,4.79661,3.04106,ms,,,,,,204893,4243.29,1.30362e+07,10311,429774,8192,6.5536,132299,4.7436e+08,4.79661,0,0.0875806,2.86851e+08,0,8192,1.31904e+08
"UmbraBloom_Nonpart_AVX512_4/MTCount/175/48/1/10000/100000000/10/iterations:5/manual_time",5,4.66974,3.00336,ms,,,,,,206240,4356.84,1.60216e+07,9889.6,399159,16384,13.1072,124684,4.84171e+08,4.66974,0,0.0212633,2.87843e+08,0,16384,1.34796e+08
"UmbraBloom_Nonpart_AVX512_4/MTCount/200/48/1/10000/100000000/10/iterations:5/manual_time",5,4.71364,3.00616,ms,,,,,,205048,4332.86,1.56668e+07,10049.1,373717,16384,13.1072,114297,4.92676e+08,4.71364,0,0.0212633,2.87569e+08,0,16384,1.35455e+08
"UmbraBloom_Nonpart_AVX512_4/MTCount/225/48/1/10000/100000000/10/iterations:5/manual_time",5,4.67101,3.02604,ms,,,,,,205671,4310.3,1.60984e+07,9999.11,408508,16384,13.1072,127270,4.86092e+08,4.67101,0,0.0212633,2.91863e+08,0,16384,1.33897e+08
"UmbraBloom_Nonpart_AVX512_4/MTCount/250/48/1/10000/100000000/10/iterations:5/manual_time",5,4.65506,2.86739,ms,,,,,,206636,4496.17,1.58696e+07,10867.2,411681,16384,13.1072,121541,4.75068e+08,4.65506,0,0.0212633,2.83567e+08,0,16384,1.3331e+08
"UmbraBloom_Nonpart_AVX512_4/MTCount/275/48/1/10000/100000000/10/iterations:5/manual_time",5,4.90965,3.08389,ms,,,,,,205217,4301.75,1.58275e+07,10269.8,383605,16384,13.1072,126589,4.89381e+08,4.90965,0,0.0212633,2.91097e+08,0,16384,1.34838e+08
"UmbraBloom_Nonpart_AVX512_4/MTCount/300/48/1/10000/100000000/10/iterations:5/manual_time",5,4.70137,2.56779,ms,,,,,,204184,4064.66,1.56802e+07,13273.6,402243,16384,13.1072,148072,4.7452e+08,4.70137,0,0.0212633,3.03962e+08,0,16384,1.33982e+08
"UmbraBloom_Nonpart_AVX512_4/MTCount/325/48/1/10000/100000000/10/iterations:5/manual_time",5,4.38005,2.64792,ms,,,,,,209075,4652.99,1.59564e+07,11256.4,406242,16384,13.1072,242488,4.74155e+08,4.38005,0,0.0212633,2.95452e+08,0,16384,1.32998e+08
"UmbraBloom_Nonpart_AVX512_4/MTCount/350/48/1/10000/100000000/10/iterations:5/manual_time",5,5.26632,2.8309,ms,,,,,,206511,4212.49,4.31513e+07,12862.8,1.15322e+06,32768,26.2144,124216,5.90365e+08,5.26632,0,0.0048445,2.95875e+08,0,32768,1.63394e+08
"UmbraBloom_Nonpart_AVX512_4/MTCount/375/48/1/10000/100000000/10/iterations:5/manual_time",5,5.24233,2.83364,ms,,,,,,207060,4040.21,4.2787e+07,11913.5,1.12467e+06,32768,26.2144,129624,5.97151e+08,5.24233,0,0.0048445,2.90152e+08,0,32768,1.63443e+08
"UmbraBloom_Nonpart_AVX512_4/MTCount/400/48/1/10000/100000000/10/iterations:5/manual_time",5,5.28875,3.11069,ms,,,,,,205174,4542.74,4.2311e+07,12414.1,1.1601e+06,32768,26.2144,145924,5.98254e+08,5.28875,0,0.0048445,3.02345e+08,0,32768,1.64631e+08
"UmbraBloom_Nonpart_AVX512_4/MTCount/425/48/1/10000/100000000/10/iterations:5/manual_time",5,5.35316,3.10155,ms,,,,,,206169,4333.35,4.30578e+07,12193.3,1.15217e+06,32768,26.2144,138822,5.927e+08,5.35316,0,0.0048445,2.9725e+08,0,32768,1.64273e+08
"UmbraBloom_Nonpart_AVX512_4/MTCount/450/48/1/10000/100000000/10/iterations:5/manual_time",5,5.28836,3.17523,ms,,,,,,206381,4500.43,4.33198e+07,11396,1.12614e+06,32768,26.2144,137469,6.01046e+08,5.28836,0,0.0048445,2.9894e+08,0,32768,1.63826e+08
"UmbraBloom_Nonpart_AVX512_4/MTCount/475/48/1/10000/100000000/10/iterations:5/manual_time",5,5.42736,3.1221,ms,,,,,,206818,4393.63,4.3053e+07,11692,1.12785e+06,32768,26.2144,133545,6.00166e+08,5.42736,0,0.0048445,2.95429e+08,0,32768,1.64342e+08
"UmbraBloom_Nonpart_AVX512_4/MTCount/500/48/1/10000/100000000/10/iterations:5/manual_time",5,5.4403,3.16489,ms,,,,,,207983,3961.42,4.3221e+07,10821.8,1.1188e+06,32768,26.2144,139712,5.86583e+08,5.4403,0,0.0048445,2.97972e+08,0,32768,1.62762e+08
"UmbraBloom_Nonpart_AVX512_4/MTCount/525/48/1/10000/100000000/10/iterations:5/manual_time",5,5.43191,3.00079,ms,,,,,,206138,4241.11,4.29596e+07,12755.4,1.14286e+06,32768,26.2144,139713,5.9289e+08,5.43191,0,0.0048445,2.94314e+08,0,32768,1.63107e+08
"UmbraBloom_Nonpart_AVX512_4/MTCount/550/48/1/10000/100000000/10/iterations:5/manual_time",5,5.50706,3.0787,ms,,,,,,206551,4203.19,4.31205e+07,12137.8,1.15609e+06,32768,26.2144,128193,5.86862e+08,5.50706,0,0.0048445,2.94226e+08,0,32768,1.63092e+08
"UmbraBloom_Nonpart_AVX512_4/MTCount/575/48/1/10000/100000000/10/iterations:5/manual_time",5,5.32781,3.09817,ms,,,,,,205969,4329.98,4.32488e+07,12133.5,1.13949e+06,32768,26.2144,150768,6.02806e+08,5.32781,0,0.0048445,3.04915e+08,0,32768,1.64141e+08
"UmbraBloom_Nonpart_AVX512_4/MTCount/600/48/1/10000/100000000/10/iterations:5/manual_time",5,5.33341,3.15804,ms,,,,,,203103,4476.49,4.27494e+07,12760.4,1.13499e+06,32768,26.2144,152863,5.98532e+08,5.33341,0,0.0048445,3.0186e+08,0,32768,1.64229e+08
"UmbraBloom_Nonpart_AVX512_4/MTCount/625/48/1/10000/100000000/10/iterations:5/manual_time",5,5.63783,2.9763,ms,,,,,,203416,3682.31,4.46551e+07,17009.9,1.10512e+06,32768,26.2144,141566,5.88806e+08,5.63783,0,0.0048445,3.04376e+08,0,32768,1.63093e+08
"UmbraBloom_Nonpart_AVX512_4/MTCount/650/48/1/10000/100000000/10/iterations:5/manual_time",5,5.24241,2.89999,ms,,,,,,206618,4199.89,4.30225e+07,11622.3,1.12442e+06,32768,26.2144,136037,5.87787e+08,5.24241,0,0.0048445,2.95674e+08,0,32768,1.62426e+08
"UmbraBloom_Nonpart_AVX512_4/MTCount/100/48/1/17783/100000000/10/iterations:5/manual_time",5,4.57658,2.93509,ms,,,,,,207372,4318.93,1.60367e+07,10852.4,386356,16384,7.37063,152210,4.747e+08,4.57658,0,0.0701215,2.92629e+08,0,16384,1.31881e+08
"UmbraBloom_Nonpart_AVX512_4/MTCount/125/48/1/17783/100000000/10/iterations:5/manual_time",5,4.70235,3.10825,ms,,,,,,206057,4445.94,1.57426e+07,10346.1,403131,16384,7.37063,129079,4.84961e+08,4.70235,0,0.0701215,2.90001e+08,0,16384,1.34075e+08
"UmbraBloom_Nonpart_AVX512_4/MTCount/150/48/1/17783/100000000/10/iterations:5/manual_time",5,4.89603,3.11655,ms,,,,,,204745,4155.61,1.61665e+07,10798.6,413174,16384,7.37063,143732,4.84129e+08,4.89603,0,0.0701215,2.97571e+08,0,16384,1.3522e+08
"UmbraBloom_Nonpart_AVX512_4/MTCount/175/48/1/17783/100000000/10/iterations:5/manual_time",5,4.49285,2.78443,ms,,,,,,207586,4371.21,1.56616e+07,11661.8,396680,16384,7.37063,187820,4.85958e+08,4.49285,0,0.0701215,2.90861e+08,0,16384,1.34822e+08
"UmbraBloom_Nonpart_AVX512_4/MTCount/200/48/1/17783/100000000/10/iterations:5/manual_time",5,5.34486,3.01656,ms,,,,,,205417,4442.35,4.27148e+07,12649.9,1.15109e+06,32768,14.7413,148876,6.01311e+08,5.34486,0,0.0164967,2.99292e+08,0,32768,1.64902e+08
"UmbraBloom_Nonpart_AVX512_4/MTCount/225/48/1/17783/100000000/10/iterations:5/manual_time",5,5.24643,2.91111,ms,,,,,,207545,4000.74,4.31201e+07,11352.3,1.12037e+06,32768,14.7413,142033,5.91079e+08,5.24643,0,0.0164967,2.97569e+08,0,32768,1.63223e+08
"UmbraBloom_Nonpart_AVX512_4/MTCount/250/48/1/17783/100000000/10/iterations:5/manual_time",5,5.2535,2.93156,ms,,,,,,207872,4555.87,4.2944e+07,12122.1,1.1208e+06,32768,14.7413,126974,6.00362e+08,5.2535,0,0.0164967,3.03851e+08,0,32768,1.63583e+08
"UmbraBloom_Nonpart_AVX512_4/MTCount/275/48/1/17783/100000000/10/iterations:5/manual_time",5,5.24617,2.95213,ms,,,,,,206827,4516.07,4.30486e+07,12359,1.12732e+06,32768,14.7413,154711,6.00776e+08,5.24617,0,0.0164967,3.0264e+08,0,32768,1.64064e+08
"UmbraBloom_Nonpart_AVX512_4/MTCount/300/48/1/17783/100000000/10/iterations:5/manual_time",5,5.17476,2.96875,ms,,,,,,207189,4378.95,4.31101e+07,12733.3,1.13459e+06,32768,14.7413,144936,5.94707e+08,5.17476,0,0.0164967,2.96001e+08,0,32768,1.6368e+08
"UmbraBloom_Nonpart_AVX512_4/MTCount/325/48/1/17783/100000000/10/iterations:5/manual_time",5,5.23774,2.95977,ms,,,,,,208814,4187.17,4.28675e+07,11528.3,1.12534e+06,32768,14.7413,164268,5.98149e+08,5.23774,0,0.0164967,3.00438e+08,0,32768,1.64361e+08
"UmbraBloom_Nonpart_AVX512_4/MTCount/350/48/1/17783/100000000/10/iterations:5/manual_time",5,5.16206,2.93441,ms,,,,,,207355,4380.36,4.30552e+07,12041.4,1.11144e+06,32768,14.7413,134566,5.98112e+08,5.16206,0,0.0164967,2.99836e+08,0,32768,1.64242e+08
"UmbraBloom_Nonpart_AVX512_4/MTCount/375/48/1/17783/100000000/10/iterations:5/manual_time",5,5.26445,3.01086,ms,,,,,,209576,4431.41,7.38248e+07,12137.2,1.14613e+06,65536,29.4825,132685,6.07739e+08,5.26445,0,0.00396508,3.018e+08,0,65536,1.66827e+08
"UmbraBloom_Nonpart_AVX512_4/MTCount/400/48/1/17783/100000000/10/iterations:5/manual_time",5,5.33405,2.9702,ms,,,,,,206920,4135.17,7.54045e+07,12443.5,1.17188e+06,65536,29.4825,149108,5.95883e+08,5.33405,0,0.00396508,2.91443e+08,0,65536,1.64807e+08
"UmbraBloom_Nonpart_AVX512_4/MTCount/425/48/1/17783/100000000/10/iterations:5/manual_time",5,5.61996,3.02479,ms,,,,,,209945,4028.88,7.48575e+07,11498.6,1.14849e+06,65536,29.4825,138635,6.01992e+08,5.61996,0,0.00396508,2.90918e+08,0,65536,1.65519e+08
"UmbraBloom_Nonpart_AVX512_4/MTCount/450/48/1/17783/100000000/10/iterations:5/manual_time",5,5.38499,3.13181,ms,,,,,,208837,4243.85,7.50327e+07,11623,1.1848e+06,65536,29.4825,145642,6.02405e+08,5.38499,0,0.00396508,2.95439e+08,0,65536,1.6659e+08
"UmbraBloom_Nonpart_AVX512_4/MTCount/475/48/1/17783/100000000/10/iterations:5/manual_time",5,5.38539,3.15115,ms,,,,,,210072,4718.43,7.54822e+07,12171.2,1.17418e+06,65536,29.4825,147711,6.08485e+08,5.38539,0,0.00396508,2.98913e+08,0,65536,1.66376e+08
"UmbraBloom_Nonpart_AVX512_4/MTCount/500/48/1/17783/100000000/10/iterations:5/manual_time",5,5.70145,2.94235,ms,,,,,,204066,3852.49,7.85166e+07,18076.1,1.14598e+06,65536,29.4825,170599,5.95081e+08,5.70145,0,0.00396508,3.05862e+08,0,65536,1.66191e+08
"UmbraBloom_Nonpart_AVX512_4/MTCount/525/48/1/17783/100000000/10/iterations:5/manual_time",5,5.34917,3.09856,ms,,,,,,210123,4376.21,7.5521e+07,11071,1.1639e+06,65536,29.4825,144838,6.03613e+08,5.34917,0,0.00396508,2.97141e+08,0,65536,1.65646e+08
"UmbraBloom_Nonpart_AVX512_4/MTCount/550/48/1/17783/100000000/10/iterations:5/manual_time",5,5.43035,3.15889,ms,,,,,,209384,4496.57,7.49469e+07,12497.8,1.18387e+06,65536,29.4825,158965,6.00146e+08,5.43035,0,0.00396508,2.92784e+08,0,65536,1.665e+08
"UmbraBloom_Nonpart_AVX512_4/MTCount/575/48/1/17783/100000000/10/iterations:5/manual_time",5,5.43408,3.08213,ms,,,,,,206186,4216.04,7.53441e+07,11800.8,1.16016e+06,65536,29.4825,137161,6.05701e+08,5.43408,0,0.00396508,3.00564e+08,0,65536,1.66476e+08
"UmbraBloom_Nonpart_AVX512_4/MTCount/600/48/1/17783/100000000/10/iterations:5/manual_time",5,5.39293,3.14376,ms,,,,,,209111,4688.12,7.32001e+07,12174.5,1.18833e+06,65536,29.4825,166940,6.12187e+08,5.39293,0,0.00396508,2.99593e+08,0,65536,1.67331e+08
"UmbraBloom_Nonpart_AVX512_4/MTCount/625/48/1/17783/100000000/10/iterations:5/manual_time",5,5.48584,2.93203,ms,,,,,,208359,4042.3,7.43731e+07,11661.9,1.13346e+06,65536,29.4825,118748,6.00475e+08,5.48584,0,0.00396508,2.96083e+08,0,65536,1.6591e+08
"UmbraBloom_Nonpart_AVX512_4/MTCount/650/48/1/17783/100000000/10/iterations:5/manual_time",5,5.37512,2.94653,ms,,,,,,209386,4299.35,7.48681e+07,12010.5,1.15992e+06,65536,29.4825,137532,6.00791e+08,5.37512,0,0.00396508,2.96697e+08,0,65536,1.66297e+08
"UmbraBloom_Nonpart_AVX512_4/MTCount/100/48/1/31623/100000000/10/iterations:5/manual_time",5,4.56373,2.89159,ms,,,,,,206814,4121.57,1.5939e+07,11172.2,391652,16384,4.14483,170537,4.72278e+08,4.56373,0,0.207689,2.84116e+08,0,16384,1.33847e+08
"UmbraBloom_Nonpart_AVX512_4/MTCount/125/48/1/31623/100000000/10/iterations:5/manual_time",5,5.21597,2.96746,ms,,,,,,207898,4323.52,4.29043e+07,11509.5,1.10209e+06,32768,8.28966,135526,5.9614e+08,5.21597,0,0.0545812,2.96723e+08,0,32768,1.63457e+08
"UmbraBloom_Nonpart_AVX512_4/MTCount/150/48/1/31623/100000000/10/iterations:5/manual_time",5,5.29422,3.11841,ms,,,,,,208070,4275.27,4.33867e+07,10951,1.12274e+06,32768,8.28966,141860,5.96001e+08,5.29423,0,0.0545812,3.0186e+08,0,32768,1.62823e+08
"UmbraBloom_Nonpart_AVX512_4/MTCount/175/48/1/31623/100000000/10/iterations:5/manual_time",5,5.38579,3.08849,ms,,,,,,206499,4375.51,4.34704e+07,12306,1.14393e+06,32768,8.28966,126692,5.99142e+08,5.38579,0,0.0545812,3.00278e+08,0,32768,1.63196e+08
"UmbraBloom_Nonpart_AVX512_4/MTCount/200/48/1/31623/100000000/10/iterations:5/manual_time",5,5.391,3.1196,ms,,,,,,205882,4568.61,4.29367e+07,12436.8,1.13977e+06,32768,8.28966,132619,6.07434e+08,5.391,0,0.0545812,3.00497e+08,0,32768,1.65296e+08
"UmbraBloom_Nonpart_AVX512_4/MTCount/225/48/1/31623/100000000/10/iterations:5/manual_time",5,5.45363,3.16733,ms,,,,,,210261,4389.04,7.47741e+07,11035.4,1.13646e+06,65536,16.5793,127990,5.9918e+08,5.45363,0,0.0128941,2.93114e+08,0,65536,1.66897e+08
"UmbraBloom_Nonpart_AVX512_4/MTCount/250/48/1/31623/100000000/10/iterations:5/manual_time",5,5.61006,2.90837,ms,,,,,,207035,4044.6,7.77834e+07,16019.5,1.19454e+06,65536,16.5793,185072,5.95638e+08,5.61006,0,0.0128941,3.00529e+08,0,65536,1.6619e+08
"UmbraBloom_Nonpart_AVX512_4/MTCount/275/48/1/31623/100000000/10/iterations:5/manual_time",5,5.31837,3.09878,ms,,,,,,208986,4399.92,7.53177e+07,11734.2,1.15693e+06,65536,16.5793,151872,6.01253e+08,5.31837,0,0.0128941,2.9508e+08,0,65536,1.66096e+08
"UmbraBloom_Nonpart_AVX512_4/MTCount/300/48/1/31623/100000000/10/iterations:5/manual_time",5,5.33012,2.90186,ms,,,,,,208675,3917.46,7.42358e+07,12932.4,1.16934e+06,65536,16.5793,149804,6.00668e+08,5.33012,0,0.0128941,2.94639e+08,0,65536,1.66473e+08
"UmbraBloom_Nonpart_AVX512_4/MTCount/325/48/1/31623/100000000/10/iterations:5/manual_time",5,5.17636,2.87052,ms,,,,,,207968,4554.67,7.30684e+07,12831.3,1.15688e+06,65536,16.5793,146770,6.00815e+08,5.17636,0,0.0128941,3.01966e+08,0,65536,1.65397e+08
"UmbraBloom_Nonpart_AVX512_4/MTCount/350/48/1/31623/100000000/10/iterations:5/manual_time",5,5.17677,2.83345,ms,,,,,,211125,4434.02,7.49102e+07,11906.1,1.14576e+06,65536,16.5793,134008,5.97476e+08,5.17677,0,0.0128941,2.91903e+08,0,65536,1.65684e+08
"UmbraBloom_Nonpart_AVX512_4/MTCount/375/48/1/31623/100000000/10/iterations:5/manual_time",5,5.40659,2.93355,ms,,,,,,210570,4381.21,7.4459e+07,11465.4,1.13814e+06,65536,16.5793,136125,6.04465e+08,5.40659,0,0.0128941,2.95242e+08,0,65536,1.67889e+08
"UmbraBloom_Nonpart_AVX512_4/MTCount/400/48/1/31623/100000000/10/iterations:5/manual_time",5,5.39917,3.09457,ms,,,,,,209494,4251.59,7.52815e+07,10908.6,1.14376e+06,65536,16.5793,148194,6.00162e+08,5.39917,0,0.0128941,2.97143e+08,0,65536,1.6595e+08
"UmbraBloom_Nonpart_AVX512_4/MTCount/425/48/1/31623/100000000/10/iterations:5/manual_time",5,5.49368,3.11755,ms,,,,,,209424,4085.33,9.22648e+07,10956.3,1.17568e+06,131072,33.1587,129271,6.17451e+08,5.49368,0,0.00311473,2.94701e+08,0,131072,1.69442e+08
"UmbraBloom_Nonpart_AVX512_4/MTCount/450/48/1/31623/100000000/10/iterations:5/manual_time",5,5.46325,3.13997,ms,,,,,,209253,4623.8,9.27345e+07,13030.6,1.19395e+06,131072,33.1587,143972,6.16475e+08,5.46325,0,0.00311473,2.99985e+08,0,131072,1.69261e+08
"UmbraBloom_Nonpart_AVX512_4/MTCount/475/48/1/31623/100000000/10/iterations:5/manual_time",5,5.61928,3.2037,ms,,,,,,213160,4136.92,9.22191e+07,11429.9,1.16041e+06,131072,33.1587,132811,6.14213e+08,5.61928,0,0.00311473,2.95388e+08,0,131072,1.69764e+08
"UmbraBloom_Nonpart_AVX512_4/MTCount/500/48/1/31623/100000000/10/iterations:5/manual_time",5,5.44054,3.16279,ms,,,,,,209172,4421.88,9.18812e+07,12675.5,1.19486e+06,131072,33.1587,134934,6.16935e+08,5.44054,0,0.00311473,2.9197e+08,0,131072,1.68918e+08
"UmbraBloom_Nonpart_AVX512_4/MTCount/525/48/1/31623/100000000/10/iterations:5/manual_time",5,5.72109,3.24375,ms,,,,,,210463,4278.88,9.22245e+07,12403.9,1.18472e+06,131072,33.1587,130542,6.10539e+08,5.72109,0,0.00311473,2.89642e+08,0,131072,1.69516e+08
"UmbraBloom_Nonpart_AVX512_4/MTCount/550/48/1/31623/100000000/10/iterations:5/manual_time",5,5.54797,3.05845,ms,,,,,,212529,4498.24,9.19198e+07,12130.9,1.16694e+06,131072,33.1587,127447,6.07555e+08,5.54797,0,0.00311473,2.86846e+08,0,131072,1.67972e+08
"UmbraBloom_Nonpart_AVX512_4/MTCount/575/48/1/31623/100000000/10/iterations:5/manual_time",5,5.63317,2.98483,ms,,,,,,210481,4356.04,9.15343e+07,12361.2,1.16665e+06,131072,33.1587,121667,6.09519e+08,5.63317,0,0.00311473,2.84832e+08,0,131072,1.68833e+08
"UmbraBloom_Nonpart_AVX512_4/MTCount/600/48/1/31623/100000000/10/iterations:5/manual_time",5,5.40799,3.1323,ms,,,,,,208052,4061.23,9.19724e+07,12403.4,1.18012e+06,131072,33.1587,143830,6.10382e+08,5.40799,0,0.00311473,3.06517e+08,0,131072,1.69363e+08
"UmbraBloom_Nonpart_AVX512_4/MTCount/625/48/1/31623/100000000/10/iterations:5/manual_time",5,5.4736,3.18057,ms,,,,,,211171,4402.85,9.14512e+07,11905.8,1.15207e+06,131072,33.1587,123345,6.20678e+08,5.4736,0,0.00311473,2.97029e+08,0,131072,1.69457e+08
"UmbraBloom_Nonpart_AVX512_4/MTCount/650/48/1/31623/100000000/10/iterations:5/manual_time",5,5.4684,3.14093,ms,,,,,,210118,4333.62,9.14543e+07,12566.1,1.17402e+06,131072,33.1587,135634,6.19646e+08,5.4684,0,0.00311473,2.98711e+08,0,131072,1.69308e+08
"UmbraBloom_Nonpart_AVX512_4/MTCount/100/48/1/56234/100000000/10/iterations:5/manual_time",5,5.34428,3.06089,ms,,,,,,206943,4364.53,4.33623e+07,11980.2,1.14453e+06,32768,4.66166,134031,5.97762e+08,5.34428,0,0.169622,2.99987e+08,0,32768,1.6297e+08
"UmbraBloom_Nonpart_AVX512_4/MTCount/125/48/1/56234/100000000/10/iterations:5/manual_time",5,5.43036,3.16247,ms,,,,,,206625,4344.67,7.38057e+07,13231.7,1.18222e+06,65536,9.32333,136657,6.05701e+08,5.43036,0,0.0429036,3.074e+08,0,65536,1.66876e+08
"UmbraBloom_Nonpart_AVX512_4/MTCount/150/48/1/56234/100000000/10/iterations:5/manual_time",5,5.38969,3.16358,ms,,,,,,206917,4384.15,7.45381e+07,12348.7,1.1768e+06,65536,9.32333,145420,6.11376e+08,5.38969,0,0.0429036,2.94849e+08,0,65536,1.67202e+08
"UmbraBloom_Nonpart_AVX512_4/MTCount/175/48/1/56234/100000000/10/iterations:5/manual_time",5,5.45392,3.0769,ms,,,,,,205356,4383.57,7.29164e+07,13689,1.20466e+06,65536,9.32333,149722,6.06995e+08,5.45392,0,0.0429036,3.05586e+08,0,65536,1.66876e+08
"UmbraBloom_Nonpart_AVX512_4/MTCount/200/48/1/56234/100000000/10/iterations:5/manual_time",5,5.61188,3.08907,ms,,,,,,208113,4542.22,7.33213e+07,12393.5,1.1637e+06,65536,9.32333,140066,6.09087e+08,5.61188,0,0.0429036,2.96694e+08,0,65536,1.65768e+08
"UmbraBloom_Nonpart_AVX512_4/MTCount/225/48/1/56234/100000000/10/iterations:5/manual_time",5,5.41693,3.10392,ms,,,,,,209177,4136.68,7.49029e+07,11515,1.14431e+06,65536,9.32333,136457,6.04751e+08,5.41693,0,0.0429036,2.99137e+08,0,65536,1.66021e+08
"UmbraBloom_Nonpart_AVX512_4/MTCount/250/48/1/56234/100000000/10/iterations:5/manual_time",5,5.36299,2.50694,ms,,,,,,211816,4556.44,9.19178e+07,13315.3,1.15967e+06,131072,18.6467,115680,6.10969e+08,5.36299,0,0.0101148,3.02784e+08,0,131072,1.67763e+08
"UmbraBloom_Nonpart_AVX512_4/MTCount/275/48/1/56234/100000000/10/iterations:5/manual_time",5,5.23636,2.64265,ms,,,,,,213938,4424.09,9.25645e+07,13287.5,1.19294e+06,131072,18.6467,148049,6.11136e+08,5.23636,0,0.0101148,2.95748e+08,0,131072,1.69091e+08
"UmbraBloom_Nonpart_AVX512_4/MTCount/300/48/1/56234/100000000/10/iterations:5/manual_time",5,5.50822,3.07133,ms,,,,,,211804,4385.13,9.1718e+07,12871.8,1.20819e+06,131072,18.6467,143160,6.18004e+08,5.50822,0,0.0101148,2.99976e+08,0,131072,1.68955e+08
"UmbraBloom_Nonpart_AVX512_4/MTCount/325/48/1/56234/100000000/10/iterations:5/manual_time",5,5.68864,3.17413,ms,,,,,,205134,4282.24,9.08366e+07,14117,1.21514e+06,131072,18.6467,136217,6.17227e+08,5.68864,0,0.0101148,3.02835e+08,0,131072,1.69918e+08
"UmbraBloom_Nonpart_AVX512_4/MTCount/350/48/1/56234/100000000/10/iterations:5/manual_time",5,5.48259,3.1203,ms,,,,,,210319,4267.92,9.26759e+07,11787.6,1.1671e+06,131072,18.6467,126598,6.14406e+08,5.48259,0,0.0101148,2.9861e+08,0,131072,1.68657e+08
"UmbraBloom_Nonpart_AVX512_4/MTCount/375/48/1/56234/100000000/10/iterations:5/manual_time",5,5.49946,3.13587,ms,,,,,,211559,4213.14,9.19425e+07,12072.5,1.17386e+06,131072,18.6467,141936,6.16069e+08,5.49946,0,0.0101148,2.93644e+08,0,131072,1.69071e+08
"UmbraBloom_Nonpart_AVX512_4/MTCount/400/48/1/56234/100000000/10/iterations:5/manual_time",5,5.62284,3.151,ms,,,,,,211641,4011.76,9.23171e+07,12191.4,1.19415e+06,131072,18.6467,147819,6.08177e+08,5.62284,0,0.0101148,2.89323e+08,0,131072,1.69376e+08
"UmbraBloom_Nonpart_AVX512_4/MTCount/425/48/1/56234/100000000/10/iterations:5/manual_time",5,5.44856,3.119,ms,,,,,,208813,4245.37,9.31712e+07,12115.8,1.19103e+06,131072,18.6467,143393,6.15382e+08,5.44856,0,0.0101148,3.01843e+08,0,131072,1.68851e+08
"UmbraBloom_Nonpart_AVX512_4/MTCount/450/48/1/56234/100000000/10/iterations:5/manual_time",5,5.24963,2.68896,ms,,,,,,215323,3988.03,9.28149e+07,12055.2,1.14794e+06,131072,18.6467,135598,6.0826e+08,5.24963,0,0.0101148,2.95476e+08,0,131072,1.6882e+08
"UmbraBloom_Nonpart_AVX512_4/MTCount/475/48/1/56234/100000000/10/iterations:5/manual_time",5,5.47108,3.1384,ms,,,,,,219434,4166.66,1.01575e+08,12124.5,1.30358e+06,262144,37.2933,131698,6.15758e+08,5.47108,0,0.00241967,2.95075e+08,0,262144,1.69349e+08
"UmbraBloom_Nonpart_AVX512_4/MTCount/500/48/1/56234/100000000/10/iterations:5/manual_time",5,5.48034,3.1875,ms,,,,,,209640,4349.7,9.86564e+07,13715,1.36056e+06,262144,37.2933,135196,6.19929e+08,5.48034,0,0.00241967,3.02776e+08,0,262144,1.6999e+08
"UmbraBloom_Nonpart_AVX512_4/MTCount/525/48/1/56234/100000000/10/iterations:5/manual_time",5,5.44743,3.11469,ms,,,,,,213799,4234.12,1.01574e+08,12405.4,1.28997e+06,262144,37.2933,134136,6.14945e+08,5.44743,0,0.00241967,2.94117e+08,0,262144,1.68056e+08
"UmbraBloom_Nonpart_AVX512_4/MTCount/550/48/1/56234/100000000/10/iterations:5/manual_time",5,5.49323,3.22137,ms,,,,,,219131,4163.08,1.01143e+08,12825.8,1.33133e+06,262144,37.2933,154617,6.15921e+08,5.49323,0,0.00241967,3.07653e+08,0,262144,1.70619e+08
"UmbraBloom_Nonpart_AVX512_4/MTCount/575/48/1/56234/100000000/10/iterations:5/manual_time",5,5.45559,3.18952,ms,,,,,,214187,4327.65,1.00296e+08,13288.5,1.36276e+06,262144,37.2933,147374,6.13307e+08,5.45559,0,0.00241967,3.06063e+08,0,262144,1.6969e+08
"UmbraBloom_Nonpart_AVX512_4/MTCount/600/48/1/56234/100000000/10/iterations:5/manual_time",5,5.46144,3.16463,ms,,,,,,214396,4490.55,1.01067e+08,12771.4,1.32857e+06,262144,37.2933,137443,6.17542e+08,5.46144,0,0.00241967,2.93956e+08,0,262144,1.69381e+08
"UmbraBloom_Nonpart_AVX512_4/MTCount/625/48/1/56234/100000000/10/iterations:5/manual_time",5,5.46923,3.16588,ms,,,,,,215049,3964.36,9.97685e+07,13099.5,1.34663e+06,262144,37.2933,152051,6.13374e+08,5.46923,0,0.00241967,3.04546e+08,0,262144,1.69654e+08
"UmbraBloom_Nonpart_AVX512_4/MTCount/650/48/1/56234/100000000/10/iterations:5/manual_time",5,5.47796,3.19181,ms,,,,,,218550,4385.23,1.01282e+08,11935.9,1.29611e+06,262144,37.2933,136992,6.17095e+08,5.47796,0,0.00241967,2.94461e+08,0,262144,1.68732e+08
"UmbraBloom_Nonpart_AVX512_4/MTCount/100/48/1/100000/100000000/10/iterations:5/manual_time",5,5.41766,3.18461,ms,,,,,,209420,4539.77,7.47505e+07,12500.5,1.16525e+06,65536,5.24288,142813,6.05625e+08,5.41766,0,0.135995,3.05358e+08,0,65536,1.66704e+08
"UmbraBloom_Nonpart_AVX512_4/MTCount/125/48/1/100000/100000000/10/iterations:5/manual_time",5,5.48708,3.13323,ms,,,,,,207547,4294.76,7.46041e+07,11850.1,1.15477e+06,65536,5.24288,116281,6.05806e+08,5.48708,0,0.135995,2.95317e+08,0,65536,1.66082e+08
"UmbraBloom_Nonpart_AVX512_4/MTCount/150/48/1/100000/100000000/10/iterations:5/manual_time",5,5.60389,3.14582,ms,,,,,,214396,4479.01,9.21936e+07,11793,1.1658e+06,131072,10.4858,130045,6.16271e+08,5.60389,0,0.0337837,2.94725e+08,0,131072,1.70033e+08
"UmbraBloom_Nonpart_AVX512_4/MTCount/175/48/1/100000/100000000/10/iterations:5/manual_time",5,5.40436,3.11445,ms,,,,,,211649,4419.72,9.26286e+07,12048.6,1.18855e+06,131072,10.4858,139314,6.14173e+08,5.40436,0,0.0337837,2.94439e+08,0,131072,1.68925e+08
"UmbraBloom_Nonpart_AVX512_4/MTCount/200/48/1/100000/100000000/10/iterations:5/manual_time",5,5.43254,3.08725,ms,,,,,,211749,4531.33,9.29679e+07,12380.5,1.19492e+06,131072,10.4858,129844,6.14499e+08,5.43254,0,0.0337837,3.00584e+08,0,131072,1.68811e+08
"UmbraBloom_Nonpart_AVX512_4/MTCount/225/48/1/100000/100000000/10/iterations:5/manual_time",5,5.39692,2.86651,ms,,,,,,214106,4366.88,9.24636e+07,12249,1.17928e+06,131072,10.4858,135428,6.15706e+08,5.39692,0,0.0337837,2.97315e+08,0,131072,1.69645e+08
"UmbraBloom_Nonpart_AVX512_4/MTCount/250/48/1/100000/100000000/10/iterations:5/manual_time",5,5.74104,3.00767,ms,,,,,,216376,4122.51,9.30615e+07,12180.1,1.18822e+06,131072,10.4858,139339,6.07275e+08,5.74104,0,0.0337837,2.95382e+08,0,131072,1.69995e+08
"UmbraBloom_Nonpart_AVX512_4/MTCount/275/48/1/100000/100000000/10/iterations:5/manual_time",5,5.61005,3.13537,ms,,,,,,223377,4353.64,1.00805e+08,12430.8,1.31981e+06,262144,20.9715,137323,6.10391e+08,5.61005,0,0.00795466,2.89374e+08,0,262144,1.69813e+08
"UmbraBloom_Nonpart_AVX512_4/MTCount/300/48/1/100000/100000000/10/iterations:5/manual_time",5,5.43548,3.1695,ms,,,,,,217984,4463,1.00099e+08,12623.8,1.35166e+06,262144,20.9715,133833,6.16212e+08,5.43548,0,0.00795466,2.90848e+08,0,262144,1.6997e+08
"UmbraBloom_Nonpart_AVX512_4/MTCount/325/48/1/100000/100000000/10/iterations:5/manual_time",5,5.62008,3.14795,ms,,,,,,214999,4217.24,1.01096e+08,12321.8,1.32526e+06,262144,20.9715,137283,6.07378e+08,5.62008,0,0.00795466,2.9165e+08,0,262144,1.68013e+08
"UmbraBloom_Nonpart_AVX512_4/MTCount/350/48/1/100000/100000000/10/iterations:5/manual_time",5,5.5022,2.85292,ms,,,,,,220752,4221.79,1.02264e+08,12834.2,1.29302e+06,262144,20.9715,135402,6.10154e+08,5.5022,0,0.00795466,3.02658e+08,0,262144,1.69174e+08
"UmbraBloom_Nonpart_AVX512_4/MTCount/375/48/1/100000/100000000/10/iterations:5/manual_time",5,5.59783,3.15613,ms,,,,,,216536,4208.72,1.01385e+08,12003.5,1.30937e+06,262144,20.9715,123319,6.14146e+08,5.59783,0,0.00795466,2.94646e+08,0,262144,1.69012e+08
"UmbraBloom_Nonpart_AVX512_4/MTCount/400/48/1/100000/100000000/10/iterations:5/manual_time",5,5.35385,3.03747,ms,,,,,,225038,4066.11,1.02304e+08,11929.4,1.2543e+06,262144,20.9715,138453,6.01156e+08,5.35385,0,0.00795466,2.94819e+08,0,262144,1.68791e+08
"UmbraBloom_Nonpart_AVX512_4/MTCount/425/48/1/100000/100000000/10/iterations:5/manual_time",5,5.244,2.85613,ms,,,,,,223277,4128.66,1.02398e+08,12709.2,1.31632e+06,262144,20.9715,142519,6.02724e+08,5.244,0,0.00795466,2.95187e+08,0,262144,1.68517e+08
"UmbraBloom_Nonpart_AVX512_4/MTCount/450/48/1/100000/100000000/10/iterations:5/manual_time",5,5.51242,3.11388,ms,,,,,,224381,4359.97,1.01269e+08,11981.2,1.31636e+06,262144,20.9715,154695,6.15049e+08,5.51242,0,0.00795466,2.91376e+08,0,262144,1.69785e+08
"UmbraBloom_Nonpart_AVX512_4/MTCount/475/48/1/100000/100000000/10/iterations:5/manual_time",5,5.4803,3.19242,ms,,,,,,209916,4321.93,1.00196e+08,14505.9,1.3834e+06,262144,20.9715,152187,6.18654e+08,5.4803,0,0.00795466,3.04244e+08,0,262144,1.70405e+08
"UmbraBloom_Nonpart_AVX512_4/MTCount/500/48/1/100000/100000000/10/iterations:5/manual_time",5,5.43619,3.19078,ms,,,,,,217479,4253.98,1.03071e+08,12245,1.32498e+06,262144,20.9715,139896,6.12802e+08,5.43619,0,0.00795466,2.98122e+08,0,262144,1.68113e+08
"UmbraBloom_Nonpart_AVX512_4/MTCount/525/48/1/100000/100000000/10/iterations:5/manual_time",5,5.6795,2.83168,ms,,,,,,225444,4247.34,1.0506e+08,13475.9,7.53804e+06,524288,41.943,146690,6.55469e+08,5.6795,0,0.00194199,3.02579e+08,0,524288,1.80576e+08
"UmbraBloom_Nonpart_AVX512_4/MTCount/550/48/1/100000/100000000/10/iterations:5/manual_time",5,5.47223,2.7944,ms,,,,,,230546,4149.99,1.05266e+08,12293.9,7.59066e+06,524288,41.943,117186,6.52278e+08,5.47223,0,0.00194199,2.87378e+08,0,524288,1.80184e+08
"UmbraBloom_Nonpart_AVX512_4/MTCount/575/48/1/100000/100000000/10/iterations:5/manual_time",5,5.61862,2.60077,ms,,,,,,239607,3438.83,1.08458e+08,11947.8,7.5134e+06,524288,41.943,162902,6.4023e+08,5.61862,0,0.00194199,2.97813e+08,0,524288,1.79472e+08
"UmbraBloom_Nonpart_AVX512_4/MTCount/600/48/1/100000/100000000/10/iterations:5/manual_time",5,5.78823,3.0317,ms,,,,,,220227,4112.35,1.03287e+08,13915.4,7.67225e+06,524288,41.943,134779,6.63832e+08,5.78823,0,0.00194199,2.86902e+08,0,524288,1.81728e+08
"UmbraBloom_Nonpart_AVX512_4/MTCount/625/48/1/100000/100000000/10/iterations:5/manual_time",5,5.76645,3.09969,ms,,,,,,214928,3843.88,1.05518e+08,13316.3,7.56735e+06,524288,41.943,122573,6.58845e+08,5.76645,0,0.00194199,3.01797e+08,0,524288,1.81151e+08
"UmbraBloom_Nonpart_AVX512_4/MTCount/650/48/1/100000/100000000/10/iterations:5/manual_time",5,5.54649,2.66408,ms,,,,,,248017,4186.53,1.07449e+08,12523.6,7.58427e+06,524288,41.943,145551,6.40077e+08,5.54649,0,0.00194199,2.93517e+08,0,524288,1.80013e+08
"UmbraBloom_Nonpart_AVX512_4/MTCount/100/48/1/177828/100000000/10/iterations:5/manual_time",5,5.30161,2.6481,ms,,,,,,213590,4208,9.21783e+07,12205.3,1.138e+06,131072,5.89657,132353,6.15734e+08,5.30161,0,0.108699,3.00384e+08,0,131072,1.68581e+08
"UmbraBloom_Nonpart_AVX512_4/MTCount/125/48/1/177828/100000000/10/iterations:5/manual_time",5,5.28222,2.52901,ms,,,,,,215342,4363.12,9.39189e+07,12525.9,1.15102e+06,131072,5.89657,144110,5.96556e+08,5.28222,0,0.108699,2.98647e+08,0,131072,1.67117e+08
"UmbraBloom_Nonpart_AVX512_4/MTCount/150/48/1/177828/100000000/10/iterations:5/manual_time",5,5.35871,2.90323,ms,,,,,,219130,4532.43,1.00859e+08,13384.7,1.29115e+06,262144,11.7931,130532,6.17456e+08,5.35871,0,0.0263632,2.9044e+08,0,262144,1.69215e+08
"UmbraBloom_Nonpart_AVX512_4/MTCount/175/48/1/177828/100000000/10/iterations:5/manual_time",5,5.51306,3.24389,ms,,,,,,216600,4413.44,1.00718e+08,12461.5,1.31287e+06,262144,11.7931,151534,6.17935e+08,5.51306,0,0.0263632,2.91114e+08,0,262144,1.70035e+08
"UmbraBloom_Nonpart_AVX512_4/MTCount/200/48/1/177828/100000000/10/iterations:5/manual_time",5,5.70104,3.12388,ms,,,,,,216629,3946.87,1.01524e+08,11820.9,1.29975e+06,262144,11.7931,122759,6.13403e+08,5.70104,0,0.0263632,2.94444e+08,0,262144,1.6935e+08
"UmbraBloom_Nonpart_AVX512_4/MTCount/225/48/1/177828/100000000/10/iterations:5/manual_time",5,5.54136,3.15433,ms,,,,,,220912,4321.74,9.9169e+07,13214.2,1.30484e+06,262144,11.7931,120954,6.20025e+08,5.54136,0,0.0263632,3.00371e+08,0,262144,1.69326e+08
"UmbraBloom_Nonpart_AVX512_4/MTCount/250/48/1/177828/100000000/10/iterations:5/manual_time",5,5.5999,3.23398,ms,,,,,,218061,4388.1,1.0138e+08,12687.7,1.32199e+06,262144,11.7931,127023,6.10877e+08,5.5999,0,0.0263632,2.95787e+08,0,262144,1.69021e+08
"UmbraBloom_Nonpart_AVX512_4/MTCount/275/48/1/177828/100000000/10/iterations:5/manual_time",5,5.39169,3.10755,ms,,,,,,218827,4319.35,1.02213e+08,12851.6,1.31423e+06,262144,11.7931,141762,6.12192e+08,5.39169,0,0.0263632,2.97704e+08,0,262144,1.67768e+08
"UmbraBloom_Nonpart_AVX512_4/MTCount/300/48/1/177828/100000000/10/iterations:5/manual_time",5,5.93305,2.84668,ms,,,,,,218659,4040.52,1.05107e+08,14221.6,7.62361e+06,524288,23.5863,116813,6.53422e+08,5.93305,0,0.00616138,2.91622e+08,0,524288,1.79309e+08
"UmbraBloom_Nonpart_AVX512_4/MTCount/325/48/1/177828/100000000/10/iterations:5/manual_time",5,5.79454,3.11515,ms,,,,,,228469,4223.97,1.04279e+08,13654.3,7.60093e+06,524288,23.5863,123979,6.61979e+08,5.79454,0,0.00616138,2.95344e+08,0,524288,1.80206e+08
"UmbraBloom_Nonpart_AVX512_4/MTCount/350/48/1/177828/100000000/10/iterations:5/manual_time",5,5.67771,2.8859,ms,,,,,,228333,4411.42,1.0437e+08,13278.7,7.51398e+06,524288,23.5863,114618,6.55224e+08,5.67771,0,0.00616138,2.99613e+08,0,524288,1.79555e+08
"UmbraBloom_Nonpart_AVX512_4/MTCount/375/48/1/177828/100000000/10/iterations:5/manual_time",5,5.50059,2.8167,ms,,,,,,223310,4058.96,1.04648e+08,12906.6,7.5291e+06,524288,23.5863,126041,6.58894e+08,5.50059,0,0.00616138,3.0016e+08,0,524288,1.80596e+08
"UmbraBloom_Nonpart_AVX512_4/MTCount/400/48/1/177828/100000000/10/iterations:5/manual_time",5,5.64345,2.88058,ms,,,,,,225919,4063.12,1.06157e+08,13100.7,7.66666e+06,524288,23.5863,132375,6.48189e+08,5.64345,0,0.00616138,2.87958e+08,0,524288,1.79925e+08
"UmbraBloom_Nonpart_AVX512_4/MTCount/425/48/1/177828/100000000/10/iterations:5/manual_time",5,5.92089,3.00188,ms,,,,,,219966,4443.61,1.01535e+08,14458.3,7.60407e+06,524288,23.5863,110601,6.658e+08,5.92089,0,0.00616138,2.98662e+08,0,524288,1.81186e+08
"UmbraBloom_Nonpart_AVX512_4/MTCount/450/48/1/177828/100000000/10/iterations:5/manual_time",5,5.96654,2.99011,ms,,,,,,230614,4143.72,1.04488e+08,13379.6,7.68343e+06,524288,23.5863,140168,6.57297e+08,5.96654,0,0.00616138,2.88804e+08,0,524288,1.80856e+08
"UmbraBloom_Nonpart_AVX512_4/MTCount/475/48/1/177828/100000000/10/iterations:5/manual_time",5,5.69709,2.9646,ms,,,,,,235516,3911.47,1.06417e+08,12184.6,7.62684e+06,524288,23.5863,123046,6.50492e+08,5.69709,0,0.00616138,2.9038e+08,0,524288,1.79682e+08
"UmbraBloom_Nonpart_AVX512_4/MTCount/500/48/1/177828/100000000/10/iterations:5/manual_time",5,5.7827,3.09584,ms,,,,,,226298,4274.53,1.04918e+08,12342,7.57305e+06,524288,23.5863,126710,6.58629e+08,5.7827,0,0.00616138,2.92557e+08,0,524288,1.79959e+08
"UmbraBloom_Nonpart_AVX512_4/MTCount/525/48/1/177828/100000000/10/iterations:5/manual_time",5,6.01675,2.97323,ms,,,,,,218408,3886.69,1.09008e+08,16065.2,7.55202e+06,524288,23.5863,135451,6.48825e+08,6.01675,0,0.00616138,2.9716e+08,0,524288,1.80538e+08
"UmbraBloom_Nonpart_AVX512_4/MTCount/550/48/1/177828/100000000/10/iterations:5/manual_time",5,5.72036,3.14581,ms,,,,,,228259,4231.91,1.06185e+08,12807.9,7.60871e+06,524288,23.5863,134534,6.61492e+08,5.72036,0,0.00616138,2.97313e+08,0,524288,1.80681e+08
"UmbraBloom_Nonpart_AVX512_4/MTCount/575/48/1/177828/100000000/10/iterations:5/manual_time",5,5.80391,3.08525,ms,,,,,,213801,3933.77,1.04456e+08,14750.3,7.64115e+06,524288,23.5863,135553,6.60416e+08,5.80391,0,0.00616138,3.01468e+08,0,524288,1.81357e+08
"UmbraBloom_Nonpart_AVX512_4/MTCount/600/48/1/177828/100000000/10/iterations:5/manual_time",5,6.14709,3.08349,ms,,,,,,226548,4074.04,1.04859e+08,14791.2,2.83816e+07,1.04858e+06,47.1726,132079,7.01628e+08,6.14709,0,0.00151082,2.88844e+08,0,1.04858e+06,1.92025e+08
"UmbraBloom_Nonpart_AVX512_4/MTCount/625/48/1/177828/100000000/10/iterations:5/manual_time",5,6.03114,2.90325,ms,,,,,,249852,4229.02,1.0566e+08,14167.5,2.85448e+07,1.04858e+06,47.1726,121055,6.94556e+08,6.03114,0,0.00151082,2.85411e+08,0,1.04858e+06,1.91989e+08
"UmbraBloom_Nonpart_AVX512_4/MTCount/650/48/1/177828/100000000/10/iterations:5/manual_time",5,5.75515,2.84982,ms,,,,,,244979,3836.54,1.08142e+08,12901,2.83097e+07,1.04858e+06,47.1726,122966,6.91515e+08,5.75515,0,0.00151082,2.93908e+08,0,1.04858e+06,1.90744e+08
"UmbraBloom_Nonpart_AVX512_4/MTCount/100/48/1/316228/100000000/10/iterations:5/manual_time",5,5.19189,2.86916,ms,,,,,,225941,4134.13,1.0265e+08,12363,1.30197e+06,262144,6.63177,156036,6.02676e+08,5.19189,0,0.0857693,2.93723e+08,0,262144,1.68617e+08
"UmbraBloom_Nonpart_AVX512_4/MTCount/125/48/1/316228/100000000/10/iterations:5/manual_time",5,5.21484,2.84837,ms,,,,,,222836,4328.28,1.02348e+08,12299.9,1.29592e+06,262144,6.63177,129337,6.09323e+08,5.21484,0,0.0857693,2.94343e+08,0,262144,1.6891e+08
"UmbraBloom_Nonpart_AVX512_4/MTCount/150/48/1/316228/100000000/10/iterations:5/manual_time",5,5.21082,2.86631,ms,,,,,,221774,4348.01,1.0166e+08,12200.1,1.26095e+06,262144,6.63177,139345,6.10096e+08,5.21082,0,0.0857693,2.96336e+08,0,262144,1.6885e+08
"UmbraBloom_Nonpart_AVX512_4/MTCount/175/48/1/316228/100000000/10/iterations:5/manual_time",5,5.50622,2.74711,ms,,,,,,218991,4517.5,1.02513e+08,14050.5,7.53438e+06,524288,13.2635,117488,6.61812e+08,5.50622,0,0.020317,2.98343e+08,0,524288,1.80563e+08
"UmbraBloom_Nonpart_AVX512_4/MTCount/200/48/1/316228/100000000/10/iterations:5/manual_time",5,5.66648,2.85916,ms,,,,,,237530,4314.8,1.0519e+08,12516.4,7.63308e+06,524288,13.2635,120650,6.51864e+08,5.66648,0,0.020317,2.86243e+08,0,524288,1.79984e+08
"UmbraBloom_Nonpart_AVX512_4/MTCount/225/48/1/316228/100000000/10/iterations:5/manual_time",5,5.61465,2.87187,ms,,,,,,236573,4330.9,1.06099e+08,12227.1,7.5291e+06,524288,13.2635,115800,6.51858e+08,5.61465,0,0.020317,2.93481e+08,0,524288,1.80327e+08
"UmbraBloom_Nonpart_AVX512_4/MTCount/250/48/1/316228/100000000/10/iterations:5/manual_time",5,5.50724,2.74062,ms,,,,,,241474,3934.37,1.0705e+08,12016.4,7.59241e+06,524288,13.2635,132728,6.45286e+08,5.50724,0,0.020317,2.93001e+08,0,524288,1.8031e+08
"UmbraBloom_Nonpart_AVX512_4/MTCount/275/48/1/316228/100000000/10/iterations:5/manual_time",5,5.45706,2.77695,ms,,,,,,222717,4303.74,1.05373e+08,13500.6,7.56492e+06,524288,13.2635,126173,6.56874e+08,5.45706,0,0.020317,2.93312e+08,0,524288,1.79814e+08
"UmbraBloom_Nonpart_AVX512_4/MTCount/300/48/1/316228/100000000/10/iterations:5/manual_time",5,5.49254,2.77542,ms,,,,,,228059,4545.6,1.04263e+08,13426.4,7.56435e+06,524288,13.2635,123417,6.58855e+08,5.49254,0,0.020317,2.94755e+08,0,524288,1.80283e+08
"UmbraBloom_Nonpart_AVX512_4/MTCount/325/48/1/316228/100000000/10/iterations:5/manual_time",5,5.45442,2.77058,ms,,,,,,226154,4368.97,1.05575e+08,12922.6,7.48291e+06,524288,13.2635,115851,6.56189e+08,5.45442,0,0.020317,2.98503e+08,0,524288,1.79759e+08
"UmbraBloom_Nonpart_AVX512_4/MTCount/350/48/1/316228/100000000/10/iterations:5/manual_time",5,5.76684,2.82441,ms,,,,,,247708,3962.56,1.0802e+08,12986.7,2.8407e+07,1.04858e+06,26.5271,136652,6.89699e+08,5.76684,0,0.00476327,2.90748e+08,0,1.04858e+06,1.90614e+08
"UmbraBloom_Nonpart_AVX512_4/MTCount/375/48/1/316228/100000000/10/iterations:5/manual_time",5,5.77862,2.82076,ms,,,,,,244299,4074.55,1.06265e+08,13575.1,2.84477e+07,1.04858e+06,26.5271,131916,6.90837e+08,5.77862,0,0.00476327,2.86349e+08,0,1.04858e+06,1.90784e+08
"UmbraBloom_Nonpart_AVX512_4/MTCount/400/48/1/316228/100000000/10/iterations:5/manual_time",5,5.75698,2.85431,ms,,,,,,237661,4036.55,1.06987e+08,14064.7,2.82129e+07,1.04858e+06,26.5271,131237,6.88154e+08,5.75698,0,0.00476327,2.94225e+08,0,1.04858e+06,1.89695e+08
"UmbraBloom_Nonpart_AVX512_4/MTCount/425/48/1/316228/100000000/10/iterations:5/manual_time",5,5.78875,2.91991,ms,,,,,,249397,4107.35,1.08283e+08,13317.8,2.85493e+07,1.04858e+06,26.5271,137922,6.9069e+08,5.78875,0,0.00476327,2.89231e+08,0,1.04858e+06,1.91223e+08
"UmbraBloom_Nonpart_AVX512_4/MTCount/450/48/1/316228/100000000/10/iterations:5/manual_time",5,5.74628,2.84643,ms,,,,,,229433,4196.27,1.06035e+08,14284.3,2.8214e+07,1.04858e+06,26.5271,125138,6.90284e+08,5.74628,0,0.00476327,2.93962e+08,0,1.04858e+06,1.8981e+08
"UmbraBloom_Nonpart_AVX512_4/MTCount/475/48/1/316228/100000000/10/iterations:5/manual_time",5,5.75177,2.84312,ms,,,,,,232385,4007.95,1.07506e+08,13528.9,2.82907e+07,1.04858e+06,26.5271,124233,6.9209e+08,5.75177,0,0.00476327,2.94116e+08,0,1.04858e+06,1.90712e+08
"UmbraBloom_Nonpart_AVX512_4/MTCount/500/48/1/316228/100000000/10/iterations:5/manual_time",5,5.98408,3.00542,ms,,,,,,250902,4002.52,1.0791e+08,12954.3,2.87203e+07,1.04858e+06,26.5271,121608,6.83953e+08,5.98408,0,0.00476327,2.8439e+08,0,1.04858e+06,1.90079e+08
"UmbraBloom_Nonpart_AVX512_4/MTCount/525/48/1/316228/100000000/10/iterations:5/manual_time",5,6.06456,3.11376,ms,,,,,,221212,3835.98,1.06627e+08,13939.6,2.82323e+07,1.04858e+06,26.5271,122528,6.98633e+08,6.06456,0,0.00476327,2.96466e+08,0,1.04858e+06,1.91992e+08
"UmbraBloom_Nonpart_AVX512_4/MTCount/550/48/1/316228/100000000/10/iterations:5/manual_time",5,6.07217,3.07714,ms,,,,,,234950,4116.26,1.06985e+08,13892.6,2.82322e+07,1.04858e+06,26.5271,111600,6.95611e+08,6.07217,0,0.00476327,2.95185e+08,0,1.04858e+06,1.91513e+08
"UmbraBloom_Nonpart_AVX512_4/MTCount/575/48/1/316228/100000000/10/iterations:5/manual_time",5,6.05603,3.16027,ms,,,,,,233692,3972.79,1.05552e+08,14666.5,2.82472e+07,1.04858e+06,26.5271,125622,6.99267e+08,6.05603,0,0.00476327,2.97765e+08,0,1.04858e+06,1.92644e+08
"UmbraBloom_Nonpart_AVX512_4/MTCount/600/48/1/316228/100000000/10/iterations:5/manual_time",5,6.2886,3.11826,ms,,,,,,236535,3768.56,1.06667e+08,12942,2.87202e+07,1.04858e+06,26.5271,122149,6.92965e+08,6.2886,0,0.00476327,2.86719e+08,0,1.04858e+06,1.9173e+08
"UmbraBloom_Nonpart_AVX512_4/MTCount/625/48/1/316228/100000000/10/iterations:5/manual_time",5,6.23758,3.17448,ms,,,,,,257301,4336.16,1.08536e+08,13889.8,2.82748e+07,1.04858e+06,26.5271,142173,6.95495e+08,6.23758,0,0.00476327,2.95973e+08,0,1.04858e+06,1.91701e+08
"UmbraBloom_Nonpart_AVX512_4/MTCount/650/48/1/316228/100000000/10/iterations:5/manual_time",5,5.81407,3.12733,ms,,,,,,233064,4347.55,1.08463e+08,12395.4,2.8251e+07,1.04858e+06,26.5271,128193,6.94225e+08,5.81407,0,0.00476327,2.92975e+08,0,1.04858e+06,1.9102e+08
"UmbraBloom_Nonpart_AVX512_4/MTCount/100/48/1/562341/100000000/10/iterations:5/manual_time",5,5.94721,2.89528,ms,,,,,,226327,3789.93,1.10289e+08,15024.5,7.53455e+06,524288,7.45865,150204,6.50454e+08,5.94721,0,0.0676841,3.00724e+08,0,524288,1.81775e+08
"UmbraBloom_Nonpart_AVX512_4/MTCount/125/48/1/562341/100000000/10/iterations:5/manual_time",5,5.87369,3.13397,ms,,,,,,231598,4121.59,1.0452e+08,12076.4,7.64383e+06,524288,7.45865,126329,6.64598e+08,5.87369,0,0.0676841,2.92431e+08,0,524288,1.82071e+08
"UmbraBloom_Nonpart_AVX512_4/MTCount/150/48/1/562341/100000000/10/iterations:5/manual_time",5,5.88944,3.03349,ms,,,,,,224843,4160.57,1.04117e+08,13525.8,7.73466e+06,524288,7.45865,144953,6.59731e+08,5.88944,0,0.0676841,2.88869e+08,0,524288,1.81826e+08
"UmbraBloom_Nonpart_AVX512_4/MTCount/175/48/1/562341/100000000/10/iterations:5/manual_time",5,5.79551,3.12622,ms,,,,,,222397,3894.05,1.04393e+08,13336.7,7.56756e+06,524288,7.45865,134408,6.63068e+08,5.79551,0,0.0676841,3.03904e+08,0,524288,1.82277e+08
"UmbraBloom_Nonpart_AVX512_4/MTCount/200/48/1/562341/100000000/10/iterations:5/manual_time",5,6.10464,3.09796,ms,,,,,,248383,3863.3,1.06784e+08,12149.8,2.85461e+07,1.04858e+06,14.9173,130942,6.94961e+08,6.10464,0,0.0159881,2.89657e+08,0,1.04858e+06,1.91496e+08
"UmbraBloom_Nonpart_AVX512_4/MTCount/225/48/1/562341/100000000/10/iterations:5/manual_time",5,5.79841,2.59484,ms,,,,,,236031,3897.33,1.07675e+08,14493.5,2.85452e+07,1.04858e+06,14.9173,112061,6.82519e+08,5.79841,0,0.0159881,2.86433e+08,0,1.04858e+06,1.90184e+08
"UmbraBloom_Nonpart_AVX512_4/MTCount/250/48/1/562341/100000000/10/iterations:5/manual_time",5,5.64454,2.50128,ms,,,,,,238563,4448.52,1.07999e+08,14900,2.82938e+07,1.04858e+06,14.9173,131116,6.85817e+08,5.64454,0,0.0159881,2.89196e+08,0,1.04858e+06,1.89023e+08
"UmbraBloom_Nonpart_AVX512_4/MTCount/275/48/1/562341/100000000/10/iterations:5/manual_time",5,5.78672,2.49807,ms,,,,,,243258,4055.34,1.07346e+08,14438.5,2.81312e+07,1.04858e+06,14.9173,131145,6.90004e+08,5.78672,0,0.0159881,2.97485e+08,0,1.04858e+06,1.91411e+08
"UmbraBloom_Nonpart_AVX512_4/MTCount/300/48/1/562341/100000000/10/iterations:5/manual_time",5,5.74419,2.43904,ms,,,,,,252837,3925.58,1.07666e+08,14088.9,2.80838e+07,1.04858e+06,14.9173,127697,6.93674e+08,5.74419,0,0.0159881,3.00282e+08,0,1.04858e+06,1.91161e+08
"UmbraBloom_Nonpart_AVX512_4/MTCount/325/48/1/562341/100000000/10/iterations:5/manual_time",5,5.6317,2.6305,ms,,,,,,234187,4107.78,1.0804e+08,14031.4,2.82066e+07,1.04858e+06,14.9173,120268,6.87027e+08,5.6317,0,0.0159881,2.91571e+08,0,1.04858e+06,1.88825e+08
"UmbraBloom_Nonpart_AVX512_4/MTCount/350/48/1/562341/100000000/10/iterations:5/manual_time",5,5.6478,2.64034,ms,,,,,,266171,4048.81,1.09567e+08,12824.6,2.85548e+07,1.04858e+06,14.9173,134011,6.83207e+08,5.6478,0,0.0159881,2.88178e+08,0,1.04858e+06,1.89786e+08
"UmbraBloom_Nonpart_AVX512_4/MTCount/375/48/1/562341/100000000/10/iterations:5/manual_time",5,6.36776,3.06569,ms,,,,,,238048,3940.93,1.07775e+08,14730.2,6.15231e+07,2.09715e+06,29.8346,105788,7.48784e+08,6.36776,0,0.00378914,2.8757e+08,0,2.09715e+06,2.05908e+08
"UmbraBloom_Nonpart_AVX512_4/MTCount/400/48/1/562341/100000000/10/iterations:5/manual_time",5,6.62496,3.10814,ms,,,,,,282509,3260.23,1.06464e+08,15199.2,6.23489e+07,2.09715e+06,29.8346,125343,7.56397e+08,6.62496,0,0.00378914,2.84325e+08,0,2.09715e+06,2.09058e+08
"UmbraBloom_Nonpart_AVX512_4/MTCount/425/48/1/562341/100000000/10/iterations:5/manual_time",5,6.48119,3.16505,ms,,,,,,241182,3227.29,1.08749e+08,17261.9,6.08114e+07,2.09715e+06,29.8346,149362,7.57596e+08,6.48119,0,0.00378914,3.00866e+08,0,2.09715e+06,2.09322e+08
"UmbraBloom_Nonpart_AVX512_4/MTCount/450/48/1/562341/100000000/10/iterations:5/manual_time",5,6.46873,3.159,ms,,,,,,265452,3330.41,1.09526e+08,14882,6.10821e+07,2.09715e+06,29.8346,125576,7.53476e+08,6.46873,0,0.00378914,2.98395e+08,0,2.09715e+06,2.08207e+08
"UmbraBloom_Nonpart_AVX512_4/MTCount/475/48/1/562341/100000000/10/iterations:5/manual_time",5,6.54858,3.15524,ms,,,,,,271572,3108.4,1.0795e+08,13628.6,6.23618e+07,2.09715e+06,29.8346,129216,7.53656e+08,6.54858,0,0.00378914,2.88615e+08,0,2.09715e+06,2.08946e+08
"UmbraBloom_Nonpart_AVX512_4/MTCount/500/48/1/562341/100000000/10/iterations:5/manual_time",5,6.48978,3.13524,ms,,,,,,278103,3854.99,1.07747e+08,14576.4,6.13147e+07,2.09715e+06,29.8346,124535,7.57531e+08,6.48978,0,0.00378914,2.96543e+08,0,2.09715e+06,2.08074e+08
"UmbraBloom_Nonpart_AVX512_4/MTCount/525/48/1/562341/100000000/10/iterations:5/manual_time",5,6.63014,3.17535,ms,,,,,,256335,3601.28,1.07278e+08,14854.4,6.21403e+07,2.09715e+06,29.8346,128315,7.53475e+08,6.63014,0,0.00378914,2.85202e+08,0,2.09715e+06,2.08311e+08
"UmbraBloom_Nonpart_AVX512_4/MTCount/550/48/1/562341/100000000/10/iterations:5/manual_time",5,6.40731,2.98701,ms,,,,,,241813,3579.81,1.07067e+08,15477,6.13727e+07,2.09715e+06,29.8346,109680,7.56764e+08,6.40731,0,0.00378914,2.92033e+08,0,2.09715e+06,2.08294e+08
"UmbraBloom_Nonpart_AVX512_4/MTCount/575/48/1/562341/100000000/10/iterations:5/manual_time",5,6.51472,3.1636,ms,,,,,,247983,3709.15,1.06314e+08,16119.2,6.13177e+07,2.09715e+06,29.8346,118875,7.63875e+08,6.51472,0,0.00378914,2.94912e+08,0,2.09715e+06,2.09092e+08
"UmbraBloom_Nonpart_AVX512_4/MTCount/600/48/1/562341/100000000/10/iterations:5/manual_time",5,6.43486,3.07008,ms,,,,,,237573,3471.11,1.08003e+08,16900,6.08991e+07,2.09715e+06,29.8346,119980,7.5075e+08,6.43486,0,0.00378914,2.95732e+08,0,2.09715e+06,2.07888e+08
"UmbraBloom_Nonpart_AVX512_4/MTCount/625/48/1/562341/100000000/10/iterations:5/manual_time",5,6.46973,3.11614,ms,,,,,,260138,3603.4,1.07175e+08,14372.3,6.18022e+07,2.09715e+06,29.8346,119951,7.53719e+08,6.46973,0,0.00378914,2.87271e+08,0,2.09715e+06,2.08308e+08
"UmbraBloom_Nonpart_AVX512_4/MTCount/650/48/1/562341/100000000/10/iterations:5/manual_time",5,6.44627,3.14299,ms,,,,,,240724,3448.78,1.07276e+08,15499.9,6.10468e+07,2.09715e+06,29.8346,127436,7.59036e+08,6.44627,0,0.00378914,2.95978e+08,0,2.09715e+06,2.08341e+08
"UmbraBloom_Nonpart_AVX512_4/MTCount/100/48/1/1000000/100000000/10/iterations:5/manual_time",5,5.77647,3.09384,ms,,,,,,220152,4272.36,1.02858e+08,13996.1,7.6719e+06,524288,4.1943,136366,6.6137e+08,5.77647,0,0.204403,2.98472e+08,0,524288,1.81122e+08
"UmbraBloom_Nonpart_AVX512_4/MTCount/125/48/1/1000000/100000000/10/iterations:5/manual_time",5,6.17933,3.39613,ms,,,,,,242578,4148.27,1.06318e+08,14325.1,2.83911e+07,1.04858e+06,8.38861,169091,6.99887e+08,6.17933,0,0.0533542,2.92315e+08,0,1.04858e+06,1.92853e+08
"UmbraBloom_Nonpart_AVX512_4/MTCount/150/48/1/1000000/100000000/10/iterations:5/manual_time",5,5.95233,3.23208,ms,,,,,,262491,4312.2,1.06386e+08,12744.5,2.85035e+07,1.04858e+06,8.38861,128535,6.97814e+08,5.95233,0,0.0533542,2.90119e+08,0,1.04858e+06,1.92107e+08
"UmbraBloom_Nonpart_AVX512_4/MTCount/175/48/1/1000000/100000000/10/iterations:5/manual_time",5,5.99833,3.04259,ms,,,,,,246574,4069.47,1.06913e+08,12594.6,2.84982e+07,1.04858e+06,8.38861,116151,6.94041e+08,5.99833,0,0.0533542,2.8909e+08,0,1.04858e+06,1.90964e+08
"UmbraBloom_Nonpart_AVX512_4/MTCount/200/48/1/1000000/100000000/10/iterations:5/manual_time",5,6.11786,3.12096,ms,,,,,,228646,4163.84,1.05388e+08,13877.5,2.84168e+07,1.04858e+06,8.38861,114631,6.99867e+08,6.11786,0,0.0533542,2.89692e+08,0,1.04858e+06,1.92025e+08
"UmbraBloom_Nonpart_AVX512_4/MTCount/225/48/1/1000000/100000000/10/iterations:5/manual_time",5,6.47025,3.10451,ms,,,,,,245919,3795.92,1.07283e+08,14690.6,6.13546e+07,2.09715e+06,16.7772,114529,7.56909e+08,6.47025,0,0.0125326,2.90942e+08,0,2.09715e+06,2.08337e+08
"UmbraBloom_Nonpart_AVX512_4/MTCount/250/48/1/1000000/100000000/10/iterations:5/manual_time",5,6.45108,3.131,ms,,,,,,254845,3447.26,1.07636e+08,14851.4,6.11871e+07,2.09715e+06,16.7772,124109,7.60019e+08,6.45108,0,0.0125326,2.94991e+08,0,2.09715e+06,2.08706e+08
"UmbraBloom_Nonpart_AVX512_4/MTCount/275/48/1/1000000/100000000/10/iterations:5/manual_time",5,6.45996,3.12949,ms,,,,,,241100,3316.35,1.06463e+08,15872.2,6.11031e+07,2.09715e+06,16.7772,121993,7.55586e+08,6.45996,0,0.0125326,2.937e+08,0,2.09715e+06,2.071e+08
"UmbraBloom_Nonpart_AVX512_4/MTCount/300/48/1/1000000/100000000/10/iterations:5/manual_time",5,6.49081,3.14105,ms,,,,,,258477,3492.85,1.06958e+08,15267.2,6.11849e+07,2.09715e+06,16.7772,125212,7.58878e+08,6.49081,0,0.0125326,2.95551e+08,0,2.09715e+06,2.08138e+08
"UmbraBloom_Nonpart_AVX512_4/MTCount/325/48/1/1000000/100000000/10/iterations:5/manual_time",5,6.57209,3.06579,ms,,,,,,284246,3487.88,1.09292e+08,12716,6.17114e+07,2.09715e+06,16.7772,115499,7.5494e+08,6.57209,0,0.0125326,2.93149e+08,0,2.09715e+06,2.07945e+08
"UmbraBloom_Nonpart_AVX512_4/MTCount/350/48/1/1000000/100000000/10/iterations:5/manual_time",5,6.69949,3.12751,ms,,,,,,245416,3577.84,1.07086e+08,14763.5,6.13774e+07,2.09715e+06,16.7772,125854,7.61685e+08,6.69949,0,0.0125326,2.92092e+08,0,2.09715e+06,2.0938e+08
"UmbraBloom_Nonpart_AVX512_4/MTCount/375/48/1/1000000/100000000/10/iterations:5/manual_time",5,6.46693,3.07978,ms,,,,,,244324,3541.83,1.08733e+08,15312.9,6.09838e+07,2.09715e+06,16.7772,115808,7.56431e+08,6.46693,0,0.0125326,2.987e+08,0,2.09715e+06,2.08726e+08
"UmbraBloom_Nonpart_AVX512_4/MTCount/400/48/1/1000000/100000000/10/iterations:5/manual_time",5,6.4335,3.09346,ms,,,,,,259450,3611.68,1.0935e+08,15128.5,6.09117e+07,2.09715e+06,16.7772,120863,7.52605e+08,6.4335,0,0.0125326,2.98655e+08,0,2.09715e+06,2.07919e+08
"UmbraBloom_Nonpart_AVX512_4/MTCount/425/48/1/1000000/100000000/10/iterations:5/manual_time",5,6.80996,3.17896,ms,,,,,,295908,3531.56,1.07524e+08,14465.8,8.26033e+07,4.1943e+06,33.5544,126294,7.9717e+08,6.80996,0,0.00301466,2.90182e+08,0,4.1943e+06,2.19748e+08
"UmbraBloom_Nonpart_AVX512_4/MTCount/450/48/1/1000000/100000000/10/iterations:5/manual_time",5,6.7567,3.13415,ms,,,,,,273475,3515.29,1.06538e+08,14194.1,8.27614e+07,4.1943e+06,33.5544,119454,7.9487e+08,6.7567,0,0.00301466,2.87853e+08,0,4.1943e+06,2.19316e+08
"UmbraBloom_Nonpart_AVX512_4/MTCount/475/48/1/1000000/100000000/10/iterations:5/manual_time",5,6.77507,3.11931,ms,,,,,,287015,3624.22,1.06585e+08,17251.5,8.20878e+07,4.1943e+06,33.5544,116764,8.01335e+08,6.77507,0,0.00301466,2.93983e+08,0,4.1943e+06,2.19739e+08
"UmbraBloom_Nonpart_AVX512_4/MTCount/500/48/1/1000000/100000000/10/iterations:5/manual_time",5,6.84816,3.26654,ms,,,,,,335885,3590.08,1.11018e+08,17011.9,8.14098e+07,4.1943e+06,33.5544,144007,7.91185e+08,6.84816,0,0.00301466,3.00175e+08,0,4.1943e+06,2.20591e+08
"UmbraBloom_Nonpart_AVX512_4/MTCount/525/48/1/1000000/100000000/10/iterations:5/manual_time",5,6.60594,3.22226,ms,,,,,,314323,3460.48,1.07771e+08,16213.8,8.17045e+07,4.1943e+06,33.5544,151022,7.94383e+08,6.60594,0,0.00301466,2.92701e+08,0,4.1943e+06,2.19183e+08
"UmbraBloom_Nonpart_AVX512_4/MTCount/550/48/1/1000000/100000000/10/iterations:5/manual_time",5,6.61442,3.24742,ms,,,,,,291466,3336.1,1.08536e+08,17278.8,8.18121e+07,4.1943e+06,33.5544,141605,7.94805e+08,6.61442,0,0.00301466,2.96721e+08,0,4.1943e+06,2.19966e+08
"UmbraBloom_Nonpart_AVX512_4/MTCount/575/48/1/1000000/100000000/10/iterations:5/manual_time",5,7.00973,3.08085,ms,,,,,,344103,3676.99,1.07449e+08,15139.4,8.26337e+07,4.1943e+06,33.5544,120065,7.95443e+08,7.00973,0,0.00301466,2.86607e+08,0,4.1943e+06,2.19546e+08
"UmbraBloom_Nonpart_AVX512_4/MTCount/600/48/1/1000000/100000000/10/iterations:5/manual_time",5,6.67619,3.0165,ms,,,,,,309080,3177.81,1.06272e+08,16061.8,8.27634e+07,4.1943e+06,33.5544,135984,7.92262e+08,6.67619,0,0.00301466,2.84657e+08,0,4.1943e+06,2.18044e+08
"UmbraBloom_Nonpart_AVX512_4/MTCount/625/48/1/1000000/100000000/10/iterations:5/manual_time",5,6.75173,3.14591,ms,,,,,,278767,3265.29,1.05809e+08,16906.2,8.20945e+07,4.1943e+06,33.5544,135719,7.98279e+08,6.75173,0,0.00301466,2.92016e+08,0,4.1943e+06,2.19228e+08
"UmbraBloom_Nonpart_AVX512_4/MTCount/650/48/1/1000000/100000000/10/iterations:5/manual_time",5,6.74845,3.12332,ms,,,,,,293799,3247.38,1.05718e+08,15500.7,8.26656e+07,4.1943e+06,33.5544,130857,7.97418e+08,6.74845,0,0.00301466,2.84931e+08,0,4.1943e+06,2.19412e+08
"UmbraBloom_Nonpart_AVX512_4/MTCount/100/48/1/1778279/100000000/10/iterations:5/manual_time",5,6.07256,3.0856,ms,,,,,,222556,3825.89,1.05029e+08,15046.6,2.8216e+07,1.04858e+06,4.71726,133467,6.9706e+08,6.07256,0,0.165452,2.96782e+08,0,1.04858e+06,1.92005e+08
"UmbraBloom_Nonpart_AVX512_4/MTCount/125/48/1/1778279/100000000/10/iterations:5/manual_time",5,6.47051,3.14665,ms,,,,,,244491,3552.1,1.07775e+08,15711.6,6.09326e+07,2.09715e+06,9.43452,130957,7.58188e+08,6.47051,0,0.0419165,2.94836e+08,0,2.09715e+06,2.08333e+08
"UmbraBloom_Nonpart_AVX512_4/MTCount/150/48/1/1778279/100000000/10/iterations:5/manual_time",5,6.47441,3.23748,ms,,,,,,245029,3586.54,1.07114e+08,14989,6.12259e+07,2.09715e+06,9.43452,126930,7.57531e+08,6.47441,0,0.0419165,2.9272e+08,0,2.09715e+06,2.08429e+08
"UmbraBloom_Nonpart_AVX512_4/MTCount/175/48/1/1778279/100000000/10/iterations:5/manual_time",5,6.44527,3.1457,ms,,,,,,238459,3602.6,1.05495e+08,15443.8,6.13528e+07,2.09715e+06,9.43452,103703,7.5581e+08,6.44527,0,0.0419165,2.89554e+08,0,2.09715e+06,2.07919e+08
"UmbraBloom_Nonpart_AVX512_4/MTCount/200/48/1/1778279/100000000/10/iterations:5/manual_time",5,6.46068,3.16098,ms,,,,,,240245,3520.1,1.09186e+08,15408.1,6.10126e+07,2.09715e+06,9.43452,116238,7.53391e+08,6.46068,0,0.0419165,2.97356e+08,0,2.09715e+06,2.08043e+08
"UmbraBloom_Nonpart_AVX512_4/MTCount/225/48/1/1778279/100000000/10/iterations:5/manual_time",5,6.61842,3.26765,ms,,,,,,245599,3692.69,1.07903e+08,15498.2,6.13861e+07,2.09715e+06,9.43452,128295,7.60201e+08,6.61842,0,0.0419165,2.94298e+08,0,2.09715e+06,2.11188e+08
"UmbraBloom_Nonpart_AVX512_4/MTCount/250/48/1/1778279/100000000/10/iterations:5/manual_time",5,6.58446,2.54776,ms,,,,,,304889,3238.94,1.08202e+08,15790.3,8.26929e+07,4.1943e+06,18.869,121809,7.8854e+08,6.58446,0,0.00982323,2.90072e+08,0,4.1943e+06,2.19993e+08
"UmbraBloom_Nonpart_AVX512_4/MTCount/275/48/1/1778279/100000000/10/iterations:5/manual_time",5,6.9062,3.08039,ms,,,,,,275983,3257.1,1.06176e+08,15970.4,8.241e+07,4.1943e+06,18.869,124908,7.93733e+08,6.9062,0,0.00982323,2.86956e+08,0,4.1943e+06,2.19288e+08
"UmbraBloom_Nonpart_AVX512_4/MTCount/300/48/1/1778279/100000000/10/iterations:5/manual_time",5,6.74811,3.18011,ms,,,,,,293062,3705.37,1.07076e+08,15083,8.24525e+07,4.1943e+06,18.869,124575,7.97079e+08,6.74811,0,0.00982323,2.89712e+08,0,4.1943e+06,2.19972e+08
"UmbraBloom_Nonpart_AVX512_4/MTCount/325/48/1/1778279/100000000/10/iterations:5/manual_time",5,6.7465,3.18111,ms,,,,,,286446,3320.62,1.08064e+08,14422.1,8.19273e+07,4.1943e+06,18.869,117851,7.96578e+08,6.7465,0,0.00982323,2.94058e+08,0,4.1943e+06,2.19774e+08
"UmbraBloom_Nonpart_AVX512_4/MTCount/350/48/1/1778279/100000000/10/iterations:5/manual_time",5,6.97428,3.17096,ms,,,,,,345210,3434.84,1.06618e+08,14233.4,8.30902e+07,4.1943e+06,18.869,132960,7.96251e+08,6.97428,0,0.00982323,2.84341e+08,0,4.1943e+06,2.20062e+08
"UmbraBloom_Nonpart_AVX512_4/MTCount/375/48/1/1778279/100000000/10/iterations:5/manual_time",5,6.94672,3.1796,ms,,,,,,338922,3499.26,1.08142e+08,15433.3,8.23859e+07,4.1943e+06,18.869,133447,7.94892e+08,6.94672,0,0.00982323,2.9145e+08,0,4.1943e+06,2.19058e+08
"UmbraBloom_Nonpart_AVX512_4/MTCount/400/48/1/1778279/100000000/10/iterations:5/manual_time",5,6.76135,3.16652,ms,,,,,,297537,3561.79,1.07467e+08,14882.7,8.24404e+07,4.1943e+06,18.869,117814,7.941e+08,6.76135,0,0.00982323,2.92521e+08,0,4.1943e+06,2.19027e+08
"UmbraBloom_Nonpart_AVX512_4/MTCount/425/48/1/1778279/100000000/10/iterations:5/manual_time",5,6.75811,3.19614,ms,,,,,,301316,3665.47,1.07641e+08,15221.8,8.2227e+07,4.1943e+06,18.869,117524,7.99643e+08,6.75811,0,0.00982323,2.92529e+08,0,4.1943e+06,2.20224e+08
"UmbraBloom_Nonpart_AVX512_4/MTCount/450/48/1/1778279/100000000/10/iterations:5/manual_time",5,6.78842,3.18365,ms,,,,,,311272,3585.06,1.06218e+08,14788.9,8.20287e+07,4.1943e+06,18.869,120569,8.01486e+08,6.78842,0,0.00982323,2.9508e+08,0,4.1943e+06,2.20479e+08
"UmbraBloom_Nonpart_AVX512_4/MTCount/475/48/1/1778279/100000000/10/iterations:5/manual_time",5,7.02642,3.20919,ms,,,,,,446196,3038.53,1.06699e+08,17025.1,9.28341e+07,8.38861e+06,37.7381,123735,8.3408e+08,7.02642,0,0.00237923,2.93928e+08,0,8.38861e+06,2.2959e+08
"UmbraBloom_Nonpart_AVX512_4/MTCount/500/48/1/1778279/100000000/10/iterations:5/manual_time",5,7.00883,3.19042,ms,,,,,,436578,3176.18,1.0814e+08,16272.5,9.23497e+07,8.38861e+06,37.7381,132819,8.29269e+08,7.00883,0,0.00237923,2.96008e+08,0,8.38861e+06,2.29719e+08
"UmbraBloom_Nonpart_AVX512_4/MTCount/525/48/1/1778279/100000000/10/iterations:5/manual_time",5,7.0325,3.172,ms,,,,,,437568,3197.8,1.05235e+08,18411.2,9.29522e+07,8.38861e+06,37.7381,130838,8.36473e+08,7.0325,0,0.00237923,2.9124e+08,0,8.38861e+06,2.29813e+08
"UmbraBloom_Nonpart_AVX512_4/MTCount/550/48/1/1778279/100000000/10/iterations:5/manual_time",5,7.04867,3.19495,ms,,,,,,443415,3156.45,1.06638e+08,18683,9.25887e+07,8.38861e+06,37.7381,140515,8.3896e+08,7.04867,0,0.00237923,2.94506e+08,0,8.38861e+06,2.30048e+08
"UmbraBloom_Nonpart_AVX512_4/MTCount/575/48/1/1778279/100000000/10/iterations:5/manual_time",5,7.05894,3.22326,ms,,,,,,441087,3150.18,1.06497e+08,17938.3,9.22086e+07,8.38861e+06,37.7381,139206,8.33873e+08,7.05894,0,0.00237923,2.96312e+08,0,8.38861e+06,2.2961e+08
"UmbraBloom_Nonpart_AVX512_4/MTCount/600/48/1/1778279/100000000/10/iterations:5/manual_time",5,7.03993,3.20409,ms,,,,,,448356,3147.89,1.07033e+08,19047.7,9.1691e+07,8.38861e+06,37.7381,149309,8.32439e+08,7.03993,0,0.00237923,2.99639e+08,0,8.38861e+06,2.29906e+08
"UmbraBloom_Nonpart_AVX512_4/MTCount/625/48/1/1778279/100000000/10/iterations:5/manual_time",5,7.03576,3.17125,ms,,,,,,458904,3050.05,1.05662e+08,17700.2,9.2832e+07,8.38861e+06,37.7381,133679,8.36952e+08,7.03576,0,0.00237923,2.93278e+08,0,8.38861e+06,2.2986e+08
"UmbraBloom_Nonpart_AVX512_4/MTCount/650/48/1/1778279/100000000/10/iterations:5/manual_time",5,6.96602,3.2225,ms,,,,,,466356,3352.07,1.06253e+08,17780.1,9.35395e+07,8.38861e+06,37.7381,140540,8.34651e+08,6.96602,0,0.00237923,2.9281e+08,0,8.38861e+06,2.29302e+08
"UmbraBloom_Nonpart_AVX512_4/MTCount/100/48/1/3162278/100000000/10/iterations:5/manual_time",5,6.49187,3.13084,ms,,,,,,251067,3643.89,1.06332e+08,14617.1,6.13373e+07,2.09715e+06,5.30542,117080,7.59261e+08,6.49187,0,0.132857,2.94216e+08,0,2.09715e+06,2.08362e+08
"UmbraBloom_Nonpart_AVX512_4/MTCount/125/48/1/3162278/100000000/10/iterations:5/manual_time",5,6.46343,3.11887,ms,,,,,,253435,3466.11,1.07472e+08,14859.3,6.128e+07,2.09715e+06,5.30542,115432,7.59512e+08,6.46342,0,0.132857,2.9557e+08,0,2.09715e+06,2.08356e+08
"UmbraBloom_Nonpart_AVX512_4/MTCount/150/48/1/3162278/100000000/10/iterations:5/manual_time",5,6.71307,3.1445,ms,,,,,,276688,3337.62,1.09177e+08,15905.9,8.15226e+07,4.1943e+06,10.6108,129310,7.90651e+08,6.71307,0,0.0327988,2.96595e+08,0,4.1943e+06,2.1912e+08
"UmbraBloom_Nonpart_AVX512_4/MTCount/175/48/1/3162278/100000000/10/iterations:5/manual_time",5,6.98094,3.16135,ms,,,,,,320078,3147.02,1.08945e+08,17773.6,8.13969e+07,4.1943e+06,10.6108,149458,7.94662e+08,6.98094,0,0.0327988,2.99129e+08,0,4.1943e+06,2.19826e+08
"UmbraBloom_Nonpart_AVX512_4/MTCount/200/48/1/3162278/100000000/10/iterations:5/manual_time",5,6.74225,3.15141,ms,,,,,,282240,3212.11,1.08857e+08,14146.9,8.22906e+07,4.1943e+06,10.6108,110817,7.96167e+08,6.74225,0,0.0327988,2.95077e+08,0,4.1943e+06,2.19574e+08
"UmbraBloom_Nonpart_AVX512_4/MTCount/225/48/1/3162278/100000000/10/iterations:5/manual_time",5,6.53971,2.50227,ms,,,,,,304833,3558.23,1.09483e+08,15774.6,8.30405e+07,4.1943e+06,10.6108,118942,7.83049e+08,6.53971,0,0.0327988,2.87194e+08,0,4.1943e+06,2.19108e+08
"UmbraBloom_Nonpart_AVX512_4/MTCount/250/48/1/3162278/100000000/10/iterations:5/manual_time",5,6.68877,3.04607,ms,,,,,,272823,3498.85,1.05872e+08,15403.7,8.28792e+07,4.1943e+06,10.6108,127594,7.94767e+08,6.68877,0,0.0327988,2.83397e+08,0,4.1943e+06,2.19521e+08
"UmbraBloom_Nonpart_AVX512_4/MTCount/275/48/1/3162278/100000000/10/iterations:5/manual_time",5,7.03109,3.14046,ms,,,,,,436212,2886.31,1.05241e+08,17736.1,9.28434e+07,8.38861e+06,21.2217,142609,8.37328e+08,7.03109,0,0.00766393,2.91468e+08,0,8.38861e+06,2.30086e+08
"UmbraBloom_Nonpart_AVX512_4/MTCount/300/48/1/3162278/100000000/10/iterations:5/manual_time",5,7.01977,3.12454,ms,,,,,,442435,3262.45,1.05335e+08,16168.8,9.30673e+07,8.38861e+06,21.2217,114252,8.33218e+08,7.01977,0,0.00766393,2.91909e+08,0,8.38861e+06,2.29369e+08
"UmbraBloom_Nonpart_AVX512_4/MTCount/325/48/1/3162278/100000000/10/iterations:5/manual_time",5,6.99679,3.11834,ms,,,,,,435923,3387.34,1.06382e+08,14866.7,9.36253e+07,8.38861e+06,21.2217,115692,8.30197e+08,6.99679,0,0.00766393,2.90113e+08,0,8.38861e+06,2.29136e+08
"UmbraBloom_Nonpart_AVX512_4/MTCount/350/48/1/3162278/100000000/10/iterations:5/manual_time",5,7.02703,3.14233,ms,,,,,,452829,3168.75,1.05528e+08,17648.6,9.29389e+07,8.38861e+06,21.2217,138038,8.3714e+08,7.02703,0,0.00766393,2.92326e+08,0,8.38861e+06,2.29974e+08
"UmbraBloom_Nonpart_AVX512_4/MTCount/375/48/1/3162278/100000000/10/iterations:5/manual_time",5,7.04497,3.18534,ms,,,,,,455807,2998.74,1.07003e+08,19213.4,9.23249e+07,8.38861e+06,21.2217,164566,8.36293e+08,7.04497,0,0.00766393,2.96499e+08,0,8.38861e+06,2.30118e+08
"UmbraBloom_Nonpart_AVX512_4/MTCount/400/48/1/3162278/100000000/10/iterations:5/manual_time",5,6.83181,3.13201,ms,,,,,,428305,3503.33,1.09342e+08,16175.2,9.31364e+07,8.38861e+06,21.2217,137930,8.30876e+08,6.83181,0,0.00766393,2.93941e+08,0,8.38861e+06,2.30375e+08
"UmbraBloom_Nonpart_AVX512_4/MTCount/425/48/1/3162278/100000000/10/iterations:5/manual_time",5,6.82762,3.08769,ms,,,,,,450152,3274.72,1.04732e+08,16284.5,9.39671e+07,8.38861e+06,21.2217,122617,8.36177e+08,6.82762,0,0.00766393,2.85155e+08,0,8.38861e+06,2.31027e+08
"UmbraBloom_Nonpart_AVX512_4/MTCount/450/48/1/3162278/100000000/10/iterations:5/manual_time",5,6.89738,3.12502,ms,,,,,,449231,3146.86,1.05705e+08,19949,9.25596e+07,8.38861e+06,21.2217,149490,8.37617e+08,6.89738,0,0.00766393,2.93754e+08,0,8.38861e+06,2.30448e+08
"UmbraBloom_Nonpart_AVX512_4/MTCount/475/48/1/3162278/100000000/10/iterations:5/manual_time",5,6.91369,2.57482,ms,,,,,,449317,3136.07,1.05493e+08,18140.5,9.42785e+07,8.38861e+06,21.2217,114995,8.30572e+08,6.91369,0,0.00766393,2.8503e+08,0,8.38861e+06,2.29892e+08
"UmbraBloom_Nonpart_AVX512_4/MTCount/500/48/1/3162278/100000000/10/iterations:5/manual_time",5,6.76203,2.56832,ms,,,,,,605497,3257.66,1.09754e+08,16722.1,9.33188e+07,8.38861e+06,21.2217,140302,8.28638e+08,6.76203,0,0.00766393,2.94039e+08,0,8.38861e+06,2.29857e+08
"UmbraBloom_Nonpart_AVX512_4/MTCount/525/48/1/3162278/100000000/10/iterations:5/manual_time",5,7.0962,3.06302,ms,,,,,,444109,3422.6,1.06033e+08,16803.9,9.33576e+07,8.38861e+06,21.2217,125820,8.34572e+08,7.0962,0,0.00766393,2.90969e+08,0,8.38861e+06,2.30291e+08
"UmbraBloom_Nonpart_AVX512_4/MTCount/550/48/1/3162278/100000000/10/iterations:5/manual_time",5,8.94225,3.16609,ms,,,,,,2.53026e+07,3000.36,1.07677e+08,19662.9,9.91982e+07,1.67772e+07,42.4434,116038,1.13674e+09,8.94225,0,0.00188741,2.97743e+08,0,1.67772e+07,3.08607e+08
"UmbraBloom_Nonpart_AVX512_4/MTCount/575/48/1/3162278/100000000/10/iterations:5/manual_time",5,9.02091,3.09224,ms,,,,,,2.4918e+07,3768.38,1.1013e+08,19313.5,9.67975e+07,1.67772e+07,42.4434,104737,1.15642e+09,9.02091,0,0.00188741,3.07919e+08,0,1.67772e+07,3.13492e+08
"UmbraBloom_Nonpart_AVX512_4/MTCount/600/48/1/3162278/100000000/10/iterations:5/manual_time",5,8.88388,3.22556,ms,,,,,,2.52238e+07,2881.42,1.07427e+08,19313.4,9.95312e+07,1.67772e+07,42.4434,121588,1.14364e+09,8.88388,0,0.00188741,2.98826e+08,0,1.67772e+07,3.10612e+08
"UmbraBloom_Nonpart_AVX512_4/MTCount/625/48/1/3162278/100000000/10/iterations:5/manual_time",5,8.63858,2.5442,ms,,,,,,2.5417e+07,3426.63,1.07831e+08,21286.1,9.85351e+07,1.67772e+07,42.4434,117036,1.13677e+09,8.63858,0,0.00188741,3.01958e+08,0,1.67772e+07,3.09198e+08
"UmbraBloom_Nonpart_AVX512_4/MTCount/650/48/1/3162278/100000000/10/iterations:5/manual_time",5,8.59635,2.52902,ms,,,,,,2.53661e+07,3526.87,1.0896e+08,20648.9,9.78717e+07,1.67772e+07,42.4434,115640,1.15674e+09,8.59635,0,0.00188741,3.05597e+08,0,1.67772e+07,3.14992e+08
"UmbraBloom_Nonpart_AVX512_4/MTCount/100/48/1/5623413/100000000/10/iterations:5/manual_time",5,6.37014,2.44356,ms,,,,,,315318,3538.77,1.10238e+08,16635.3,8.22008e+07,4.1943e+06,5.96692,116407,7.75624e+08,6.37014,0,0.105927,2.88774e+08,0,4.1943e+06,2.17482e+08
"UmbraBloom_Nonpart_AVX512_4/MTCount/125/48/1/5623413/100000000/10/iterations:5/manual_time",5,6.64442,3.04048,ms,,,,,,273750,3458.75,1.05987e+08,15552.6,8.21548e+07,4.1943e+06,5.96692,117959,7.94362e+08,6.64442,0,0.105927,2.90291e+08,0,4.1943e+06,2.19436e+08
"UmbraBloom_Nonpart_AVX512_4/MTCount/150/48/1/5623413/100000000/10/iterations:5/manual_time",5,7.10006,3.25044,ms,,,,,,454112,3375.68,1.08601e+08,17338.6,9.2032e+07,8.38861e+06,11.9338,142086,8.31274e+08,7.10006,0,0.0256027,2.97441e+08,0,8.38861e+06,2.30917e+08
"UmbraBloom_Nonpart_AVX512_4/MTCount/175/48/1/5623413/100000000/10/iterations:5/manual_time",5,6.92587,3.1947,ms,,,,,,444196,2888.48,1.04412e+08,17981.1,9.27534e+07,8.38861e+06,11.9338,159490,8.38196e+08,6.92587,0,0.0256027,2.89783e+08,0,8.38861e+06,2.31132e+08
"UmbraBloom_Nonpart_AVX512_4/MTCount/200/48/1/5623413/100000000/10/iterations:5/manual_time",5,6.89569,3.25593,ms,,,,,,460179,3519.9,1.04714e+08,17884.5,9.32419e+07,8.38861e+06,11.9338,159390,8.38984e+08,6.89569,0,0.0256027,2.9051e+08,0,8.38861e+06,2.30883e+08
"UmbraBloom_Nonpart_AVX512_4/MTCount/225/48/1/5623413/100000000/10/iterations:5/manual_time",5,6.93073,2.56583,ms,,,,,,495701,3442.26,1.08203e+08,17783,9.3503e+07,8.38861e+06,11.9338,124789,8.28297e+08,6.93073,0,0.0256027,2.91509e+08,0,8.38861e+06,2.29854e+08
"UmbraBloom_Nonpart_AVX512_4/MTCount/250/48/1/5623413/100000000/10/iterations:5/manual_time",5,6.95173,3.09614,ms,,,,,,436896,3114.1,1.06886e+08,15402.7,9.44852e+07,8.38861e+06,11.9338,142510,8.27787e+08,6.95173,0,0.0256027,2.81279e+08,0,8.38861e+06,2.28978e+08
"UmbraBloom_Nonpart_AVX512_4/MTCount/275/48/1/5623413/100000000/10/iterations:5/manual_time",5,7.06078,3.14633,ms,,,,,,445160,3209.22,1.06067e+08,17067.7,9.2695e+07,8.38861e+06,11.9338,129261,8.35029e+08,7.06078,0,0.0256027,2.90454e+08,0,8.38861e+06,2.30516e+08
"UmbraBloom_Nonpart_AVX512_4/MTCount/300/48/1/5623413/100000000/10/iterations:5/manual_time",5,8.75451,3.19096,ms,,,,,,2.52753e+07,3316.1,1.07233e+08,19928.9,9.94723e+07,1.67772e+07,23.8677,111504,1.13691e+09,8.75451,0,0.00601973,2.97468e+08,0,1.67772e+07,3.08629e+08
"UmbraBloom_Nonpart_AVX512_4/MTCount/325/48/1/5623413/100000000/10/iterations:5/manual_time",5,8.93146,3.24194,ms,,,,,,2.51351e+07,4042.7,1.09289e+08,18645.8,9.7677e+07,1.67772e+07,23.8677,134385,1.14389e+09,8.93146,0,0.00601973,3.0346e+08,0,1.67772e+07,3.0986e+08
"UmbraBloom_Nonpart_AVX512_4/MTCount/350/48/1/5623413/100000000/10/iterations:5/manual_time",5,8.86408,3.30162,ms,,,,,,2.52947e+07,3611.7,1.08143e+08,19161.4,9.85878e+07,1.67772e+07,23.8677,127095,1.14753e+09,8.86408,0,0.00601973,3.01748e+08,0,1.67772e+07,3.11217e+08
"UmbraBloom_Nonpart_AVX512_4/MTCount/375/48/1/5623413/100000000/10/iterations:5/manual_time",5,8.87838,3.25436,ms,,,,,,2.51057e+07,3106.88,1.0759e+08,19102.9,9.97388e+07,1.67772e+07,23.8677,120559,1.14354e+09,8.87838,0,0.00601973,2.98688e+08,0,1.67772e+07,3.10554e+08
"UmbraBloom_Nonpart_AVX512_4/MTCount/400/48/1/5623413/100000000/10/iterations:5/manual_time",5,8.89595,3.26515,ms,,,,,,2.53043e+07,3758.93,1.09999e+08,18657.5,9.76027e+07,1.67772e+07,23.8677,127744,1.14466e+09,8.89595,0,0.00601973,3.0445e+08,0,1.67772e+07,3.11095e+08
"UmbraBloom_Nonpart_AVX512_4/MTCount/425/48/1/5623413/100000000/10/iterations:5/manual_time",5,8.86057,3.23668,ms,,,,,,2.50779e+07,4026.12,1.09695e+08,18995.9,9.75927e+07,1.67772e+07,23.8677,134397,1.14531e+09,8.86057,0,0.00601973,3.0412e+08,0,1.67772e+07,3.10489e+08
"UmbraBloom_Nonpart_AVX512_4/MTCount/450/48/1/5623413/100000000/10/iterations:5/manual_time",5,8.99178,3.07542,ms,,,,,,2.51992e+07,2739.02,1.06633e+08,19957.2,1.00917e+08,1.67772e+07,23.8677,125262,1.14886e+09,8.99178,0,0.00601973,2.93711e+08,0,1.67772e+07,3.11857e+08
"UmbraBloom_Nonpart_AVX512_4/MTCount/475/48/1/5623413/100000000/10/iterations:5/manual_time",5,8.88578,3.12248,ms,,,,,,2.51656e+07,3431.7,1.07815e+08,18732.1,9.86152e+07,1.67772e+07,23.8677,126879,1.15201e+09,8.88578,0,0.00601973,3.02493e+08,0,1.67772e+07,3.12454e+08
"UmbraBloom_Nonpart_AVX512_4/MTCount/500/48/1/5623413/100000000/10/iterations:5/manual_time",5,8.80713,3.15874,ms,,,,,,2.53902e+07,2689.21,1.06783e+08,18725.5,1.01306e+08,1.67772e+07,23.8677,121783,1.14385e+09,8.80713,0,0.00601973,2.93316e+08,0,1.67772e+07,3.10492e+08
"UmbraBloom_Nonpart_AVX512_4/MTCount/525/48/1/5623413/100000000/10/iterations:5/manual_time",5,8.91364,3.15862,ms,,,,,,2.52686e+07,2656.51,1.06693e+08,19031.8,1.01594e+08,1.67772e+07,23.8677,133455,1.1489e+09,8.91364,0,0.00601973,2.93106e+08,0,1.67772e+07,3.11981e+08
"UmbraBloom_Nonpart_AVX512_4/MTCount/550/48/1/5623413/100000000/10/iterations:5/manual_time",5,8.90796,3.18131,ms,,,,,,2.5277e+07,2986.75,1.07252e+08,19035.9,1.00662e+08,1.67772e+07,23.8677,136060,1.15007e+09,8.90796,0,0.00601973,2.95788e+08,0,1.67772e+07,3.11978e+08
"UmbraBloom_Nonpart_AVX512_4/MTCount/575/48/1/5623413/100000000/10/iterations:5/manual_time",5,9.01592,2.83457,ms,,,,,,2.56317e+07,4001.05,1.09264e+08,20105.7,9.82641e+07,1.67772e+07,23.8677,131353,1.15014e+09,9.01592,0,0.00601973,3.00805e+08,0,1.67772e+07,3.12368e+08
"UmbraBloom_Nonpart_AVX512_4/MTCount/600/48/1/5623413/100000000/10/iterations:5/manual_time",5,22.3997,3.37933,ms,,,,,,6.30376e+07,5619.39,1.13416e+08,16710.9,1.03178e+08,3.35544e+07,47.7353,379204,3.61653e+09,22.3997,0,0.00149903,3.07956e+08,0,3.35544e+07,9.59374e+08
"UmbraBloom_Nonpart_AVX512_4/MTCount/625/48/1/5623413/100000000/10/iterations:5/manual_time",5,22.4084,3.34469,ms,,,,,,6.30826e+07,5400.32,1.13279e+08,16779.4,1.03447e+08,3.35544e+07,47.7353,352692,3.6232e+09,22.4084,0,0.00149903,3.10221e+08,0,3.35544e+07,9.61374e+08
"UmbraBloom_Nonpart_AVX512_4/MTCount/650/48/1/5623413/100000000/10/iterations:5/manual_time",5,22.3547,3.33317,ms,,,,,,6.30305e+07,5564.47,1.13407e+08,17153.3,1.03094e+08,3.35544e+07,47.7353,373023,3.62466e+09,22.3547,0,0.00149903,3.09535e+08,0,3.35544e+07,9.61377e+08
"UmbraBloom_Nonpart_AVX512_4/MTCount/100/48/1/10000000/100000000/10/iterations:5/manual_time",5,6.87054,3.19156,ms,,,,,,445134,3099.02,1.05737e+08,16695.8,9.32182e+07,8.38861e+06,6.71089,129444,8.33371e+08,6.87054,0,0.0838922,2.89861e+08,0,8.38861e+06,2.30584e+08
"UmbraBloom_Nonpart_AVX512_4/MTCount/125/48/1/10000000/100000000/10/iterations:5/manual_time",5,6.8507,3.18475,ms,,,,,,438316,3299.1,1.07271e+08,19278.2,9.2333e+07,8.38861e+06,6.71089,136839,8.31359e+08,6.8507,0,0.0838922,2.96211e+08,0,8.38861e+06,2.31005e+08
"UmbraBloom_Nonpart_AVX512_4/MTCount/150/48/1/10000000/100000000/10/iterations:5/manual_time",5,6.84276,3.15295,ms,,,,,,427647,3185.6,1.06319e+08,16213,9.2862e+07,8.38861e+06,6.71089,141804,8.32406e+08,6.84276,0,0.0838922,2.89182e+08,0,8.38861e+06,2.30349e+08
"UmbraBloom_Nonpart_AVX512_4/MTCount/175/48/1/10000000/100000000/10/iterations:5/manual_time",5,8.86073,3.12365,ms,,,,,,2.51334e+07,3344.33,1.07503e+08,19527.9,9.90777e+07,1.67772e+07,13.4218,121520,1.14906e+09,8.86073,0,0.0200176,3.00474e+08,0,1.67772e+07,3.11834e+08
"UmbraBloom_Nonpart_AVX512_4/MTCount/200/48/1/10000000/100000000/10/iterations:5/manual_time",5,8.92843,3.13506,ms,,,,,,2.54347e+07,3216.29,1.07988e+08,18731.7,9.88003e+07,1.67772e+07,13.4218,123082,1.13845e+09,8.92843,0,0.0200176,3.00767e+08,0,1.67772e+07,3.08982e+08
"UmbraBloom_Nonpart_AVX512_4/MTCount/225/48/1/10000000/100000000/10/iterations:5/manual_time",5,8.89476,2.81507,ms,,,,,,2.55099e+07,2653.28,1.06712e+08,20347.1,1.01192e+08,1.67772e+07,13.4218,128054,1.14103e+09,8.89476,0,0.0200176,2.92291e+08,0,1.67772e+07,3.10054e+08
"UmbraBloom_Nonpart_AVX512_4/MTCount/250/48/1/10000000/100000000/10/iterations:5/manual_time",5,8.856,3.1231,ms,,,,,,2.52316e+07,3065.89,1.07588e+08,20081.3,9.95781e+07,1.67772e+07,13.4218,121790,1.13592e+09,8.856,0,0.0200176,2.97175e+08,0,1.67772e+07,3.08287e+08
"UmbraBloom_Nonpart_AVX512_4/MTCount/275/48/1/10000000/100000000/10/iterations:5/manual_time",5,8.85228,3.31013,ms,,,,,,2.5202e+07,3473.46,1.07564e+08,19437.1,9.90427e+07,1.67772e+07,13.4218,141727,1.14411e+09,8.85228,0,0.0200176,3.00051e+08,0,1.67772e+07,3.10328e+08
"UmbraBloom_Nonpart_AVX512_4/MTCount/300/48/1/10000000/100000000/10/iterations:5/manual_time",5,8.87783,3.3257,ms,,,,,,2.52774e+07,3537.3,1.0863e+08,18893.1,9.87387e+07,1.67772e+07,13.4218,129721,1.14664e+09,8.87783,0,0.0200176,3.01731e+08,0,1.67772e+07,3.11122e+08
"UmbraBloom_Nonpart_AVX512_4/MTCount/325/48/1/10000000/100000000/10/iterations:5/manual_time",5,8.70349,2.47359,ms,,,,,,2.54722e+07,3123.62,1.07657e+08,20982.4,9.87773e+07,1.67772e+07,13.4218,122671,1.13961e+09,8.70349,0,0.0200176,3.01506e+08,0,1.67772e+07,3.09998e+08
"UmbraBloom_Nonpart_AVX512_4/MTCount/350/48/1/10000000/100000000/10/iterations:5/manual_time",5,22.6028,3.17724,ms,,,,,,6.29976e+07,5606.41,1.13332e+08,16777.5,1.03161e+08,3.35544e+07,26.8435,359642,3.62528e+09,22.6028,0,0.0047341,3.08318e+08,0,3.35544e+07,9.61622e+08
"UmbraBloom_Nonpart_AVX512_4/MTCount/375/48/1/10000000/100000000/10/iterations:5/manual_time",5,22.7593,3.34257,ms,,,,,,6.30383e+07,5345.07,1.13181e+08,17282.6,1.03413e+08,3.35544e+07,26.8435,347999,3.62449e+09,22.7593,0,0.0047341,3.09794e+08,0,3.35544e+07,9.61641e+08
"UmbraBloom_Nonpart_AVX512_4/MTCount/400/48/1/10000000/100000000/10/iterations:5/manual_time",5,22.5057,3.26922,ms,,,,,,6.30083e+07,5465.72,1.13318e+08,17464,1.03131e+08,3.35544e+07,26.8435,343355,3.62075e+09,22.5057,0,0.0047341,3.08722e+08,0,3.35544e+07,9.6035e+08
"UmbraBloom_Nonpart_AVX512_4/MTCount/425/48/1/10000000/100000000/10/iterations:5/manual_time",5,22.9686,3.27983,ms,,,,,,6.30195e+07,5250.53,1.13196e+08,17775.4,1.0323e+08,3.35544e+07,26.8435,330594,3.62416e+09,22.9686,0,0.0047341,3.09398e+08,0,3.35544e+07,9.61338e+08
"UmbraBloom_Nonpart_AVX512_4/MTCount/450/48/1/10000000/100000000/10/iterations:5/manual_time",5,22.3933,3.34124,ms,,,,,,6.30661e+07,5234.45,1.13323e+08,16093.1,1.03253e+08,3.35544e+07,26.8435,352598,3.61698e+09,22.3933,0,0.0047341,3.08251e+08,0,3.35544e+07,9.59562e+08
"UmbraBloom_Nonpart_AVX512_4/MTCount/475/48/1/10000000/100000000/10/iterations:5/manual_time",5,22.4029,3.30145,ms,,,,,,6.30602e+07,5458.79,1.13309e+08,16605.5,1.03154e+08,3.35544e+07,26.8435,344413,3.62242e+09,22.4029,0,0.0047341,3.08266e+08,0,3.35544e+07,9.60818e+08
"UmbraBloom_Nonpart_AVX512_4/MTCount/500/48/1/10000000/100000000/10/iterations:5/manual_time",5,22.4486,3.34655,ms,,,,,,6.30273e+07,5610.52,1.13327e+08,16236.7,1.03121e+08,3.35544e+07,26.8435,363012,3.61915e+09,22.4486,0,0.0047341,3.07289e+08,0,3.35544e+07,9.59994e+08
"UmbraBloom_Nonpart_AVX512_4/MTCount/525/48/1/10000000/100000000/10/iterations:5/manual_time",5,22.3474,3.3191,ms,,,,,,6.30139e+07,5524.4,1.13454e+08,17181.4,1.02954e+08,3.35544e+07,26.8435,381623,3.61379e+09,22.3474,0,0.0047341,3.08261e+08,0,3.35544e+07,9.58506e+08
"UmbraBloom_Nonpart_AVX512_4/MTCount/550/48/1/10000000/100000000/10/iterations:5/manual_time",5,22.2928,2.99213,ms,,,,,,6.3044e+07,5098.4,1.13175e+08,17135.6,1.03398e+08,3.35544e+07,26.8435,315114,3.61031e+09,22.2928,0,0.0047341,3.09224e+08,0,3.35544e+07,9.57933e+08
"UmbraBloom_Nonpart_AVX512_4/MTCount/575/48/1/10000000/100000000/10/iterations:5/manual_time",5,22.608,3.34335,ms,,,,,,6.30887e+07,5918.81,1.13231e+08,17261.8,1.03441e+08,3.35544e+07,26.8435,340815,3.62332e+09,22.608,0,0.0047341,3.10857e+08,0,3.35544e+07,9.61226e+08
"UmbraBloom_Nonpart_AVX512_4/MTCount/600/48/1/10000000/100000000/10/iterations:5/manual_time",5,22.5905,3.35603,ms,,,,,,6.30006e+07,5535.99,1.13304e+08,16784.4,1.03156e+08,3.35544e+07,26.8435,358620,3.61944e+09,22.5905,0,0.0047341,3.07743e+08,0,3.35544e+07,9.59939e+08
"UmbraBloom_Nonpart_AVX512_4/MTCount/625/48/1/10000000/100000000/10/iterations:5/manual_time",5,22.4552,3.40142,ms,,,,,,6.30842e+07,5310.9,1.13321e+08,17452.3,1.03159e+08,3.35544e+07,26.8435,389226,3.62228e+09,22.4552,0,0.0047341,3.0688e+08,0,3.35544e+07,9.60768e+08
"UmbraBloom_Nonpart_AVX512_4/MTCount/650/48/1/10000000/100000000/10/iterations:5/manual_time",5,22.7433,3.47903,ms,,,,,,6.304e+07,5387.47,1.13581e+08,17312,1.02926e+08,3.35544e+07,26.8435,409697,3.62448e+09,22.7433,0,0.0047341,3.07368e+08,0,3.35544e+07,9.61368e+08
"UmbraBloom_Nonpart_AVX512_4/MTCount/100/48/1/17782794/100000000/10/iterations:5/manual_time",5,8.92431,3.30791,ms,,,,,,2.52689e+07,2807.14,1.07392e+08,19113.1,9.972e+07,1.67772e+07,7.54762,126847,1.13731e+09,8.92431,0,0.0662221,2.96811e+08,0,1.67772e+07,3.08867e+08
"UmbraBloom_Nonpart_AVX512_4/MTCount/125/48/1/17782794/100000000/10/iterations:5/manual_time",5,8.94225,3.28153,ms,,,,,,2.51679e+07,3950.72,1.09817e+08,19403.7,9.78913e+07,1.67772e+07,7.54762,140277,1.13848e+09,8.94225,0,0.0662221,3.02478e+08,0,1.67772e+07,3.08128e+08
"UmbraBloom_Nonpart_AVX512_4/MTCount/150/48/1/17782794/100000000/10/iterations:5/manual_time",5,8.91563,3.11577,ms,,,,,,2.52287e+07,3128.28,1.07587e+08,19255.6,9.9635e+07,1.67772e+07,7.54762,144333,1.14344e+09,8.91563,0,0.0662221,2.97669e+08,0,1.67772e+07,3.10149e+08
"UmbraBloom_Nonpart_AVX512_4/MTCount/175/48/1/17782794/100000000/10/iterations:5/manual_time",5,8.90654,3.19885,ms,,,,,,2.52187e+07,2772.29,1.08079e+08,18482.9,9.93354e+07,1.67772e+07,7.54762,130892,1.13737e+09,8.90654,0,0.0662221,2.98158e+08,0,1.67772e+07,3.08812e+08
"UmbraBloom_Nonpart_AVX512_4/MTCount/200/48/1/17782794/100000000/10/iterations:5/manual_time",5,22.7833,3.32674,ms,,,,,,6.29819e+07,5707.77,1.1341e+08,17121.4,1.03021e+08,3.35544e+07,15.0952,370267,3.61827e+09,22.7833,0,0.0156476,3.07839e+08,0,3.35544e+07,9.59597e+08
"UmbraBloom_Nonpart_AVX512_4/MTCount/225/48/1/17782794/100000000/10/iterations:5/manual_time",5,22.3496,2.92541,ms,,,,,,6.29832e+07,5060.49,1.13164e+08,17406.3,1.03081e+08,3.35544e+07,15.0952,317928,3.61718e+09,22.3496,0,0.0156476,3.08349e+08,0,3.35544e+07,9.59303e+08
"UmbraBloom_Nonpart_AVX512_4/MTCount/250/48/1/17782794/100000000/10/iterations:5/manual_time",5,22.4441,3.33437,ms,,,,,,6.30463e+07,5669.46,1.13352e+08,17000.8,1.0329e+08,3.35544e+07,15.0952,370910,3.62001e+09,22.4441,0,0.0156476,3.08763e+08,0,3.35544e+07,9.60237e+08
"UmbraBloom_Nonpart_AVX512_4/MTCount/275/48/1/17782794/100000000/10/iterations:5/manual_time",5,22.476,3.32825,ms,,,,,,6.30599e+07,5659.35,1.13336e+08,16803.5,1.03146e+08,3.35544e+07,15.0952,360715,3.61989e+09,22.476,0,0.0156476,3.0714e+08,0,3.35544e+07,9.60105e+08
"UmbraBloom_Nonpart_AVX512_4/MTCount/300/48/1/17782794/100000000/10/iterations:5/manual_time",5,22.7897,3.30714,ms,,,,,,6.30197e+07,5672.67,1.13236e+08,16803.4,1.03286e+08,3.35544e+07,15.0952,348723,3.61826e+09,22.7897,0,0.0156476,3.09263e+08,0,3.35544e+07,9.59816e+08
"UmbraBloom_Nonpart_AVX512_4/MTCount/325/48/1/17782794/100000000/10/iterations:5/manual_time",5,22.7707,3.28294,ms,,,,,,6.3066e+07,5678.3,1.13392e+08,16406.7,1.03017e+08,3.35544e+07,15.0952,362402,3.62042e+09,22.7707,0,0.0156476,3.08301e+08,0,3.35544e+07,9.60313e+08
"UmbraBloom_Nonpart_AVX512_4/MTCount/350/48/1/17782794/100000000/10/iterations:5/manual_time",5,22.3484,3.29756,ms,,,,,,6.30721e+07,5702.71,1.13331e+08,16816.2,1.03199e+08,3.35544e+07,15.0952,360883,3.61827e+09,22.3484,0,0.0156476,3.09569e+08,0,3.35544e+07,9.59765e+08
"UmbraBloom_Nonpart_AVX512_4/MTCount/375/48/1/17782794/100000000/10/iterations:5/manual_time",5,22.3335,3.29051,ms,,,,,,6.30067e+07,5534.38,1.13324e+08,17497.9,1.03117e+08,3.35544e+07,15.0952,347284,3.61419e+09,22.3335,0,0.0156476,3.09564e+08,0,3.35544e+07,9.58655e+08
"UmbraBloom_Nonpart_AVX512_4/MTCount/400/48/1/17782794/100000000/10/iterations:5/manual_time",5,31.2826,3.28038,ms,,,,,,8.17927e+07,5784.04,1.13696e+08,19915.4,1.07616e+08,6.71089e+07,30.1905,400803,5.18521e+09,31.2826,0,0.00371254,3.12926e+08,0,6.71089e+07,1.3745e+09
"UmbraBloom_Nonpart_AVX512_4/MTCount/425/48/1/17782794/100000000/10/iterations:5/manual_time",5,30.7156,3.27119,ms,,,,,,8.17852e+07,5264.74,1.1366e+08,19035.5,1.07617e+08,6.71089e+07,30.1905,423826,5.09402e+09,30.7156,0,0.00371254,3.10123e+08,0,6.71089e+07,1.35031e+09
"UmbraBloom_Nonpart_AVX512_4/MTCount/450/48/1/17782794/100000000/10/iterations:5/manual_time",5,31.2076,3.30101,ms,,,,,,8.17907e+07,5579.51,1.13767e+08,19581.4,1.07522e+08,6.71089e+07,30.1905,413116,5.18255e+09,31.2076,0,0.00371254,3.11084e+08,0,6.71089e+07,1.37387e+09
"UmbraBloom_Nonpart_AVX512_4/MTCount/475/48/1/17782794/100000000/10/iterations:5/manual_time",5,31.2569,3.2429,ms,,,,,,8.18329e+07,6271.97,1.13732e+08,19689.2,1.07643e+08,6.71089e+07,30.1905,408450,5.18836e+09,31.2569,0,0.00371254,3.11211e+08,0,6.71089e+07,1.37516e+09
"UmbraBloom_Nonpart_AVX512_4/MTCount/500/48/1/17782794/100000000/10/iterations:5/manual_time",5,31.6022,3.28086,ms,,,,,,8.18889e+07,6205.43,1.13561e+08,19955.2,1.07705e+08,6.71089e+07,30.1905,410386,5.18401e+09,31.6022,0,0.00371254,3.11359e+08,0,6.71089e+07,1.374e+09
"UmbraBloom_Nonpart_AVX512_4/MTCount/525/48/1/17782794/100000000/10/iterations:5/manual_time",5,31.2117,3.28877,ms,,,,,,8.18584e+07,6232.38,1.13521e+08,19290.6,1.07702e+08,6.71089e+07,30.1905,423876,5.18338e+09,31.2117,0,0.00371254,3.10613e+08,0,6.71089e+07,1.37384e+09
"UmbraBloom_Nonpart_AVX512_4/MTCount/550/48/1/17782794/100000000/10/iterations:5/manual_time",5,31.3645,3.091,ms,,,,,,8.18184e+07,6413.34,1.13697e+08,20772.2,1.07608e+08,6.71089e+07,30.1905,409242,5.18357e+09,31.3645,0,0.00371254,3.10251e+08,0,6.71089e+07,1.37382e+09
"UmbraBloom_Nonpart_AVX512_4/MTCount/575/48/1/17782794/100000000/10/iterations:5/manual_time",5,31.6284,3.3161,ms,,,,,,8.18418e+07,6095.07,1.13678e+08,19728.7,1.0762e+08,6.71089e+07,30.1905,400193,5.18563e+09,31.6284,0,0.00371254,3.11172e+08,0,6.71089e+07,1.37453e+09
"UmbraBloom_Nonpart_AVX512_4/MTCount/600/48/1/17782794/100000000/10/iterations:5/manual_time",5,31.2505,3.29497,ms,,,,,,8.1772e+07,5779.84,1.13706e+08,19929.4,1.0769e+08,6.71089e+07,30.1905,387557,5.1825e+09,31.2505,0,0.00371254,3.13283e+08,0,6.71089e+07,1.3737e+09
"UmbraBloom_Nonpart_AVX512_4/MTCount/625/48/1/17782794/100000000/10/iterations:5/manual_time",5,31.2459,3.30903,ms,,,,,,8.1806e+07,6007.59,1.13714e+08,20437.6,1.07643e+08,6.71089e+07,30.1905,399925,5.18132e+09,31.2459,0,0.00371254,3.12271e+08,0,6.71089e+07,1.37339e+09
"UmbraBloom_Nonpart_AVX512_4/MTCount/650/48/1/17782794/100000000/10/iterations:5/manual_time",5,31.294,3.33158,ms,,,,,,8.17833e+07,5348.58,1.13746e+08,20366.9,1.07549e+08,6.71089e+07,30.1905,405960,5.18555e+09,31.294,0,0.00371254,3.12323e+08,0,6.71089e+07,1.37462e+09
"UmbraBloom_Nonpart_AVX512_4/MTCount/100/48/1/31622777/100000000/10/iterations:5/manual_time",5,8.8506,3.22387,ms,,,,,,2.51071e+07,3963.06,1.10312e+08,19027.3,9.73897e+07,1.67772e+07,4.24434,136938,1.13312e+09,8.8506,0,0.200154,3.03907e+08,0,1.67772e+07,3.07764e+08
"UmbraBloom_Nonpart_AVX512_4/MTCount/125/48/1/31622777/100000000/10/iterations:5/manual_time",5,22.3313,3.12969,ms,,,,,,6.31168e+07,5642.52,1.13313e+08,16972.7,1.03302e+08,3.35544e+07,8.48867,374440,3.62013e+09,22.3313,0,0.0520674,3.09136e+08,0,3.35544e+07,9.60407e+08
"UmbraBloom_Nonpart_AVX512_4/MTCount/150/48/1/31622777/100000000/10/iterations:5/manual_time",5,22.304,3.13905,ms,,,,,,6.31049e+07,5889.1,1.13293e+08,17184.3,1.03216e+08,3.35544e+07,8.48867,337268,3.61993e+09,22.304,0,0.0520674,3.08775e+08,0,3.35544e+07,9.60247e+08
"UmbraBloom_Nonpart_AVX512_4/MTCount/175/48/1/31622777/100000000/10/iterations:5/manual_time",5,22.097,3.12453,ms,,,,,,6.30932e+07,5879.41,1.13327e+08,17320.6,1.03202e+08,3.35544e+07,8.48867,352311,3.61696e+09,22.097,0,0.0520674,3.0967e+08,0,3.35544e+07,9.59437e+08
"UmbraBloom_Nonpart_AVX512_4/MTCount/200/48/1/31622777/100000000/10/iterations:5/manual_time",5,22.1314,3.13576,ms,,,,,,6.30932e+07,5613.93,1.13285e+08,17946.9,1.03091e+08,3.35544e+07,8.48867,348844,3.61868e+09,22.1314,0,0.0520674,3.09217e+08,0,3.35544e+07,9.59804e+08
"UmbraBloom_Nonpart_AVX512_4/MTCount/225/48/1/31622777/100000000/10/iterations:5/manual_time",5,30.9628,3.10236,ms,,,,,,8.1819e+07,5489.53,1.13757e+08,19481.8,1.07534e+08,6.71089e+07,16.9773,407422,5.18482e+09,30.9628,0,0.0122218,3.13093e+08,0,6.71089e+07,1.37457e+09
"UmbraBloom_Nonpart_AVX512_4/MTCount/250/48/1/31622777/100000000/10/iterations:5/manual_time",5,30.6526,3.05512,ms,,,,,,8.17562e+07,4547.29,1.13676e+08,19993.5,1.07513e+08,6.71089e+07,16.9773,419392,5.12876e+09,30.6526,0,0.0122218,3.12582e+08,0,6.71089e+07,1.35977e+09
"UmbraBloom_Nonpart_AVX512_4/MTCount/275/48/1/31622777/100000000/10/iterations:5/manual_time",5,31.1654,3.13696,ms,,,,,,8.17741e+07,5326.97,1.13709e+08,20286,1.07468e+08,6.71089e+07,16.9773,384120,5.18366e+09,31.1654,0,0.0122218,3.122e+08,0,6.71089e+07,1.37416e+09
"UmbraBloom_Nonpart_AVX512_4/MTCount/300/48/1/31622777/100000000/10/iterations:5/manual_time",5,31.2522,3.27206,ms,,,,,,8.18525e+07,6208.2,1.13549e+08,19276.6,1.07694e+08,6.71089e+07,16.9773,411849,5.18476e+09,31.2522,0,0.0122218,3.10438e+08,0,6.71089e+07,1.37425e+09
"UmbraBloom_Nonpart_AVX512_4/MTCount/325/48/1/31622777/100000000/10/iterations:5/manual_time",5,30.7112,3.23407,ms,,,,,,8.17666e+07,5003.49,1.13661e+08,19385.9,1.07668e+08,6.71089e+07,16.9773,429617,5.0963e+09,30.7112,0,0.0122218,3.11504e+08,0,6.71089e+07,1.35107e+09
"UmbraBloom_Nonpart_AVX512_4/MTCount/350/48/1/31622777/100000000/10/iterations:5/manual_time",5,31.2358,3.30833,ms,,,,,,8.18455e+07,6219.4,1.13559e+08,19082.1,1.07684e+08,6.71089e+07,16.9773,427956,5.18575e+09,31.2358,0,0.0122218,3.10471e+08,0,6.71089e+07,1.37451e+09
"UmbraBloom_Nonpart_AVX512_4/MTCount/375/48/1/31622777/100000000/10/iterations:5/manual_time",5,31.2168,3.25915,ms,,,,,,8.18377e+07,5878.69,1.1368e+08,19991.5,1.07665e+08,6.71089e+07,16.9773,408371,5.18053e+09,31.2168,0,0.0122218,3.1023e+08,0,6.71089e+07,1.37318e+09
"UmbraBloom_Nonpart_AVX512_4/MTCount/400/48/1/31622777/100000000/10/iterations:5/manual_time",5,31.3348,3.26422,ms,,,,,,8.17537e+07,5599.45,1.13668e+08,20109.8,1.07599e+08,6.71089e+07,16.9773,414705,5.13051e+09,31.3348,0,0.0122218,3.10212e+08,0,6.71089e+07,1.35985e+09
"UmbraBloom_Nonpart_AVX512_4/MTCount/425/48/1/31622777/100000000/10/iterations:5/manual_time",5,36.2535,3.12185,ms,,,,,,9.10548e+07,4470.96,1.1382e+08,22432.9,1.21249e+08,1.34218e+08,33.9547,410844,6.08579e+09,36.2535,0,0.00293885,3.13612e+08,0,1.34218e+08,1.61261e+09
"UmbraBloom_Nonpart_AVX512_4/MTCount/450/48/1/31622777/100000000/10/iterations:5/manual_time",5,36.3897,3.21521,ms,,,,,,9.10809e+07,5215.31,1.13698e+08,22135.6,1.21317e+08,1.34218e+08,33.9547,420582,6.09668e+09,36.3897,0,0.00293885,3.12294e+08,0,1.34218e+08,1.61525e+09
"UmbraBloom_Nonpart_AVX512_4/MTCount/475/48/1/31622777/100000000/10/iterations:5/manual_time",5,36.1357,3.09434,ms,,,,,,9.10625e+07,4580.71,1.13685e+08,23086.5,1.21349e+08,1.34218e+08,33.9547,415633,6.07678e+09,36.1357,0,0.00293885,3.14842e+08,0,1.34218e+08,1.61009e+09
"UmbraBloom_Nonpart_AVX512_4/MTCount/500/48/1/31622777/100000000/10/iterations:5/manual_time",5,35.9331,3.14486,ms,,,,,,9.10733e+07,4736.4,1.13775e+08,22762.5,1.21352e+08,1.34218e+08,33.9547,425325,6.08873e+09,35.9331,0,0.00293885,3.14435e+08,0,1.34218e+08,1.61326e+09
"UmbraBloom_Nonpart_AVX512_4/MTCount/525/48/1/31622777/100000000/10/iterations:5/manual_time",5,35.5436,3.18973,ms,,,,,,9.09509e+07,3543.68,1.13705e+08,23180.8,1.21468e+08,1.34218e+08,33.9547,417051,5.97524e+09,35.5436,0,0.00293885,3.14302e+08,0,1.34218e+08,1.58346e+09
"UmbraBloom_Nonpart_AVX512_4/MTCount/550/48/1/31622777/100000000/10/iterations:5/manual_time",5,36.17,3.27183,ms,,,,,,9.11117e+07,4846.04,1.13748e+08,21770.6,1.2135e+08,1.34218e+08,33.9547,429535,6.09285e+09,36.17,0,0.00293885,3.13104e+08,0,1.34218e+08,1.61443e+09
"UmbraBloom_Nonpart_AVX512_4/MTCount/575/48/1/31622777/100000000/10/iterations:5/manual_time",5,36.3103,3.12999,ms,,,,,,9.10608e+07,5077.77,1.13598e+08,21861.2,1.21508e+08,1.34218e+08,33.9547,454534,6.06702e+09,36.3103,0,0.00293885,3.13134e+08,0,1.34218e+08,1.60758e+09
"UmbraBloom_Nonpart_AVX512_4/MTCount/600/48/1/31622777/100000000/10/iterations:5/manual_time",5,36.1027,3.24324,ms,,,,,,9.10863e+07,4704.79,1.13693e+08,22502.7,1.21416e+08,1.34218e+08,33.9547,432359,6.09803e+09,36.1027,0,0.00293885,3.12892e+08,0,1.34218e+08,1.61574e+09
"UmbraBloom_Nonpart_AVX512_4/MTCount/625/48/1/31622777/100000000/10/iterations:5/manual_time",5,35.989,3.15705,ms,,,,,,9.10898e+07,4974.98,1.13628e+08,22214.5,1.21468e+08,1.34218e+08,33.9547,425564,6.0763e+09,35.989,0,0.00293885,3.13687e+08,0,1.34218e+08,1.61005e+09
"UmbraBloom_Nonpart_AVX512_4/MTCount/650/48/1/31622777/100000000/10/iterations:5/manual_time",5,35.8159,3.14247,ms,,,,,,9.09967e+07,5244.4,1.13841e+08,23362.5,1.21196e+08,1.34218e+08,33.9547,404885,6.04343e+09,35.8159,0,0.00293885,3.1293e+08,0,1.34218e+08,1.6014e+09
"UmbraBloom_Nonpart_AVX512_4/MTCount/100/48/1/56234133/100000000/10/iterations:5/manual_time",5,22.3314,3.35946,ms,,,,,,6.30098e+07,5435.8,1.13439e+08,17277.7,1.02982e+08,3.35544e+07,4.77353,365125,3.6204e+09,22.3314,0,0.161868,3.07795e+08,0,3.35544e+07,9.60312e+08
"UmbraBloom_Nonpart_AVX512_4/MTCount/125/48/1/56234133/100000000/10/iterations:5/manual_time",5,31.256,3.29653,ms,,,,,,8.18201e+07,5976.33,1.13711e+08,19994.1,1.07631e+08,6.71089e+07,9.54706,415197,5.1838e+09,31.256,0,0.0408733,3.12216e+08,0,6.71089e+07,1.37396e+09
"UmbraBloom_Nonpart_AVX512_4/MTCount/150/48/1/56234133/100000000/10/iterations:5/manual_time",5,31.5314,3.26101,ms,,,,,,8.18111e+07,6082.12,1.13733e+08,19498.4,1.07613e+08,6.71089e+07,9.54706,430969,5.18162e+09,31.5314,0,0.0408733,3.09604e+08,0,6.71089e+07,1.37332e+09
"UmbraBloom_Nonpart_AVX512_4/MTCount/175/48/1/56234133/100000000/10/iterations:5/manual_time",5,30.665,3.09275,ms,,,,,,8.17229e+07,5341.93,1.13652e+08,19257.4,1.07644e+08,6.71089e+07,9.54706,415749,5.09556e+09,30.665,0,0.0408733,3.0956e+08,0,6.71089e+07,1.35066e+09
"UmbraBloom_Nonpart_AVX512_4/MTCount/200/48/1/56234133/100000000/10/iterations:5/manual_time",5,31.5148,3.21992,ms,,,,,,8.18148e+07,6180.73,1.13416e+08,17993.8,1.07807e+08,6.71089e+07,9.54706,501286,5.1701e+09,31.5148,0,0.0408733,3.09129e+08,0,6.71089e+07,1.37048e+09
"UmbraBloom_Nonpart_AVX512_4/MTCount/225/48/1/56234133/100000000/10/iterations:5/manual_time",5,31.1671,3.32941,ms,,,,,,8.17886e+07,5457.98,1.13582e+08,20076.9,1.0771e+08,6.71089e+07,9.54706,416857,5.08196e+09,31.1671,0,0.0408733,3.10294e+08,0,6.71089e+07,1.3471e+09
"UmbraBloom_Nonpart_AVX512_4/MTCount/250/48/1/56234133/100000000/10/iterations:5/manual_time",5,36.795,3.31507,ms,,,,,,9.1047e+07,3781.27,1.13734e+08,23231.8,1.21348e+08,1.34218e+08,19.0941,409713,6.05605e+09,36.795,0,0.00957621,3.15043e+08,0,1.34218e+08,1.60494e+09
"UmbraBloom_Nonpart_AVX512_4/MTCount/275/48/1/56234133/100000000/10/iterations:5/manual_time",5,35.9077,3.23984,ms,,,,,,9.10013e+07,4962.76,1.13763e+08,22909.7,1.21413e+08,1.34218e+08,19.0941,409396,5.96096e+09,35.9077,0,0.00957621,3.1389e+08,0,1.34218e+08,1.5792e+09
"UmbraBloom_Nonpart_AVX512_4/MTCount/300/48/1/56234133/100000000/10/iterations:5/manual_time",5,36.2299,3.22845,ms,,,,,,9.11282e+07,4185.51,1.13681e+08,22095.7,1.21336e+08,1.34218e+08,19.0941,429017,6.08903e+09,36.2299,0,0.00957621,3.13671e+08,0,1.34218e+08,1.61357e+09
"UmbraBloom_Nonpart_AVX512_4/MTCount/325/48/1/56234133/100000000/10/iterations:5/manual_time",5,35.722,3.29839,ms,,,,,,9.09616e+07,3711.27,1.13711e+08,23189.2,1.21362e+08,1.34218e+08,19.0941,409094,5.96638e+09,35.722,0,0.00957621,3.13863e+08,0,1.34218e+08,1.58094e+09
"UmbraBloom_Nonpart_AVX512_4/MTCount/350/48/1/56234133/100000000/10/iterations:5/manual_time",5,36.1489,3.29781,ms,,,,,,9.11294e+07,4730.59,1.1386e+08,22941.8,1.21267e+08,1.34218e+08,19.0941,444006,6.07854e+09,36.1489,0,0.00957621,3.15145e+08,0,1.34218e+08,1.61059e+09
"UmbraBloom_Nonpart_AVX512_4/MTCount/375/48/1/56234133/100000000/10/iterations:5/manual_time",5,35.3674,3.1127,ms,,,,,,9.09454e+07,5000.33,1.13764e+08,22797,1.21396e+08,1.34218e+08,19.0941,403471,5.96573e+09,35.3674,0,0.00957621,3.12059e+08,0,1.34218e+08,1.58054e+09
"UmbraBloom_Nonpart_AVX512_4/MTCount/400/48/1/56234133/100000000/10/iterations:5/manual_time",5,36.2131,3.10982,ms,,,,,,9.1086e+07,5257.09,1.13808e+08,23019.5,1.213e+08,1.34218e+08,19.0941,424573,6.07319e+09,36.2131,0,0.00957621,3.13222e+08,0,1.34218e+08,1.60925e+09
"UmbraBloom_Nonpart_AVX512_4/MTCount/425/48/1/56234133/100000000/10/iterations:5/manual_time",5,35.5097,3.31164,ms,,,,,,9.096e+07,4017.94,1.13735e+08,23315.3,1.21327e+08,1.34218e+08,19.0941,401425,5.9689e+09,35.5097,0,0.00957621,3.13386e+08,0,1.34218e+08,1.58154e+09
"UmbraBloom_Nonpart_AVX512_4/MTCount/450/48/1/56234133/100000000/10/iterations:5/manual_time",5,35.9704,3.10265,ms,,,,,,9.10552e+07,3962.41,1.13785e+08,23860.3,1.21224e+08,1.34218e+08,19.0941,405117,6.06583e+09,35.9704,0,0.00957621,3.16009e+08,0,1.34218e+08,1.60751e+09
"UmbraBloom_Nonpart_AVX512_4/MTCount/475/48/1/56234133/100000000/10/iterations:5/manual_time",5,35.4051,3.18239,ms,,,,,,9.09273e+07,4693.88,1.13698e+08,23376.8,1.21536e+08,1.34218e+08,19.0941,425152,5.97317e+09,35.4051,0,0.00957621,3.13908e+08,0,1.34218e+08,1.58266e+09
"UmbraBloom_Nonpart_AVX512_4/MTCount/500/48/1/56234133/100000000/10/iterations:5/manual_time",5,38.8981,3.26725,ms,,,,,,9.55486e+07,6366.59,1.13739e+08,21989.7,1.43139e+08,2.68435e+08,38.1883,467281,6.59719e+09,38.8981,0,0.00231889,3.14092e+08,0,2.68435e+08,1.74764e+09
"UmbraBloom_Nonpart_AVX512_4/MTCount/525/48/1/56234133/100000000/10/iterations:5/manual_time",5,38.4203,3.2932,ms,,,,,,9.57683e+07,6436.66,1.1381e+08,20745.9,1.43138e+08,2.68435e+08,38.1883,452795,6.48375e+09,38.4203,0,0.00231889,3.14481e+08,0,2.68435e+08,1.71787e+09
"UmbraBloom_Nonpart_AVX512_4/MTCount/550/48/1/56234133/100000000/10/iterations:5/manual_time",5,39.101,3.36665,ms,,,,,,9.55603e+07,6488.6,1.13844e+08,21572,1.43055e+08,2.68435e+08,38.1883,504248,6.62737e+09,39.101,0,0.00231889,3.1193e+08,0,2.68435e+08,1.7557e+09
"UmbraBloom_Nonpart_AVX512_4/MTCount/575/48/1/56234133/100000000/10/iterations:5/manual_time",5,38.3542,3.01579,ms,,,,,,9.57873e+07,6777.18,1.13694e+08,21038.3,1.43131e+08,2.68435e+08,38.1883,438940,6.47839e+09,38.3542,0,0.00231889,3.12767e+08,0,2.68435e+08,1.71638e+09
"UmbraBloom_Nonpart_AVX512_4/MTCount/600/48/1/56234133/100000000/10/iterations:5/manual_time",5,39.0384,3.21936,ms,,,,,,9.55605e+07,6560.67,1.13834e+08,22317.4,1.43e+08,2.68435e+08,38.1883,465452,6.63726e+09,39.0384,0,0.00231889,3.12547e+08,0,2.68435e+08,1.75823e+09
"UmbraBloom_Nonpart_AVX512_4/MTCount/625/48/1/56234133/100000000/10/iterations:5/manual_time",5,38.0197,3.02562,ms,,,,,,9.57528e+07,6641.68,1.13663e+08,21382.7,1.43143e+08,2.68435e+08,38.1883,455035,6.49552e+09,38.0197,0,0.00231889,3.13585e+08,0,2.68435e+08,1.72105e+09
"UmbraBloom_Nonpart_AVX512_4/MTCount/650/48/1/56234133/100000000/10/iterations:5/manual_time",5,39.2494,3.10326,ms,,,,,,9.55432e+07,6565,1.13774e+08,22475.2,1.43003e+08,2.68435e+08,38.1883,455783,6.64265e+09,39.2494,0,0.00231889,3.14398e+08,0,2.68435e+08,1.75972e+09
"UmbraBloom_Nonpart_AVX512_4/MTCount/100/48/1/100000000/100000000/10/iterations:5/manual_time",5,31.0119,2.98219,ms,,,,,,8.17365e+07,4545.44,1.13592e+08,19896.5,1.07644e+08,6.71089e+07,5.36871,406362,5.08923e+09,31.0119,0,0.129905,3.12068e+08,0,6.71089e+07,1.34924e+09
"UmbraBloom_Nonpart_AVX512_4/MTCount/125/48/1/100000000/100000000/10/iterations:5/manual_time",5,31.3084,2.99418,ms,,,,,,8.17737e+07,4841.38,1.13642e+08,20594.1,1.07545e+08,6.71089e+07,5.36871,400173,5.17077e+09,31.3084,0,0.129905,3.11329e+08,0,6.71089e+07,1.37088e+09
"UmbraBloom_Nonpart_AVX512_4/MTCount/150/48/1/100000000/100000000/10/iterations:5/manual_time",5,35.5405,3.22368,ms,,,,,,9.09558e+07,4463.48,1.13772e+08,23289,1.21349e+08,1.34218e+08,10.7374,403819,5.98604e+09,35.5405,0,0.0319913,3.13684e+08,0,1.34218e+08,1.58608e+09
"UmbraBloom_Nonpart_AVX512_4/MTCount/175/48/1/100000000/100000000/10/iterations:5/manual_time",5,36.4319,3.31909,ms,,,,,,9.11227e+07,5094.72,1.13679e+08,22232.4,1.21484e+08,1.34218e+08,10.7374,442361,6.0962e+09,36.4319,0,0.0319913,3.1496e+08,0,1.34218e+08,1.61512e+09
"UmbraBloom_Nonpart_AVX512_4/MTCount/200/48/1/100000000/100000000/10/iterations:5/manual_time",5,36.5236,3.15141,ms,,,,,,9.11346e+07,5365.42,1.13773e+08,22889.7,1.2137e+08,1.34218e+08,10.7374,426531,6.0643e+09,36.5236,0,0.0319913,3.12876e+08,0,1.34218e+08,1.6067e+09
"UmbraBloom_Nonpart_AVX512_4/MTCount/225/48/1/100000000/100000000/10/iterations:5/manual_time",5,36.2233,2.9822,ms,,,,,,9.10622e+07,3927.52,1.13756e+08,22966,1.21355e+08,1.34218e+08,10.7374,407783,6.01155e+09,36.2233,0,0.0319913,3.15831e+08,0,1.34218e+08,1.59303e+09
"UmbraBloom_Nonpart_AVX512_4/MTCount/250/48/1/100000000/100000000/10/iterations:5/manual_time",5,35.8737,3.013,ms,,,,,,9.10757e+07,5110.08,1.13645e+08,22398.9,1.21429e+08,1.34218e+08,10.7374,423110,6.1062e+09,35.8737,0,0.0319913,3.13144e+08,0,1.34218e+08,1.61789e+09
"UmbraBloom_Nonpart_AVX512_4/MTCount/275/48/1/100000000/100000000/10/iterations:5/manual_time",5,39.2059,3.0381,ms,,,,,,9.55869e+07,6975.67,1.13865e+08,22803.1,1.42916e+08,2.68435e+08,21.4748,467687,6.69451e+09,39.2059,0,0.00748705,3.14615e+08,0,2.68435e+08,1.77344e+09
"UmbraBloom_Nonpart_AVX512_4/MTCount/300/48/1/100000000/100000000/10/iterations:5/manual_time",5,37.6825,3.01648,ms,,,,,,9.56864e+07,7231.95,1.13825e+08,22202.2,1.42996e+08,2.68435e+08,21.4748,449443,6.43618e+09,37.6825,0,0.00748705,3.13353e+08,0,2.68435e+08,1.70518e+09
"UmbraBloom_Nonpart_AVX512_4/MTCount/325/48/1/100000000/100000000/10/iterations:5/manual_time",5,38.9725,3.04728,ms,,,,,,9.55821e+07,7106.28,1.13866e+08,22862.2,1.42969e+08,2.68435e+08,21.4748,450103,6.67016e+09,38.9725,0,0.00748705,3.14999e+08,0,2.68435e+08,1.767e+09
"UmbraBloom_Nonpart_AVX512_4/MTCount/350/48/1/100000000/100000000/10/iterations:5/manual_time",5,39.2448,2.99278,ms,,,,,,9.55289e+07,6810.64,1.13773e+08,22693.5,1.42954e+08,2.68435e+08,21.4748,461103,6.67227e+09,39.2448,0,0.00748705,3.14333e+08,0,2.68435e+08,1.7677e+09
"UmbraBloom_Nonpart_AVX512_4/MTCount/375/48/1/100000000/100000000/10/iterations:5/manual_time",5,39.034,2.97199,ms,,,,,,9.55808e+07,6670.33,1.13851e+08,23124.3,1.42867e+08,2.68435e+08,21.4748,454482,6.69247e+09,39.034,0,0.00748705,3.14523e+08,0,2.68435e+08,1.77299e+09
"UmbraBloom_Nonpart_AVX512_4/MTCount/400/48/1/100000000/100000000/10/iterations:5/manual_time",5,39.263,3.32683,ms,,,,,,9.56203e+07,6908.82,1.13933e+08,21393.8,1.43002e+08,2.68435e+08,21.4748,477024,6.67107e+09,39.263,0,0.00748705,3.12406e+08,0,2.68435e+08,1.76719e+09
"UmbraBloom_Nonpart_AVX512_4/MTCount/425/48/1/100000000/100000000/10/iterations:5/manual_time",5,39.3871,3.27898,ms,,,,,,9.56292e+07,6921.12,1.1396e+08,21800.4,1.42843e+08,2.68435e+08,21.4748,476871,6.69251e+09,39.3871,0,0.00748705,3.13035e+08,0,2.68435e+08,1.77288e+09
"UmbraBloom_Nonpart_AVX512_4/MTCount/450/48/1/100000000/100000000/10/iterations:5/manual_time",5,38.7911,3.04941,ms,,,,,,9.57593e+07,5872.57,1.13613e+08,20952.2,1.43237e+08,2.68435e+08,21.4748,454871,6.52321e+09,38.7911,0,0.00748705,3.14464e+08,0,2.68435e+08,1.72836e+09
"UmbraBloom_Nonpart_AVX512_4/MTCount/475/48/1/100000000/100000000/10/iterations:5/manual_time",5,39.6101,3.06872,ms,,,,,,9.56034e+07,5661.35,1.1375e+08,22202.7,1.43099e+08,2.68435e+08,21.4748,454727,6.61421e+09,39.6101,0,0.00748705,3.14094e+08,0,2.68435e+08,1.75256e+09
"UmbraBloom_Nonpart_AVX512_4/MTCount/500/48/1/100000000/100000000/10/iterations:5/manual_time",5,39.6086,3.24154,ms,,,,,,9.5725e+07,6689.42,1.13716e+08,21389,1.43216e+08,2.68435e+08,21.4748,504159,6.57985e+09,39.6086,0,0.00748705,3.12466e+08,0,2.68435e+08,1.7433e+09
"UmbraBloom_Nonpart_AVX512_4/MTCount/525/48/1/100000000/100000000/10/iterations:5/manual_time",5,39.5123,3.317,ms,,,,,,9.55851e+07,6072.84,1.13825e+08,21798.5,1.43151e+08,2.68435e+08,21.4748,484580,6.62456e+09,39.5123,0,0.00748705,3.13798e+08,0,2.68435e+08,1.7551e+09
"UmbraBloom_Nonpart_AVX512_4/MTCount/550/48/1/100000000/100000000/10/iterations:5/manual_time",5,40.5414,3.19976,ms,,,,,,9.81123e+07,6044.44,1.13879e+08,19615.3,1.69634e+08,5.36871e+08,42.9497,516594,6.81251e+09,40.5414,0,0.00183606,3.1588e+08,0,5.36871e+08,1.80495e+09
"UmbraBloom_Nonpart_AVX512_4/MTCount/575/48/1/100000000/100000000/10/iterations:5/manual_time",5,42.149,3.20976,ms,,,,,,9.82014e+07,5361.69,1.13832e+08,19307.4,1.69946e+08,5.36871e+08,42.9497,517470,7.13725e+09,42.149,0,0.00183606,3.16203e+08,0,5.36871e+08,1.89099e+09
"UmbraBloom_Nonpart_AVX512_4/MTCount/600/48/1/100000000/100000000/10/iterations:5/manual_time",5,40.6087,2.50659,ms,,,,,,9.80665e+07,5027.73,1.1375e+08,20148.9,1.69723e+08,5.36871e+08,42.9497,463140,6.82411e+09,40.6087,0,0.00183606,3.17159e+08,0,5.36871e+08,1.8084e+09
"UmbraBloom_Nonpart_AVX512_4/MTCount/625/48/1/100000000/100000000/10/iterations:5/manual_time",5,39.951,3.28076,ms,,,,,,9.80839e+07,5968.39,1.13892e+08,20326.3,1.69584e+08,5.36871e+08,42.9497,511960,6.78941e+09,39.951,0,0.00183606,3.14032e+08,0,5.36871e+08,1.79858e+09
"UmbraBloom_Nonpart_AVX512_4/MTCount/650/48/1/100000000/100000000/10/iterations:5/manual_time",5,40.3246,2.79506,ms,,,,,,9.80969e+07,5379.9,1.13672e+08,20050,1.69857e+08,5.36871e+08,42.9497,467648,6.84774e+09,40.3246,0,0.00183606,3.1564e+08,0,5.36871e+08,1.81438e+09
