name,iterations,real_time,cpu_time,time_unit,bytes_per_second,items_per_second,label,error_occurred,error_message,"DTLB-misses","ITLB-misses","L1D-misses","L1I-misses","LLC-misses","avg_size","bits","branch-misses","cycles","duration","failures","instructions","retries","size","task-clock"
"InitialiseData_8/Construct/150/1/1/1000000/0/0/iterations:5/manual_time",5,5.54801,12.5532,ms,,,,,,58,27.8468,1.06716e+06,1905.4,-nan,1.50001e+06,12.0001,-nan,2.35994e+07,5.54801,0,4.39422e+07,0,1.50001e+06,5.56122e+06
"Bloom_Blocked32_8/Construct/150/1/1/1000000/0/0/iterations:5/manual_time",5,5.37133,5.44179,ms,,,,,,47.2,19.2755,1.06688e+06,1720,-nan,1.50001e+06,12.0001,-nan,2.40626e+07,5.37133,0,4.4044e+07,0,1.50001e+06,5.38269e+06
"BSD_Bloom_Blocked32_8/Construct/150/1/1/1000000/0/0/iterations:5/manual_time",5,8.63203,8.70188,ms,,,,,,38.6,16.7316,1.06739e+06,2094.2,-nan,1.5e+06,12,-nan,3.77143e+07,8.63203,0,4.88241e+07,0,1.5e+06,8.6431e+06
"Bloom_Grouped2_8/Construct/150/1/1/1000000/0/0/iterations:5/manual_time",5,6.45591,6.52583,ms,,,,,,51.4,14.8407,1.46294e+06,1758.8,-nan,1.50003e+06,12.0003,-nan,2.88539e+07,6.45591,0,5.10188e+07,0,1.50003e+06,6.46725e+06
"BSD_Bloom_Grouped2_8/Construct/150/1/1/1000000/0/0/iterations:5/manual_time",5,6.49352,6.56112,ms,,,,,,44.2,13.7477,1.56226e+06,1914.8,-nan,1.50003e+06,12.0003,-nan,2.87166e+07,6.49351,0,5.09707e+07,0,1.50003e+06,6.50262e+06
"Bloom_Blocked512_8/Construct/150/1/1/1000000/0/0/iterations:5/manual_time",5,9.62574,9.69509,ms,,,,,,57.8,10.1809,2.32863e+06,2199.2,-nan,1.50003e+06,12.0003,-nan,4.19397e+07,9.62574,0,6.7833e+07,0,1.50003e+06,9.63693e+06
"BSD_Bloom_Blocked512_8/Construct/150/1/1/1000000/0/0/iterations:5/manual_time",5,38.333,38.4,ms,,,,,,67.2801,24.9518,2.04702e+06,6023.32,144.568,1.50003e+06,12.0003,466.542,1.71479e+08,38.333,0,1.08162e+08,0,1.50003e+06,3.83408e+07
