name,iterations,real_time,cpu_time,time_unit,bytes_per_second,items_per_second,label,error_occurred,error_message,"DTLB-misses","ITLB-misses","L1D-misses","L1I-misses","LLC-misses","avg_size","bits","branch-misses","cycles","duration","failures","fpr","instructions","retries","size","task-clock"
"InitialiseData_8/Count/150/1/1/1000000/100000000/10/iterations:5/manual_time",5,439.09,439.21,ms,,,,,,835.399,143.113,1.27577e+08,43051.4,6.25954e+06,1.50003e+06,12.0003,4286,1.70832e+09,439.09,0,0.00415477,6.63062e+08,0,1.50003e+06,4.39088e+08
"Bloom_Blocked512_8/Count/150/1/1/1000000/100000000/10/iterations:5/manual_time",5,438.866,438.951,ms,,,,,,2385.74,383.705,1.27598e+08,48181.1,6.1715e+06,1.50003e+06,12.0003,4302.37,1.70865e+09,438.866,0,0.00415477,6.63167e+08,0,1.50003e+06,4.38869e+08
"BSD_Bloom_Blocked512_8/Count/150/1/1/1000000/100000000/10/iterations:5/manual_time",5,452.542,452.513,ms,,,,,,60707.4,20805.1,1.07192e+08,105585,6.336e+06,1.50003e+06,12.0003,1.32643e+06,1.7618e+09,452.542,0,0.00413483,8.41231e+08,0,1.50003e+06,4.52535e+08
"Bloom_Blocked32_8/Count/150/1/1/1000000/100000000/10/iterations:5/manual_time",5,259.464,259.55,ms,,,,,,1521.15,104.856,1.0437e+08,31461.1,6.22379e+06,1.50003e+06,12.0003,2525.53,1.00961e+09,259.464,0,0.0251296,3.69496e+08,0,1.50003e+06,2.59467e+08
"BSD_Bloom_Blocked32_8/Count/150/1/1/1000000/100000000/10/iterations:5/manual_time",5,272.478,272.565,ms,,,,,,75927.7,37222.6,1.08069e+08,62883.4,6.355e+06,1.5e+06,12,942971,1.06067e+09,272.478,0,0.0254301,4.72886e+08,0,1.5e+06,2.72482e+08
"Bloom_Grouped2_8/Count/150/1/1/1000000/100000000/10/iterations:5/manual_time",5,298.245,298.342,ms,,,,,,4462.65,185.547,1.04617e+08,27689.6,6.23643e+06,1.50003e+06,12.0003,306518,1.16085e+09,298.245,0,0.00736792,4.5458e+08,0,1.50003e+06,2.98257e+08
"BSD_Bloom_Grouped2_8/Count/150/1/1/1000000/100000000/10/iterations:5/manual_time",5,303.938,304.022,ms,,,,,,6603.63,83.9701,1.04498e+08,36688.9,6.18558e+06,1.50003e+06,12.0003,3197.68,1.18297e+09,303.938,0,0.0073326,5.25339e+08,0,1.50003e+06,3.0394e+08
