name,iterations,real_time,cpu_time,time_unit,bytes_per_second,items_per_second,label,error_occurred,error_message,"DTLB-misses","ITLB-misses","L1D-misses","L1I-misses","LLC-misses","avg_size","bits","branch-misses","cycles","duration","failures","instructions","retries","size","task-clock"
"InitialiseData_8/Construct/105/1/1/1000000/0/0/iterations:5/manual_time",5,6.06053,13.2619,ms,,,,,,159.579,3.87958,1.19791e+06,5764.05,47062.2,2.09715e+06,16.7772,88257.3,2.69338e+07,6.06053,0,3.14893e+07,0,2.09715e+06,6.0434e+06
"Efficient_Cuckoo_Standard4_Scalar_8/Construct/105/1/1/1000000/0/0/iterations:5/manual_time",5,14.1416,14.1673,ms,,,,,,900.859,7.07021,1.32883e+06,12586.1,1698.21,2.09715e+06,16.7772,786902,6.2221e+07,14.1416,0,4.36118e+07,0,2.09715e+06,1.40859e+07
"Cuckoo_Standard4_Scalar_8/Construct/105/1/1/1000000/0/0/iterations:5/manual_time",5,5.70038,5.75264,ms,,,,,,124.923,3.04141,1.21637e+06,5196.22,1538.39,2.09715e+06,16.7772,89835.4,2.51516e+07,5.70038,0,3.14609e+07,0,2.09715e+06,5.68487e+06
"AMD_Morton_Standard3_Scalar_8/Construct/101/1/1/1000000/0/0/iterations:5/manual_time",5,30.7463,30.7216,ms,,,,,,361.641,85.582,1.71501e+06,26628.6,3610.57,1.40525e+06,11.242,884566,1.36639e+08,30.7463,0,2.2835e+08,0,1.40525e+06,3.06205e+07
"Morton_Standard3_Scalar_8/Construct/140/1/1/1000000/0/0/iterations:5/manual_time",5,27.8996,27.8815,ms,,,,,,618.024,647.991,1.40057e+06,24630.1,1530.74,1.40006e+06,11.2005,953566,1.23657e+08,27.8996,0,1.43485e+08,0,1.40006e+06,2.77817e+07
