name,iterations,real_time,cpu_time,time_unit,bytes_per_second,items_per_second,label,error_occurred,error_message,"DTLB-misses","ITLB-misses","L1D-misses","L1I-misses","LLC-misses","avg_size","bits","branch-misses","cycles","duration","failures","fpr","instructions","retries","size","task-clock"
"InitialiseData_8/Count/105/1/1/1000000/100000000/10/iterations:5/manual_time",5,613.765,612.03,ms,,,,,,11378.3,549.438,2.21878e+08,413764,1.2518e+07,2.09715e+06,16.7772,29466.9,2.71822e+09,613.765,0,0.0180635,3.00514e+09,0,2.09715e+06,6.1127e+08
"Efficient_Cuckoo_Standard4_Scalar_8/Count/105/1/1/1000000/100000000/10/iterations:5/manual_time",5,625.736,623.986,ms,,,,,,9119.45,294.556,2.22294e+08,420939,1.24675e+07,2.09715e+06,16.7772,29387.3,2.78195e+09,625.736,0,0.0149146,3.50561e+09,0,2.09715e+06,6.23261e+08
"Cuckoo_Standard4_Scalar_8/Count/105/1/1/1000000/100000000/10/iterations:5/manual_time",5,613.276,611.563,ms,,,,,,12579.8,796.812,2.21863e+08,435573,1.24577e+07,2.09715e+06,16.7772,28659.1,2.7262e+09,613.276,0,0.0180635,3.00618e+09,0,2.09715e+06,6.10849e+08
"AMD_Morton_Standard3_Scalar_8/Count/101/1/1/1000000/100000000/10/iterations:5/manual_time",5,2196.39,2189.61,ms,,,,,,96468.1,1070.1,1.43874e+08,1.61129e+06,1.25206e+07,1.40525e+06,11.242,1.11926e+08,9.73952e+09,2196.39,0,0.00348257,9.8891e+09,0,1.40525e+06,2.18674e+09
"Morton_Standard3_Scalar_8/Count/140/1/1/1000000/100000000/10/iterations:5/manual_time",5,2047.28,2041.5,ms,,,,,,71325.5,544.531,2.63155e+08,1.48651e+06,1.24753e+07,1.40006e+06,11.2005,3.80418e+07,9.0852e+09,2047.28,0,0.00391073,1.10546e+10,0,1.40006e+06,2.03889e+09
